cimento,fck,fcj,ac,slump,dmax,agua,consumo_cimento,consumo_brita,consumo_areia,ar_incorporado,teor_argamassa
CP II 32,10,16.6,0.68,70,9.5,160,235,893,1103.2,2,60
CP II 32,10,16.6,0.68,80,9.5,165,243,887,1089,2,60
CP II 32,10,16.6,0.68,90,9.5,170,250,883,1073.73,2,60
CP II 32,10,16.6,0.68,100,9.5,175,257,877.67,1059.75,2,60
CP II 32,10,16.6,0.68,110,9.5,180,265,872.67,1044.59,2,60
CP II 32,10,16.6,0.68,120,9.5,185,272,867.67,1030.28,2,60
CP II 32,10,16.6,0.68,130,9.5,190,279,862.67,1015.98,2,60
CP II 32,10,16.6,0.68,140,9.5,195,287,857.67,1000.82,2,60
CP II 32,10,16.6,0.68,70,12.5,148,217,905,1138.55,2,60
CP II 32,10,16.6,0.68,80,12.5,155,228,898,1117.5,2,60
CP II 32,10,16.6,0.68,90,12.5,161,236,891,1101.63,2,60
CP II 32,10,16.6,0.68,100,12.5,167,245,886,1083,2,60
CP II 32,10,16.6,0.68,110,12.5,173,254,879,1066.28,2,60
CP II 32,10,16.6,0.68,120,12.5,180,264,872,1046.08,2,60
CP II 32,10,16.6,0.68,130,12.5,186,273,866,1028.4,2,60
CP II 32,10,16.6,0.68,140,12.5,192,282,862,1008.81,2,60
CP II 32,10,16.6,0.68,70,19,142,209,910,1156.34,2,60
CP II 32,10,16.6,0.68,80,19,149,219,904,1135.18,2,60
CP II 32,10,16.6,0.68,90,19,156,229,896,1115.94,2,60
CP II 32,10,16.6,0.68,100,19,163,240,889.33,1094.57,2,60
CP II 32,10,16.6,0.68,110,19,169,249,884,1076.26,2,60
CP II 32,10,16.6,0.68,120,19,176,259,877,1056.06,2,60
CP II 32,10,16.6,0.68,130,19,183,269,870,1035.86,2,60
CP II 32,10,16.6,0.68,140,19,190,279,863,1015.66,2,60
CP II 32,10,16.6,0.68,70,25,133,196,920,1181.47,2,60
CP II 32,10,16.6,0.68,80,25,140,206,912,1162.23,2,60
CP II 32,10,16.6,0.68,90,25,148,218,904,1138.66,2,60
CP II 32,10,16.6,0.68,100,25,155,228,898,1117.5,2,60
CP II 32,10,16.6,0.68,110,25,163,240,890,1093.93,2,60
CP II 32,10,16.6,0.68,120,25,170,250,882,1074.69,2,60
CP II 32,10,16.6,0.68,130,25,178,262,874,1051.12,2,60
CP II 32,10,16.6,0.68,140,25,185,272,868,1029.97,2,60
CP II 32,10,16.6,0.68,70,9.5,160,235,915,1082.16,2,59
CP II 32,10,16.6,0.68,80,9.5,165,243,910,1067,2,59
CP II 32,10,16.6,0.68,90,9.5,170,250,905,1052.69,2,59
CP II 32,10,16.6,0.68,100,9.5,175,257,900,1038.39,2,59
CP II 32,10,16.6,0.68,110,9.5,180,265,895,1023.23,2,59
CP II 32,10,16.6,0.68,120,9.5,185,272,890,1008.93,2,59
CP II 32,10,16.6,0.68,130,9.5,190,279,885,994.62,2,59
CP II 32,10,16.6,0.68,140,9.5,195,287,880,979.46,2,59
CP II 32,10,16.6,0.68,70,12.5,148,217,928,1116.55,2,59
CP II 32,10,16.6,0.68,80,12.5,155,228,920,1096.46,2,59
CP II 32,10,16.6,0.68,90,12.5,161,236,914,1079.63,2,59
CP II 32,10,16.6,0.68,100,12.5,167,245,909,1061,2,59
CP II 32,10,16.6,0.68,110,12.5,173,254,902,1044.28,2,59
CP II 32,10,16.6,0.68,120,12.5,180,264,896,1023.12,2,59
CP II 32,10,16.6,0.68,130,12.5,186,273,888,1007.36,2,59
CP II 32,10,16.6,0.68,140,12.5,192,282,882,989.68,2,59
CP II 32,10,16.6,0.68,70,19,142,209,934,1133.38,2,59
CP II 32,10,16.6,0.68,80,19,149,219,926,1114.14,2,59
CP II 32,10,16.6,0.68,90,19,156,229,920,1092.98,2,59
CP II 32,10,16.6,0.68,100,19,163,240,912.67,1072.26,2,59
CP II 32,10,16.6,0.68,110,19,169,249,905.67,1055.53,2,59
CP II 32,10,16.6,0.68,120,19,176,259,898.67,1035.34,2,59
CP II 32,10,16.6,0.68,130,19,183,269,891.67,1015.14,2,59
CP II 32,10,16.6,0.68,140,19,190,279,884.67,994.94,2,59
CP II 32,10,16.6,0.68,70,25,133,196,942,1160.43,2,59
CP II 32,10,16.6,0.68,80,25,140,206,936,1139.28,2,59
CP II 32,10,16.6,0.68,90,25,148,218,928,1115.71,2,59
CP II 32,10,16.6,0.68,100,25,155,228,921.33,1095.19,2,59
CP II 32,10,16.6,0.68,110,25,163,240,913,1071.94,2,59
CP II 32,10,16.6,0.68,120,25,170,250,905,1052.69,2,59
CP II 32,10,16.6,0.68,130,25,178,262,898,1028.17,2,59
CP II 32,10,16.6,0.68,140,25,185,272,890,1008.93,2,59
CP II 32,10,16.6,0.68,70,9.5,160,235,938,1060.16,2,58
CP II 32,10,16.6,0.68,80,9.5,165,243,932,1045.96,2,58
CP II 32,10,16.6,0.68,90,9.5,170,250,928,1030.7,2,58
CP II 32,10,16.6,0.68,100,9.5,175,257,922.67,1016.71,2,58
CP II 32,10,16.6,0.68,110,9.5,180,265,917.67,1001.55,2,58
CP II 32,10,16.6,0.68,120,9.5,185,272,912.67,987.25,2,58
CP II 32,10,16.6,0.68,130,9.5,190,279,907.67,972.94,2,58
CP II 32,10,16.6,0.68,140,9.5,195,287,902.67,957.79,2,58
CP II 32,10,16.6,0.68,70,12.5,148,217,951,1094.56,2,58
CP II 32,10,16.6,0.68,80,12.5,155,228,942,1075.42,2,58
CP II 32,10,16.6,0.68,90,12.5,161,236,936,1058.59,2,58
CP II 32,10,16.6,0.68,100,12.5,167,245,930,1040.92,2,58
CP II 32,10,16.6,0.68,110,12.5,173,254,924,1023.24,2,58
CP II 32,10,16.6,0.68,120,12.5,180,264,917,1003.04,2,58
CP II 32,10,16.6,0.68,130,12.5,186,273,912,984.41,2,58
CP II 32,10,16.6,0.68,140,12.5,192,282,905,967.69,2,58
CP II 32,10,16.6,0.68,70,19,142,209,957,1111.39,2,58
CP II 32,10,16.6,0.68,80,19,149,219,950,1091.19,2,58
CP II 32,10,16.6,0.68,90,19,156,229,942,1071.94,2,58
CP II 32,10,16.6,0.68,100,19,163,240,934.67,1051.22,2,58
CP II 32,10,16.6,0.68,110,19,169,249,929,1033.22,2,58
CP II 32,10,16.6,0.68,120,19,176,259,922,1013.02,2,58
CP II 32,10,16.6,0.68,130,19,183,269,914,993.78,2,58
CP II 32,10,16.6,0.68,140,19,190,279,907,973.58,2,58
CP II 32,10,16.6,0.68,70,25,133,196,965,1138.44,2,58
CP II 32,10,16.6,0.68,80,25,140,206,958,1118.24,2,58
CP II 32,10,16.6,0.68,90,25,148,218,950,1094.67,2,58
CP II 32,10,16.6,0.68,100,25,155,228,942.67,1074.79,2,58
CP II 32,10,16.6,0.68,110,25,163,240,935.17,1050.74,2,58
CP II 32,10,16.6,0.68,120,25,170,250,927.67,1031.02,2,58
CP II 32,10,16.6,0.68,130,25,178,262,920.17,1006.97,2,58
CP II 32,10,16.6,0.68,140,25,185,272,912.67,987.25,2,58
CP II 32,10,16.6,0.68,70,9.5,160,235,961,1038.16,2,57
CP II 32,10,16.6,0.68,80,9.5,165,243,955,1023.96,2,57
CP II 32,10,16.6,0.68,90,9.5,170,250,950,1009.66,2,57
CP II 32,10,16.6,0.68,100,9.5,175,257,944.33,995.99,2,57
CP II 32,10,16.6,0.68,110,9.5,180,265,938.83,981.31,2,57
CP II 32,10,16.6,0.68,120,9.5,185,272,933.33,967.48,2,57
CP II 32,10,16.6,0.68,130,9.5,190,279,930,951.58,2,57
CP II 32,10,16.6,0.68,140,9.5,195,287,924,937.38,2,57
CP II 32,10,16.6,0.68,70,12.5,148,217,973,1073.52,2,57
CP II 32,10,16.6,0.68,80,12.5,155,228,967,1051.51,2,57
CP II 32,10,16.6,0.68,90,12.5,161,236,960,1035.64,2,57
CP II 32,10,16.6,0.68,100,12.5,167,245,953.67,1018.28,2,57
CP II 32,10,16.6,0.68,110,12.5,173,254,947.17,1001.08,2,57
CP II 32,10,16.6,0.68,120,12.5,180,264,940.67,980.41,2,57
CP II 32,10,16.6,0.68,130,12.5,186,273,934.17,963.21,2,57
CP II 32,10,16.6,0.68,140,12.5,192,282,927.67,946.01,2,57
CP II 32,10,16.6,0.68,70,19,142,209,980,1089.39,2,57
CP II 32,10,16.6,0.68,80,19,149,219,973,1069.19,2,57
CP II 32,10,16.6,0.68,90,19,156,229,965,1049.95,2,57
CP II 32,10,16.6,0.68,100,19,163,240,957.67,1029.22,2,57
CP II 32,10,16.6,0.68,110,19,169,249,950.17,1012.98,2,57
CP II 32,10,16.6,0.68,120,19,176,259,944,991.98,2,57
CP II 32,10,16.6,0.68,130,19,183,269,937,971.78,2,57
CP II 32,10,16.6,0.68,140,19,190,279,930,951.58,2,57
CP II 32,10,16.6,0.68,70,25,133,196,990,1114.53,2,57
CP II 32,10,16.6,0.68,80,25,140,206,982,1095.28,2,57
CP II 32,10,16.6,0.68,90,25,148,218,974,1071.71,2,57
CP II 32,10,16.6,0.68,100,25,155,228,966,1052.47,2,57
CP II 32,10,16.6,0.68,110,25,163,240,958,1028.9,2,57
CP II 32,10,16.6,0.68,120,25,170,250,950,1009.66,2,57
CP II 32,10,16.6,0.68,130,25,178,262,942,986.09,2,57
CP II 32,10,16.6,0.68,140,25,185,272,934,966.85,2,57
CP II 32,10,16.6,0.68,70,9.5,160,235,984,1016.17,2,56
CP II 32,10,16.6,0.68,80,9.5,165,243,977,1002.92,2,56
CP II 32,10,16.6,0.68,90,9.5,170,250,972,988.62,2,56
CP II 32,10,16.6,0.68,100,9.5,175,257,968,973.35,2,56
CP II 32,10,16.6,0.68,110,9.5,180,265,962,959.16,2,56
CP II 32,10,16.6,0.68,120,9.5,185,272,956,945.81,2,56
CP II 32,10,16.6,0.68,130,9.5,190,279,951,931.5,2,56
CP II 32,10,16.6,0.68,140,9.5,195,287,945,917.3,2,56
CP II 32,10,16.6,0.68,70,12.5,148,217,997,1050.57,2,56
CP II 32,10,16.6,0.68,80,12.5,155,228,988,1031.43,2,56
CP II 32,10,16.6,0.68,90,12.5,161,236,983,1013.65,2,56
CP II 32,10,16.6,0.68,100,12.5,167,245,975.33,997.56,2,56
CP II 32,10,16.6,0.68,110,12.5,173,254,968.33,980.84,2,56
CP II 32,10,16.6,0.68,120,12.5,180,264,961.33,960.64,2,56
CP II 32,10,16.6,0.68,130,12.5,186,273,954.33,943.92,2,56
CP II 32,10,16.6,0.68,140,12.5,192,282,948,926.56,2,56
CP II 32,10,16.6,0.68,70,19,142,209,1003,1067.39,2,56
CP II 32,10,16.6,0.68,80,19,149,219,995,1048.15,2,56
CP II 32,10,16.6,0.68,90,19,156,229,987,1028.91,2,56
CP II 32,10,16.6,0.68,100,19,163,240,981,1006.9,2,56
CP II 32,10,16.6,0.68,110,19,169,249,973,991.14,2,56
CP II 32,10,16.6,0.68,120,19,176,259,966,970.94,2,56
CP II 32,10,16.6,0.68,130,19,183,269,958,951.7,2,56
CP II 32,10,16.6,0.68,140,19,190,279,950,932.45,2,56
CP II 32,10,16.6,0.68,70,25,133,196,1013,1092.53,2,56
CP II 32,10,16.6,0.68,80,25,140,206,1005,1073.29,2,56
CP II 32,10,16.6,0.68,90,25,148,218,997,1049.72,2,56
CP II 32,10,16.6,0.68,100,25,155,228,989,1030.47,2,56
CP II 32,10,16.6,0.68,110,25,163,240,981,1006.9,2,56
CP II 32,10,16.6,0.68,120,25,170,250,973,987.66,2,56
CP II 32,10,16.6,0.68,130,25,178,262,965,964.09,2,56
CP II 32,10,16.6,0.68,140,25,185,272,957,944.85,2,56
CP II 32,10,16.6,0.68,70,9.5,160,235,1006,995.13,2,55
CP II 32,10,16.6,0.68,80,9.5,165,243,1000,980.93,2,55
CP II 32,10,16.6,0.68,90,9.5,170,250,995,966.62,2,55
CP II 32,10,16.6,0.68,100,9.5,175,257,989.33,952.95,2,55
CP II 32,10,16.6,0.68,110,9.5,180,265,983.83,938.27,2,55
CP II 32,10,16.6,0.68,120,9.5,185,272,978.33,924.45,2,55
CP II 32,10,16.6,0.68,130,9.5,190,279,972.83,910.62,2,55
CP II 32,10,16.6,0.68,140,9.5,195,287,967.33,895.94,2,55
CP II 32,10,16.6,0.68,70,12.5,148,217,1020,1028.57,2,55
CP II 32,10,16.6,0.68,80,12.5,155,228,1012,1008.48,2,55
CP II 32,10,16.6,0.68,90,12.5,161,236,1004,993.56,2,55
CP II 32,10,16.6,0.68,100,12.5,167,245,998,975.88,2,55
CP II 32,10,16.6,0.68,110,12.5,173,254,993,957.25,2,55
CP II 32,10,16.6,0.68,120,12.5,180,264,985,938.01,2,55
CP II 32,10,16.6,0.68,130,12.5,186,273,978,921.29,2,55
CP II 32,10,16.6,0.68,140,12.5,192,282,970,905.52,2,55
CP II 32,10,16.6,0.68,70,19,142,209,1026,1045.4,2,55
CP II 32,10,16.6,0.68,80,19,149,219,1018,1026.16,2,55
CP II 32,10,16.6,0.68,90,19,156,229,1010,1006.91,2,55
CP II 32,10,16.6,0.68,100,19,163,240,1002,986.82,2,55
CP II 32,10,16.6,0.68,110,19,169,249,996,969.14,2,55
CP II 32,10,16.6,0.68,120,19,176,259,989,948.94,2,55
CP II 32,10,16.6,0.68,130,19,183,269,981,929.7,2,55
CP II 32,10,16.6,0.68,140,19,190,279,974,909.5,2,55
CP II 32,10,16.6,0.68,70,25,133,196,1035,1071.49,2,55
CP II 32,10,16.6,0.68,80,25,140,206,1028,1051.29,2,55
CP II 32,10,16.6,0.68,90,25,148,218,1020,1027.72,2,55
CP II 32,10,16.6,0.68,100,25,155,228,1012.67,1007.84,2,55
CP II 32,10,16.6,0.68,110,25,163,240,1003,985.86,2,55
CP II 32,10,16.6,0.68,120,25,170,250,995,966.62,2,55
CP II 32,10,16.6,0.68,130,25,178,262,987,943.05,2,55
CP II 32,10,16.6,0.68,140,25,185,272,978,924.77,2,55
CP II 32,10,16.6,0.68,70,9.5,160,235,1030,972.17,2,54
CP II 32,10,16.6,0.68,80,9.5,165,243,1023,958.93,2,54
CP II 32,10,16.6,0.68,90,9.5,170,250,1017,945.58,2,54
CP II 32,10,16.6,0.68,100,9.5,175,257,1012,931.27,2,54
CP II 32,10,16.6,0.68,110,9.5,180,265,1006,917.08,2,54
CP II 32,10,16.6,0.68,120,9.5,185,272,1000,903.73,2,54
CP II 32,10,16.6,0.68,130,9.5,190,279,995,889.42,2,54
CP II 32,10,16.6,0.68,140,9.5,195,287,990,874.26,2,54
CP II 32,10,16.6,0.68,70,12.5,148,217,1043,1006.57,2,54
CP II 32,10,16.6,0.68,80,12.5,155,228,1035,986.48,2,54
CP II 32,10,16.6,0.68,90,12.5,161,236,1027,971.57,2,54
CP II 32,10,16.6,0.68,100,12.5,167,245,1021,953.89,2,54
CP II 32,10,16.6,0.68,110,12.5,173,254,1015,936.21,2,54
CP II 32,10,16.6,0.68,120,12.5,180,264,1006,917.92,2,54
CP II 32,10,16.6,0.68,130,12.5,186,273,999,901.2,2,54
CP II 32,10,16.6,0.68,140,12.5,192,282,992,884.48,2,54
CP II 32,10,16.6,0.68,70,19,142,209,1050,1022.45,2,54
CP II 32,10,16.6,0.68,80,19,149,219,1041,1004.16,2,54
CP II 32,10,16.6,0.68,90,19,156,229,1033,984.92,2,54
CP II 32,10,16.6,0.68,100,19,163,240,1026,963.87,2,54
CP II 32,10,16.6,0.68,110,19,169,249,1018,948.1,2,54
CP II 32,10,16.6,0.68,120,19,176,259,1010,928.86,2,54
CP II 32,10,16.6,0.68,130,19,183,269,1002,909.62,2,54
CP II 32,10,16.6,0.68,140,19,190,279,995,889.42,2,54
CP II 32,10,16.6,0.68,70,25,133,196,1060,1047.58,2,54
CP II 32,10,16.6,0.68,80,25,140,206,1052,1028.34,2,54
CP II 32,10,16.6,0.68,90,25,148,218,1042,1006.68,2,54
CP II 32,10,16.6,0.68,100,25,155,228,1035,986.48,2,54
CP II 32,10,16.6,0.68,110,25,163,240,1026,963.87,2,54
CP II 32,10,16.6,0.68,120,25,170,250,1017,945.58,2,54
CP II 32,10,16.6,0.68,130,25,178,262,1008,922.97,2,54
CP II 32,10,16.6,0.68,140,25,185,272,1000,903.73,2,54
CP II 32,10,16.6,0.68,70,9.5,160,235,1053,950.18,2,53
CP II 32,10,16.6,0.68,80,9.5,165,243,1046,936.94,2,53
CP II 32,10,16.6,0.68,90,9.5,170,250,1040,923.59,2,53
CP II 32,10,16.6,0.68,100,9.5,175,257,1035,909.28,2,53
CP II 32,10,16.6,0.68,110,9.5,180,265,1029,895.08,2,53
CP II 32,10,16.6,0.68,120,9.5,185,272,1022,882.69,2,53
CP II 32,10,16.6,0.68,130,9.5,190,279,1017,868.38,2,53
CP II 32,10,16.6,0.68,140,9.5,195,287,1011,854.18,2,53
CP II 32,10,16.6,0.68,70,12.5,148,217,1066,984.58,2,53
CP II 32,10,16.6,0.68,80,12.5,155,228,1057,965.44,2,53
CP II 32,10,16.6,0.68,90,12.5,161,236,1050,949.57,2,53
CP II 32,10,16.6,0.68,100,12.5,167,245,1044,931.89,2,53
CP II 32,10,16.6,0.68,110,12.5,173,254,1036,916.13,2,53
CP II 32,10,16.6,0.68,120,12.5,180,264,1028,896.88,2,53
CP II 32,10,16.6,0.68,130,12.5,186,273,1021,880.16,2,53
CP II 32,10,16.6,0.68,140,12.5,192,282,1014,863.44,2,53
CP II 32,10,16.6,0.68,70,19,142,209,1073,1000.45,2,53
CP II 32,10,16.6,0.68,80,19,149,219,1065,981.21,2,53
CP II 32,10,16.6,0.68,90,19,156,229,1056,962.92,2,53
CP II 32,10,16.6,0.68,100,19,163,240,1047.67,943.15,2,53
CP II 32,10,16.6,0.68,110,19,169,249,1041,926.11,2,53
CP II 32,10,16.6,0.68,120,19,176,259,1033,906.86,2,53
CP II 32,10,16.6,0.68,130,19,183,269,1025,887.62,2,53
CP II 32,10,16.6,0.68,140,19,190,279,1017,868.38,2,53
CP II 32,10,16.6,0.68,70,25,133,196,1084,1024.63,2,53
CP II 32,10,16.6,0.68,80,25,140,206,1074,1007.3,2,53
CP II 32,10,16.6,0.68,90,25,148,218,1066,983.73,2,53
CP II 32,10,16.6,0.68,100,25,155,228,1056.67,965.76,2,53
CP II 32,10,16.6,0.68,110,25,163,240,1047.67,943.15,2,53
CP II 32,10,16.6,0.68,120,25,170,250,1040,923.59,2,53
CP II 32,10,16.6,0.68,130,25,178,262,1032,900.02,2,53
CP II 32,10,16.6,0.68,140,25,185,272,1022,882.69,2,53
CP II 32,10,16.6,0.68,70,9.5,160,235,1075,929.14,2,52
CP II 32,10,16.6,0.68,80,9.5,165,243,1068,915.9,2,52
CP II 32,10,16.6,0.68,90,9.5,170,250,1062,902.55,2,52
CP II 32,10,16.6,0.68,100,9.5,175,257,1057,888.24,2,52
CP II 32,10,16.6,0.68,110,9.5,180,265,1051,874.04,2,52
CP II 32,10,16.6,0.68,120,9.5,185,272,1045,860.69,2,52
CP II 32,10,16.6,0.68,130,9.5,190,279,1039,847.34,2,52
CP II 32,10,16.6,0.68,140,9.5,195,287,1034,832.18,2,52
CP II 32,10,16.6,0.68,70,12.5,148,217,1090,961.62,2,52
CP II 32,10,16.6,0.68,80,12.5,155,228,1080,943.45,2,52
CP II 32,10,16.6,0.68,90,12.5,161,236,1073,927.57,2,52
CP II 32,10,16.6,0.68,100,12.5,167,245,1066,910.85,2,52
CP II 32,10,16.6,0.68,110,12.5,173,254,1060,893.17,2,52
CP II 32,10,16.6,0.68,120,12.5,180,264,1052,873.93,2,52
CP II 32,10,16.6,0.68,130,12.5,186,273,1044,858.17,2,52
CP II 32,10,16.6,0.68,140,12.5,192,282,1036,842.4,2,52
CP II 32,10,16.6,0.68,70,19,142,209,1096,978.45,2,52
CP II 32,10,16.6,0.68,80,19,149,219,1087,960.17,2,52
CP II 32,10,16.6,0.68,90,19,156,229,1079,940.92,2,52
CP II 32,10,16.6,0.68,100,19,163,240,1070.33,921.47,2,52
CP II 32,10,16.6,0.68,110,19,169,249,1064,904.11,2,52
CP II 32,10,16.6,0.68,120,19,176,259,1055,885.82,2,52
CP II 32,10,16.6,0.68,130,19,183,269,1047,866.58,2,52
CP II 32,10,16.6,0.68,140,19,190,279,1039,847.34,2,52
CP II 32,10,16.6,0.68,70,25,133,196,1106,1003.59,2,52
CP II 32,10,16.6,0.68,80,25,140,206,1098,984.34,2,52
CP II 32,10,16.6,0.68,90,25,148,218,1088,962.69,2,52
CP II 32,10,16.6,0.68,100,25,155,228,1080,943.45,2,52
CP II 32,10,16.6,0.68,110,25,163,240,1070.33,921.47,2,52
CP II 32,10,16.6,0.68,120,25,170,250,1063,901.59,2,52
CP II 32,10,16.6,0.68,130,25,178,262,1054,878.98,2,52
CP II 32,10,16.6,0.68,140,25,185,272,1045,860.69,2,52
CP II 32,10,16.6,0.68,70,9.5,160,235,1098,907.14,2,51
CP II 32,10,16.6,0.68,80,9.5,165,243,1092,892.94,2,51
CP II 32,10,16.6,0.68,90,9.5,170,250,1085,880.55,2,51
CP II 32,10,16.6,0.68,100,9.5,175,257,1078.67,867.52,2,51
CP II 32,10,16.6,0.68,110,9.5,180,265,1073,853,2,51
CP II 32,10,16.6,0.68,120,9.5,185,272,1068,838.69,2,51
CP II 32,10,16.6,0.68,130,9.5,190,279,1061,826.3,2,51
CP II 32,10,16.6,0.68,140,9.5,195,287,1055,812.1,2,51
CP II 32,10,16.6,0.68,70,12.5,148,217,1111,941.54,2,51
CP II 32,10,16.6,0.68,80,12.5,155,228,1103,921.45,2,51
CP II 32,10,16.6,0.68,90,12.5,161,236,1097,904.62,2,51
CP II 32,10,16.6,0.68,100,12.5,167,245,1089.67,888.22,2,51
CP II 32,10,16.6,0.68,110,12.5,173,254,1082.67,871.5,2,51
CP II 32,10,16.6,0.68,120,12.5,180,264,1074,852.89,2,51
CP II 32,10,16.6,0.68,130,12.5,186,273,1067,836.17,2,51
CP II 32,10,16.6,0.68,140,12.5,192,282,1060,819.45,2,51
CP II 32,10,16.6,0.68,70,19,142,209,1120,955.5,2,51
CP II 32,10,16.6,0.68,80,19,149,219,1110,938.17,2,51
CP II 32,10,16.6,0.68,90,19,156,229,1102,918.93,2,51
CP II 32,10,16.6,0.68,100,19,163,240,1095,897.88,2,51
CP II 32,10,16.6,0.68,110,19,169,249,1086,883.07,2,51
CP II 32,10,16.6,0.68,120,19,176,259,1078,863.83,2,51
CP II 32,10,16.6,0.68,130,19,183,269,1069,845.54,2,51
CP II 32,10,16.6,0.68,140,19,190,279,1061,826.3,2,51
CP II 32,10,16.6,0.68,70,25,133,196,1131,979.68,2,51
CP II 32,10,16.6,0.68,80,25,140,206,1122,961.39,2,51
CP II 32,10,16.6,0.68,90,25,148,218,1113,938.78,2,51
CP II 32,10,16.6,0.68,100,25,155,228,1104,920.49,2,51
CP II 32,10,16.6,0.68,110,25,163,240,1095,897.88,2,51
CP II 32,10,16.6,0.68,120,25,170,250,1086,879.59,2,51
CP II 32,10,16.6,0.68,130,25,178,262,1077,856.98,2,51
CP II 32,10,16.6,0.68,140,25,185,272,1068,838.69,2,51
CP II 32,10,16.6,0.68,70,9.5,160,235,1120,886.1,2,50
CP II 32,10,16.6,0.68,80,9.5,165,243,1114,871.9,2,50
CP II 32,10,16.6,0.68,90,9.5,170,250,1108,858.55,2,50
CP II 32,10,16.6,0.68,100,9.5,175,257,1102,845.2,2,50
CP II 32,10,16.6,0.68,110,9.5,180,265,1096,831,2,50
CP II 32,10,16.6,0.68,120,9.5,185,272,1090,817.65,2,50
CP II 32,10,16.6,0.68,130,9.5,190,279,1084,804.3,2,50
CP II 32,10,16.6,0.68,140,9.5,195,287,1078,790.1,2,50
CP II 32,10,16.6,0.68,70,12.5,148,217,1136,917.63,2,50
CP II 32,10,16.6,0.68,80,12.5,155,228,1127,898.5,2,50
CP II 32,10,16.6,0.68,90,12.5,161,236,1120,882.62,2,50
CP II 32,10,16.6,0.68,100,12.5,167,245,1112,866.86,2,50
CP II 32,10,16.6,0.68,110,12.5,173,254,1104,851.09,2,50
CP II 32,10,16.6,0.68,120,12.5,180,264,1097,830.89,2,50
CP II 32,10,16.6,0.68,130,12.5,186,273,1088,816.09,2,50
CP II 32,10,16.6,0.68,140,12.5,192,282,1082,798.41,2,50
CP II 32,10,16.6,0.68,70,19,142,209,1143,933.5,2,50
CP II 32,10,16.6,0.68,80,19,149,219,1135,914.26,2,50
CP II 32,10,16.6,0.68,90,19,156,229,1126,895.97,2,50
CP II 32,10,16.6,0.68,100,19,163,240,1117.67,876.2,2,50
CP II 32,10,16.6,0.68,110,19,169,249,1109.17,860.91,2,50
CP II 32,10,16.6,0.68,120,19,176,259,1100.67,842.15,2,50
CP II 32,10,16.6,0.68,130,19,183,269,1092.17,823.39,2,50
CP II 32,10,16.6,0.68,140,19,190,279,1083.67,804.62,2,50
CP II 32,10,16.6,0.68,70,25,133,196,1153,958.64,2,50
CP II 32,10,16.6,0.68,80,25,140,206,1145,939.4,2,50
CP II 32,10,16.6,0.68,90,25,148,218,1136,916.78,2,50
CP II 32,10,16.6,0.68,100,25,155,228,1127.67,897.86,2,50
CP II 32,10,16.6,0.68,110,25,163,240,1118,875.88,2,50
CP II 32,10,16.6,0.68,120,25,170,250,1108,858.55,2,50
CP II 32,10,16.6,0.68,130,25,178,262,1098,836.9,2,50
CP II 32,10,16.6,0.68,140,25,185,272,1090,817.65,2,50
CP II 32,10,16.6,0.68,70,9.5,160,235,1143,864.11,2,49
CP II 32,10,16.6,0.68,80,9.5,165,243,1138,848.95,2,49
CP II 32,10,16.6,0.68,90,9.5,170,250,1131,836.56,2,49
CP II 32,10,16.6,0.68,100,9.5,175,257,1125.33,822.89,2,49
CP II 32,10,16.6,0.68,110,9.5,180,265,1119.33,808.69,2,49
CP II 32,10,16.6,0.68,120,9.5,185,272,1111,797.57,2,49
CP II 32,10,16.6,0.68,130,9.5,190,279,1105,784.22,2,49
CP II 32,10,16.6,0.68,140,9.5,195,287,1099,770.02,2,49
CP II 32,10,16.6,0.68,70,12.5,148,217,1158,896.59,2,49
CP II 32,10,16.6,0.68,80,12.5,155,228,1150,876.5,2,49
CP II 32,10,16.6,0.68,90,12.5,161,236,1142,861.58,2,49
CP II 32,10,16.6,0.68,100,12.5,167,245,1134,845.82,2,49
CP II 32,10,16.6,0.68,110,12.5,173,254,1128,828.14,2,49
CP II 32,10,16.6,0.68,120,12.5,180,264,1118,810.81,2,49
CP II 32,10,16.6,0.68,130,12.5,186,273,1110,795.05,2,49
CP II 32,10,16.6,0.68,140,12.5,192,282,1104,777.37,2,49
CP II 32,10,16.6,0.68,70,19,142,209,1165,912.46,2,49
CP II 32,10,16.6,0.68,80,19,149,219,1158,892.26,2,49
CP II 32,10,16.6,0.68,90,19,156,229,1148,874.93,2,49
CP II 32,10,16.6,0.68,100,19,163,240,1140,854.84,2,49
CP II 32,10,16.6,0.68,110,19,169,249,1131.5,839.56,2,49
CP II 32,10,16.6,0.68,120,19,176,259,1123,820.79,2,49
CP II 32,10,16.6,0.68,130,19,183,269,1114.5,802.03,2,49
CP II 32,10,16.6,0.68,140,19,190,279,1106,783.26,2,49
CP II 32,10,16.6,0.68,70,25,133,196,1177,935.69,2,49
CP II 32,10,16.6,0.68,80,25,140,206,1169,916.44,2,49
CP II 32,10,16.6,0.68,90,25,148,218,1158,895.74,2,49
CP II 32,10,16.6,0.68,100,25,155,228,1149,877.46,2,49
CP II 32,10,16.6,0.68,110,25,163,240,1139.5,855.32,2,49
CP II 32,10,16.6,0.68,120,25,170,250,1130,837.51,2,49
CP II 32,10,16.6,0.68,130,25,178,262,1120.5,815.38,2,49
CP II 32,10,16.6,0.68,140,25,185,272,1111,797.57,2,49
CP II 32,10,16.6,0.68,70,9.5,160,235,1167,841.15,2,48
CP II 32,10,16.6,0.68,80,9.5,165,243,1160,827.91,2,48
CP II 32,10,16.6,0.68,90,9.5,170,250,1153,815.52,2,48
CP II 32,10,16.6,0.68,100,9.5,175,257,1148,801.21,2,48
CP II 32,10,16.6,0.68,110,9.5,180,265,1141,787.97,2,48
CP II 32,10,16.6,0.68,120,9.5,185,272,1134,775.57,2,48
CP II 32,10,16.6,0.68,130,9.5,190,279,1127,763.18,2,48
CP II 32,10,16.6,0.68,140,9.5,195,287,1122,748.02,2,48
CP II 32,10,16.6,0.68,70,12.5,148,217,1182,873.64,2,48
CP II 32,10,16.6,0.68,80,12.5,155,228,1174,853.55,2,48
CP II 32,10,16.6,0.68,90,12.5,161,236,1164,840.54,2,48
CP II 32,10,16.6,0.68,100,12.5,167,245,1157,823.82,2,48
CP II 32,10,16.6,0.68,110,12.5,173,254,1149,808.06,2,48
CP II 32,10,16.6,0.68,120,12.5,180,264,1140,789.77,2,48
CP II 32,10,16.6,0.68,130,12.5,186,273,1132,774.01,2,48
CP II 32,10,16.6,0.68,140,12.5,192,282,1125,757.29,2,48
CP II 32,10,16.6,0.68,70,19,142,209,1190,888.55,2,48
CP II 32,10,16.6,0.68,80,19,149,219,1180,871.22,2,48
CP II 32,10,16.6,0.68,90,19,156,229,1172,851.98,2,48
CP II 32,10,16.6,0.68,100,19,163,240,1162.67,833.16,2,48
CP II 32,10,16.6,0.68,110,19,169,249,1156,816.13,2,48
CP II 32,10,16.6,0.68,120,19,176,259,1147,797.84,2,48
CP II 32,10,16.6,0.68,130,19,183,269,1138,779.55,2,48
CP II 32,10,16.6,0.68,140,19,190,279,1129,761.27,2,48
CP II 32,10,16.6,0.68,70,25,133,196,1200,913.69,2,48
CP II 32,10,16.6,0.68,80,25,140,206,1192,894.45,2,48
CP II 32,10,16.6,0.68,90,25,148,218,1182,872.79,2,48
CP II 32,10,16.6,0.68,100,25,155,228,1173.33,854.18,2,48
CP II 32,10,16.6,0.68,110,25,163,240,1162,833.8,2,48
CP II 32,10,16.6,0.68,120,25,170,250,1153,815.52,2,48
CP II 32,10,16.6,0.68,130,25,178,262,1144,792.9,2,48
CP II 32,10,16.6,0.68,140,25,185,272,1135,774.62,2,48
CP II 32,10,16.6,0.68,70,9.5,160,235,1189,820.11,2,47
CP II 32,10,16.6,0.68,80,9.5,165,243,1183,805.91,2,47
CP II 32,10,16.6,0.68,90,9.5,170,250,1177,792.56,2,47
CP II 32,10,16.6,0.68,100,9.5,175,257,1169,781.13,2,47
CP II 32,10,16.6,0.68,110,9.5,180,265,1163,766.93,2,47
CP II 32,10,16.6,0.68,120,9.5,185,272,1157,753.58,2,47
CP II 32,10,16.6,0.68,130,9.5,190,279,1151,740.23,2,47
CP II 32,10,16.6,0.68,140,9.5,195,287,1144,726.98,2,47
CP II 32,10,16.6,0.68,70,12.5,148,217,1204,852.6,2,47
CP II 32,10,16.6,0.68,80,12.5,155,228,1196,832.51,2,47
CP II 32,10,16.6,0.68,90,12.5,161,236,1188,817.59,2,47
CP II 32,10,16.6,0.68,100,12.5,167,245,1180,801.83,2,47
CP II 32,10,16.6,0.68,110,12.5,173,254,1172,786.06,2,47
CP II 32,10,16.6,0.68,120,12.5,180,264,1164,766.82,2,47
CP II 32,10,16.6,0.68,130,12.5,186,273,1156,751.05,2,47
CP II 32,10,16.6,0.68,140,12.5,192,282,1148,735.29,2,47
CP II 32,10,16.6,0.68,70,19,142,209,1212,867.51,2,47
CP II 32,10,16.6,0.68,80,19,149,219,1204,848.27,2,47
CP II 32,10,16.6,0.68,90,19,156,229,1194,830.94,2,47
CP II 32,10,16.6,0.68,100,19,163,240,1185.33,811.49,2,47
CP II 32,10,16.6,0.68,110,19,169,249,1178,795.09,2,47
CP II 32,10,16.6,0.68,120,19,176,259,1169,776.8,2,47
CP II 32,10,16.6,0.68,130,19,183,269,1158.33,760.11,2,47
CP II 32,10,16.6,0.68,140,19,190,279,1149.33,741.82,2,47
CP II 32,10,16.6,0.68,70,25,133,196,1224,890.74,2,47
CP II 32,10,16.6,0.68,80,25,140,206,1216,871.49,2,47
CP II 32,10,16.6,0.68,90,25,148,218,1206,849.84,2,47
CP II 32,10,16.6,0.68,100,25,155,228,1195,833.46,2,47
CP II 32,10,16.6,0.68,110,25,163,240,1186,810.85,2,47
CP II 32,10,16.6,0.68,120,25,170,250,1177,792.56,2,47
CP II 32,10,16.6,0.68,130,25,178,262,1165,772.82,2,47
CP II 32,10,16.6,0.68,140,25,185,272,1157,753.58,2,47
CP II 32,10,16.6,0.68,70,9.5,160,235,1212,798.12,2,46
CP II 32,10,16.6,0.68,80,9.5,165,243,1206,783.92,2,46
CP II 32,10,16.6,0.68,90,9.5,170,250,1200,770.57,2,46
CP II 32,10,16.6,0.68,100,9.5,175,257,1192,759.13,2,46
CP II 32,10,16.6,0.68,110,9.5,180,265,1186,744.93,2,46
CP II 32,10,16.6,0.68,120,9.5,185,272,1180,731.58,2,46
CP II 32,10,16.6,0.68,130,9.5,190,279,1172,720.14,2,46
CP II 32,10,16.6,0.68,140,9.5,195,287,1166,705.94,2,46
CP II 32,10,16.6,0.68,70,12.5,148,217,1228,829.65,2,46
CP II 32,10,16.6,0.68,80,12.5,155,228,1220,809.55,2,46
CP II 32,10,16.6,0.68,90,12.5,161,236,1212,794.64,2,46
CP II 32,10,16.6,0.68,100,12.5,167,245,1204,778.87,2,46
CP II 32,10,16.6,0.68,110,12.5,173,254,1196,763.11,2,46
CP II 32,10,16.6,0.68,120,12.5,180,264,1186,745.78,2,46
CP II 32,10,16.6,0.68,130,12.5,186,273,1178,730.01,2,46
CP II 32,10,16.6,0.68,140,12.5,192,282,1170,714.25,2,46
CP II 32,10,16.6,0.68,70,19,142,209,1236,844.56,2,46
CP II 32,10,16.6,0.68,80,19,149,219,1228,825.32,2,46
CP II 32,10,16.6,0.68,90,19,156,229,1218,807.99,2,46
CP II 32,10,16.6,0.68,100,19,163,240,1209.33,788.53,2,46
CP II 32,10,16.6,0.68,110,19,169,249,1200.33,773.73,2,46
CP II 32,10,16.6,0.68,120,19,176,259,1191.33,755.44,2,46
CP II 32,10,16.6,0.68,130,19,183,269,1182.33,737.15,2,46
CP II 32,10,16.6,0.68,140,19,190,279,1173.33,718.87,2,46
CP II 32,10,16.6,0.68,70,25,133,196,1248,867.78,2,46
CP II 32,10,16.6,0.68,80,25,140,206,1240,848.54,2,46
CP II 32,10,16.6,0.68,90,25,148,218,1228,828.8,2,46
CP II 32,10,16.6,0.68,100,25,155,228,1218.67,810.83,2,46
CP II 32,10,16.6,0.68,110,25,163,240,1208.67,789.17,2,46
CP II 32,10,16.6,0.68,120,25,170,250,1198.67,771.84,2,46
CP II 32,10,16.6,0.68,130,25,178,262,1188.67,750.19,2,46
CP II 32,10,16.6,0.68,140,25,185,272,1178.67,732.85,2,46
CP II 32,10,16.6,0.68,70,9.5,160,235,1236,775.16,2,45
CP II 32,10,16.6,0.68,80,9.5,165,243,1228,762.88,2,45
CP II 32,10,16.6,0.68,90,9.5,170,250,1222,749.53,2,45
CP II 32,10,16.6,0.68,100,9.5,175,257,1214.67,737.45,2,45
CP II 32,10,16.6,0.68,110,9.5,180,265,1207.67,724.21,2,45
CP II 32,10,16.6,0.68,120,9.5,185,272,1200.67,711.81,2,45
CP II 32,10,16.6,0.68,130,9.5,190,279,1193.67,699.42,2,45
CP II 32,10,16.6,0.68,140,9.5,195,287,1188,684.9,2,45
CP II 32,10,16.6,0.68,70,12.5,148,217,1252,806.69,2,45
CP II 32,10,16.6,0.68,80,12.5,155,228,1242,788.51,2,45
CP II 32,10,16.6,0.68,90,12.5,161,236,1234,773.6,2,45
CP II 32,10,16.6,0.68,100,12.5,167,245,1226,757.83,2,45
CP II 32,10,16.6,0.68,110,12.5,173,254,1218,742.07,2,45
CP II 32,10,16.6,0.68,120,12.5,180,264,1209,723.78,2,45
CP II 32,10,16.6,0.68,130,12.5,186,273,1200,708.97,2,45
CP II 32,10,16.6,0.68,140,12.5,192,282,1191,694.17,2,45
CP II 32,10,16.6,0.68,70,19,142,209,1259,822.57,2,45
CP II 32,10,16.6,0.68,80,19,149,219,1250,804.28,2,45
CP II 32,10,16.6,0.68,90,19,156,229,1241,785.99,2,45
CP II 32,10,16.6,0.68,100,19,163,240,1232,766.86,2,45
CP II 32,10,16.6,0.68,110,19,169,249,1223,752.05,2,45
CP II 32,10,16.6,0.68,120,19,176,259,1214,733.76,2,45
CP II 32,10,16.6,0.68,130,19,183,269,1205,715.48,2,45
CP II 32,10,16.6,0.68,140,19,190,279,1194,699.1,2,45
CP II 32,10,16.6,0.68,70,25,133,196,1272,844.83,2,45
CP II 32,10,16.6,0.68,80,25,140,206,1262,827.5,2,45
CP II 32,10,16.6,0.68,90,25,148,218,1252,805.84,2,45
CP II 32,10,16.6,0.68,100,25,155,228,1242,788.51,2,45
CP II 32,10,16.6,0.68,110,25,163,240,1232,766.86,2,45
CP II 32,10,16.6,0.68,120,25,170,250,1222,749.53,2,45
CP II 32,10,16.6,0.68,130,25,178,262,1212,727.87,2,45
CP II 32,10,16.6,0.68,140,25,185,272,1202,710.54,2,45
CP II 32,15,21.6,0.59,70,9.5,160,271.19,895,1070.58,2,60
CP II 32,15,21.6,0.59,80,9.5,165,279.66,889,1055.98,2,60
CP II 32,15,21.6,0.59,90,9.5,170,288.14,885,1039.47,2,60
CP II 32,15,21.6,0.59,100,9.5,175,296.61,879.67,1024.23,2,60
CP II 32,15,21.6,0.59,110,9.5,180,305.08,874.67,1008.67,2,60
CP II 32,15,21.6,0.59,120,9.5,185,313.56,869.67,993.11,2,60
CP II 32,15,21.6,0.59,130,9.5,190,322.03,864.67,977.55,2,60
CP II 32,15,21.6,0.59,140,9.5,195,330.51,859.67,962,2,60
CP II 32,15,21.6,0.59,70,12.5,148,250.85,907,1107.92,2,60
CP II 32,15,21.6,0.59,80,12.5,155,262.71,900,1086.14,2,60
CP II 32,15,21.6,0.59,90,12.5,161,272.88,893,1068.43,2,60
CP II 32,15,21.6,0.59,100,12.5,167,283.05,888,1048.8,2,60
CP II 32,15,21.6,0.59,110,12.5,173,293.22,881,1031.09,2,60
CP II 32,15,21.6,0.59,120,12.5,180,305.08,874,1009.31,2,60
CP II 32,15,21.6,0.59,130,12.5,186,315.25,868,990.64,2,60
CP II 32,15,21.6,0.59,140,12.5,192,325.42,864,970.06,2,60
CP II 32,15,21.6,0.59,70,19,142,240.68,912,1127.55,2,60
CP II 32,15,21.6,0.59,80,19,149,252.54,906,1104.81,2,60
CP II 32,15,21.6,0.59,90,19,156,264.41,898,1083.99,2,60
CP II 32,15,21.6,0.59,100,19,163,276.27,891.33,1061.89,2,60
CP II 32,15,21.6,0.59,110,19,169,286.44,886,1042.58,2,60
CP II 32,15,21.6,0.59,120,19,176,298.31,879,1020.8,2,60
CP II 32,15,21.6,0.59,130,19,183,310.17,872,999.02,2,60
CP II 32,15,21.6,0.59,140,19,190,322.03,865,977.24,2,60
CP II 32,15,21.6,0.59,70,25,133,225.42,922,1154.6,2,60
CP II 32,15,21.6,0.59,80,25,140,237.29,914,1133.77,2,60
CP II 32,15,21.6,0.59,90,25,148,250.85,906,1108.88,2,60
CP II 32,15,21.6,0.59,100,25,155,262.71,900,1086.14,2,60
CP II 32,15,21.6,0.59,110,25,163,276.27,892,1061.25,2,60
CP II 32,15,21.6,0.59,120,25,170,288.14,884,1040.42,2,60
CP II 32,15,21.6,0.59,130,25,178,301.69,876,1015.53,2,60
CP II 32,15,21.6,0.59,140,25,185,313.56,870,992.79,2,60
CP II 32,15,21.6,0.59,70,9.5,160,271.19,917,1049.54,2,59
CP II 32,15,21.6,0.59,80,9.5,165,279.66,912,1033.99,2,59
CP II 32,15,21.6,0.59,90,9.5,170,288.14,907,1018.43,2,59
CP II 32,15,21.6,0.59,100,9.5,175,296.61,902,1002.87,2,59
CP II 32,15,21.6,0.59,110,9.5,180,305.08,897,987.31,2,59
CP II 32,15,21.6,0.59,120,9.5,185,313.56,892,971.75,2,59
CP II 32,15,21.6,0.59,130,9.5,190,322.03,887,956.2,2,59
CP II 32,15,21.6,0.59,140,9.5,195,330.51,882,940.64,2,59
CP II 32,15,21.6,0.59,70,12.5,148,250.85,930,1085.93,2,59
CP II 32,15,21.6,0.59,80,12.5,155,262.71,922,1065.1,2,59
CP II 32,15,21.6,0.59,90,12.5,161,272.88,916,1046.43,2,59
CP II 32,15,21.6,0.59,100,12.5,167,283.05,911,1026.81,2,59
CP II 32,15,21.6,0.59,110,12.5,173,293.22,904,1009.09,2,59
CP II 32,15,21.6,0.59,120,12.5,180,305.08,898,986.36,2,59
CP II 32,15,21.6,0.59,130,12.5,186,315.25,890,969.6,2,59
CP II 32,15,21.6,0.59,140,12.5,192,325.42,884,950.93,2,59
CP II 32,15,21.6,0.59,70,19,142,240.68,936,1104.6,2,59
CP II 32,15,21.6,0.59,80,19,149,252.54,928,1083.77,2,59
CP II 32,15,21.6,0.59,90,19,156,264.41,922,1061.03,2,59
CP II 32,15,21.6,0.59,100,19,163,276.27,914.67,1039.57,2,59
CP II 32,15,21.6,0.59,110,19,169,286.44,907.67,1021.86,2,59
CP II 32,15,21.6,0.59,120,19,176,298.31,900.67,1000.08,2,59
CP II 32,15,21.6,0.59,130,19,183,310.17,893.67,978.3,2,59
CP II 32,15,21.6,0.59,140,19,190,322.03,886.67,956.51,2,59
CP II 32,15,21.6,0.59,70,25,133,225.42,944,1133.56,2,59
CP II 32,15,21.6,0.59,80,25,140,237.29,938,1110.82,2,59
CP II 32,15,21.6,0.59,90,25,148,250.85,930,1085.93,2,59
CP II 32,15,21.6,0.59,100,25,155,262.71,923.33,1063.83,2,59
CP II 32,15,21.6,0.59,110,25,163,276.27,915,1039.25,2,59
CP II 32,15,21.6,0.59,120,25,170,288.14,907,1018.43,2,59
CP II 32,15,21.6,0.59,130,25,178,301.69,900,992.58,2,59
CP II 32,15,21.6,0.59,140,25,185,313.56,892,971.75,2,59
CP II 32,15,21.6,0.59,70,9.5,160,271.19,940,1027.55,2,58
CP II 32,15,21.6,0.59,80,9.5,165,279.66,934,1012.95,2,58
CP II 32,15,21.6,0.59,90,9.5,170,288.14,930,996.43,2,58
CP II 32,15,21.6,0.59,100,9.5,175,296.61,924.67,981.19,2,58
CP II 32,15,21.6,0.59,110,9.5,180,305.08,919.67,965.63,2,58
CP II 32,15,21.6,0.59,120,9.5,185,313.56,914.67,950.08,2,58
CP II 32,15,21.6,0.59,130,9.5,190,322.03,909.67,934.52,2,58
CP II 32,15,21.6,0.59,140,9.5,195,330.51,904.67,918.96,2,58
CP II 32,15,21.6,0.59,70,12.5,148,250.85,953,1063.93,2,58
CP II 32,15,21.6,0.59,80,12.5,155,262.71,944,1044.06,2,58
CP II 32,15,21.6,0.59,90,12.5,161,272.88,938,1025.39,2,58
CP II 32,15,21.6,0.59,100,12.5,167,283.05,932,1006.72,2,58
CP II 32,15,21.6,0.59,110,12.5,173,293.22,926,988.05,2,58
CP II 32,15,21.6,0.59,120,12.5,180,305.08,919,966.27,2,58
CP II 32,15,21.6,0.59,130,12.5,186,315.25,914,946.65,2,58
CP II 32,15,21.6,0.59,140,12.5,192,325.42,907,928.93,2,58
CP II 32,15,21.6,0.59,70,19,142,240.68,959,1082.6,2,58
CP II 32,15,21.6,0.59,80,19,149,252.54,952,1060.82,2,58
CP II 32,15,21.6,0.59,90,19,156,264.41,944,1039.99,2,58
CP II 32,15,21.6,0.59,100,19,163,276.27,936.67,1018.53,2,58
CP II 32,15,21.6,0.59,110,19,169,286.44,931,999.54,2,58
CP II 32,15,21.6,0.59,120,19,176,298.31,924,977.76,2,58
CP II 32,15,21.6,0.59,130,19,183,310.17,916,956.94,2,58
CP II 32,15,21.6,0.59,140,19,190,322.03,909,935.16,2,58
CP II 32,15,21.6,0.59,70,25,133,225.42,967,1111.56,2,58
CP II 32,15,21.6,0.59,80,25,140,237.29,960,1089.78,2,58
CP II 32,15,21.6,0.59,90,25,148,250.85,952,1064.89,2,58
CP II 32,15,21.6,0.59,100,25,155,262.71,944.67,1043.42,2,58
CP II 32,15,21.6,0.59,110,25,163,276.27,937.17,1018.05,2,58
CP II 32,15,21.6,0.59,120,25,170,288.14,929.67,996.75,2,58
CP II 32,15,21.6,0.59,130,25,178,301.69,922.17,971.38,2,58
CP II 32,15,21.6,0.59,140,25,185,313.56,914.67,950.08,2,58
CP II 32,15,21.6,0.59,70,9.5,160,271.19,963,1005.55,2,57
CP II 32,15,21.6,0.59,80,9.5,165,279.66,957,990.95,2,57
CP II 32,15,21.6,0.59,90,9.5,170,288.14,952,975.39,2,57
CP II 32,15,21.6,0.59,100,9.5,175,296.61,946.33,960.47,2,57
CP II 32,15,21.6,0.59,110,9.5,180,305.08,940.83,945.39,2,57
CP II 32,15,21.6,0.59,120,9.5,185,313.56,935.33,930.31,2,57
CP II 32,15,21.6,0.59,130,9.5,190,322.03,932,913.16,2,57
CP II 32,15,21.6,0.59,140,9.5,195,330.51,926,898.56,2,57
CP II 32,15,21.6,0.59,70,12.5,148,250.85,975,1042.89,2,57
CP II 32,15,21.6,0.59,80,12.5,155,262.71,969,1020.15,2,57
CP II 32,15,21.6,0.59,90,12.5,161,272.88,962,1002.44,2,57
CP II 32,15,21.6,0.59,100,12.5,167,283.05,955.67,984.09,2,57
CP II 32,15,21.6,0.59,110,12.5,173,293.22,949.17,965.9,2,57
CP II 32,15,21.6,0.59,120,12.5,180,305.08,942.67,943.64,2,57
CP II 32,15,21.6,0.59,130,12.5,186,315.25,936.17,925.45,2,57
CP II 32,15,21.6,0.59,140,12.5,192,325.42,929.67,907.26,2,57
CP II 32,15,21.6,0.59,70,19,142,240.68,982,1060.6,2,57
CP II 32,15,21.6,0.59,80,19,149,252.54,975,1038.82,2,57
CP II 32,15,21.6,0.59,90,19,156,264.41,967,1018,2,57
CP II 32,15,21.6,0.59,100,19,163,276.27,959.67,996.53,2,57
CP II 32,15,21.6,0.59,110,19,169,286.44,952.17,979.3,2,57
CP II 32,15,21.6,0.59,120,19,176,298.31,946,956.72,2,57
CP II 32,15,21.6,0.59,130,19,183,310.17,939,934.94,2,57
CP II 32,15,21.6,0.59,140,19,190,322.03,932,913.16,2,57
CP II 32,15,21.6,0.59,70,25,133,225.42,992,1087.65,2,57
CP II 32,15,21.6,0.59,80,25,140,237.29,984,1066.83,2,57
CP II 32,15,21.6,0.59,90,25,148,250.85,976,1041.93,2,57
CP II 32,15,21.6,0.59,100,25,155,262.71,968,1021.11,2,57
CP II 32,15,21.6,0.59,110,25,163,276.27,960,996.22,2,57
CP II 32,15,21.6,0.59,120,25,170,288.14,952,975.39,2,57
CP II 32,15,21.6,0.59,130,25,178,301.69,944,950.5,2,57
CP II 32,15,21.6,0.59,140,25,185,313.56,936,929.67,2,57
CP II 32,15,21.6,0.59,70,9.5,160,271.19,986,983.55,2,56
CP II 32,15,21.6,0.59,80,9.5,165,279.66,979,969.91,2,56
CP II 32,15,21.6,0.59,90,9.5,170,288.14,974,954.35,2,56
CP II 32,15,21.6,0.59,100,9.5,175,296.61,970,937.84,2,56
CP II 32,15,21.6,0.59,110,9.5,180,305.08,964,923.24,2,56
CP II 32,15,21.6,0.59,120,9.5,185,313.56,958,908.63,2,56
CP II 32,15,21.6,0.59,130,9.5,190,322.03,953,893.08,2,56
CP II 32,15,21.6,0.59,140,9.5,195,330.51,947,878.47,2,56
CP II 32,15,21.6,0.59,70,12.5,148,250.85,999,1019.94,2,56
CP II 32,15,21.6,0.59,80,12.5,155,262.71,990,1000.07,2,56
CP II 32,15,21.6,0.59,90,12.5,161,272.88,985,980.44,2,56
CP II 32,15,21.6,0.59,100,12.5,167,283.05,977.33,963.37,2,56
CP II 32,15,21.6,0.59,110,12.5,173,293.22,970.33,945.65,2,56
CP II 32,15,21.6,0.59,120,12.5,180,305.08,963.33,923.87,2,56
CP II 32,15,21.6,0.59,130,12.5,186,315.25,956.33,906.16,2,56
CP II 32,15,21.6,0.59,140,12.5,192,325.42,950,887.81,2,56
CP II 32,15,21.6,0.59,70,19,142,240.68,1005,1038.61,2,56
CP II 32,15,21.6,0.59,80,19,149,252.54,997,1017.78,2,56
CP II 32,15,21.6,0.59,90,19,156,264.41,989,996.96,2,56
CP II 32,15,21.6,0.59,100,19,163,276.27,983,974.22,2,56
CP II 32,15,21.6,0.59,110,19,169,286.44,975,957.46,2,56
CP II 32,15,21.6,0.59,120,19,176,298.31,968,935.68,2,56
CP II 32,15,21.6,0.59,130,19,183,310.17,960,914.86,2,56
CP II 32,15,21.6,0.59,140,19,190,322.03,952,894.03,2,56
CP II 32,15,21.6,0.59,70,25,133,225.42,1015,1065.65,2,56
CP II 32,15,21.6,0.59,80,25,140,237.29,1007,1044.83,2,56
CP II 32,15,21.6,0.59,90,25,148,250.85,999,1019.94,2,56
CP II 32,15,21.6,0.59,100,25,155,262.71,991,999.11,2,56
CP II 32,15,21.6,0.59,110,25,163,276.27,983,974.22,2,56
CP II 32,15,21.6,0.59,120,25,170,288.14,975,953.39,2,56
CP II 32,15,21.6,0.59,130,25,178,301.69,967,928.5,2,56
CP II 32,15,21.6,0.59,140,25,185,313.56,959,907.68,2,56
CP II 32,15,21.6,0.59,70,9.5,160,271.19,1008,962.51,2,55
CP II 32,15,21.6,0.59,80,9.5,165,279.66,1002,947.91,2,55
CP II 32,15,21.6,0.59,90,9.5,170,288.14,997,932.35,2,55
CP II 32,15,21.6,0.59,100,9.5,175,296.61,991.33,917.43,2,55
CP II 32,15,21.6,0.59,110,9.5,180,305.08,985.83,902.35,2,55
CP II 32,15,21.6,0.59,120,9.5,185,313.56,980.33,887.28,2,55
CP II 32,15,21.6,0.59,130,9.5,190,322.03,974.83,872.2,2,55
CP II 32,15,21.6,0.59,140,9.5,195,330.51,969.33,857.12,2,55
CP II 32,15,21.6,0.59,70,12.5,148,250.85,1022,997.94,2,55
CP II 32,15,21.6,0.59,80,12.5,155,262.71,1014,977.12,2,55
CP II 32,15,21.6,0.59,90,12.5,161,272.88,1006,960.36,2,55
CP II 32,15,21.6,0.59,100,12.5,167,283.05,1000,941.69,2,55
CP II 32,15,21.6,0.59,110,12.5,173,293.22,995,922.06,2,55
CP II 32,15,21.6,0.59,120,12.5,180,305.08,987,901.24,2,55
CP II 32,15,21.6,0.59,130,12.5,186,315.25,980,883.53,2,55
CP II 32,15,21.6,0.59,140,12.5,192,325.42,972,866.77,2,55
CP II 32,15,21.6,0.59,70,19,142,240.68,1028,1016.61,2,55
CP II 32,15,21.6,0.59,80,19,149,252.54,1020,995.79,2,55
CP II 32,15,21.6,0.59,90,19,156,264.41,1012,974.96,2,55
CP II 32,15,21.6,0.59,100,19,163,276.27,1004,954.14,2,55
CP II 32,15,21.6,0.59,110,19,169,286.44,998,935.47,2,55
CP II 32,15,21.6,0.59,120,19,176,298.31,991,913.69,2,55
CP II 32,15,21.6,0.59,130,19,183,310.17,983,892.86,2,55
CP II 32,15,21.6,0.59,140,19,190,322.03,976,871.08,2,55
CP II 32,15,21.6,0.59,70,25,133,225.42,1037,1044.61,2,55
CP II 32,15,21.6,0.59,80,25,140,237.29,1030,1022.83,2,55
CP II 32,15,21.6,0.59,90,25,148,250.85,1022,997.94,2,55
CP II 32,15,21.6,0.59,100,25,155,262.71,1014.67,976.48,2,55
CP II 32,15,21.6,0.59,110,25,163,276.27,1005,953.18,2,55
CP II 32,15,21.6,0.59,120,25,170,288.14,997,932.35,2,55
CP II 32,15,21.6,0.59,130,25,178,301.69,989,907.46,2,55
CP II 32,15,21.6,0.59,140,25,185,313.56,980,887.59,2,55
CP II 32,15,21.6,0.59,70,9.5,160,271.19,1032,939.56,2,54
CP II 32,15,21.6,0.59,80,9.5,165,279.66,1025,925.92,2,54
CP II 32,15,21.6,0.59,90,9.5,170,288.14,1019,911.31,2,54
CP II 32,15,21.6,0.59,100,9.5,175,296.61,1014,895.76,2,54
CP II 32,15,21.6,0.59,110,9.5,180,305.08,1008,881.16,2,54
CP II 32,15,21.6,0.59,120,9.5,185,313.56,1002,866.55,2,54
CP II 32,15,21.6,0.59,130,9.5,190,322.03,997,851,2,54
CP II 32,15,21.6,0.59,140,9.5,195,330.51,992,835.44,2,54
CP II 32,15,21.6,0.59,70,12.5,148,250.85,1045,975.94,2,54
CP II 32,15,21.6,0.59,80,12.5,155,262.71,1037,955.12,2,54
CP II 32,15,21.6,0.59,90,12.5,161,272.88,1029,938.36,2,54
CP II 32,15,21.6,0.59,100,12.5,167,283.05,1023,919.69,2,54
CP II 32,15,21.6,0.59,110,12.5,173,293.22,1017,901.02,2,54
CP II 32,15,21.6,0.59,120,12.5,180,305.08,1008,881.16,2,54
CP II 32,15,21.6,0.59,130,12.5,186,315.25,1001,863.44,2,54
CP II 32,15,21.6,0.59,140,12.5,192,325.42,994,845.73,2,54
CP II 32,15,21.6,0.59,70,19,142,240.68,1052,993.66,2,54
CP II 32,15,21.6,0.59,80,19,149,252.54,1043,973.79,2,54
CP II 32,15,21.6,0.59,90,19,156,264.41,1035,952.96,2,54
CP II 32,15,21.6,0.59,100,19,163,276.27,1028,931.18,2,54
CP II 32,15,21.6,0.59,110,19,169,286.44,1020,914.43,2,54
CP II 32,15,21.6,0.59,120,19,176,298.31,1012,893.6,2,54
CP II 32,15,21.6,0.59,130,19,183,310.17,1004,872.78,2,54
CP II 32,15,21.6,0.59,140,19,190,322.03,997,851,2,54
CP II 32,15,21.6,0.59,70,25,133,225.42,1062,1020.71,2,54
CP II 32,15,21.6,0.59,80,25,140,237.29,1054,999.88,2,54
CP II 32,15,21.6,0.59,90,25,148,250.85,1044,976.9,2,54
CP II 32,15,21.6,0.59,100,25,155,262.71,1037,955.12,2,54
CP II 32,15,21.6,0.59,110,25,163,276.27,1028,931.18,2,54
CP II 32,15,21.6,0.59,120,25,170,288.14,1019,911.31,2,54
CP II 32,15,21.6,0.59,130,25,178,301.69,1010,887.38,2,54
CP II 32,15,21.6,0.59,140,25,185,313.56,1002,866.55,2,54
CP II 32,15,21.6,0.59,70,9.5,160,271.19,1055,917.57,2,53
CP II 32,15,21.6,0.59,80,9.5,165,279.66,1048,903.92,2,53
CP II 32,15,21.6,0.59,90,9.5,170,288.14,1042,889.32,2,53
CP II 32,15,21.6,0.59,100,9.5,175,296.61,1037,873.76,2,53
CP II 32,15,21.6,0.59,110,9.5,180,305.08,1031,859.16,2,53
CP II 32,15,21.6,0.59,120,9.5,185,313.56,1024,845.51,2,53
CP II 32,15,21.6,0.59,130,9.5,190,322.03,1019,829.96,2,53
CP II 32,15,21.6,0.59,140,9.5,195,330.51,1013,815.35,2,53
CP II 32,15,21.6,0.59,70,12.5,148,250.85,1068,953.95,2,53
CP II 32,15,21.6,0.59,80,12.5,155,262.71,1059,934.08,2,53
CP II 32,15,21.6,0.59,90,12.5,161,272.88,1052,916.37,2,53
CP II 32,15,21.6,0.59,100,12.5,167,283.05,1046,897.7,2,53
CP II 32,15,21.6,0.59,110,12.5,173,293.22,1038,880.94,2,53
CP II 32,15,21.6,0.59,120,12.5,180,305.08,1030,860.12,2,53
CP II 32,15,21.6,0.59,130,12.5,186,315.25,1023,842.4,2,53
CP II 32,15,21.6,0.59,140,12.5,192,325.42,1016,824.69,2,53
CP II 32,15,21.6,0.59,70,19,142,240.68,1075,971.66,2,53
CP II 32,15,21.6,0.59,80,19,149,252.54,1067,950.84,2,53
CP II 32,15,21.6,0.59,90,19,156,264.41,1058,930.97,2,53
CP II 32,15,21.6,0.59,100,19,163,276.27,1049.67,910.46,2,53
CP II 32,15,21.6,0.59,110,19,169,286.44,1043,892.43,2,53
CP II 32,15,21.6,0.59,120,19,176,298.31,1035,871.61,2,53
CP II 32,15,21.6,0.59,130,19,183,310.17,1027,850.78,2,53
CP II 32,15,21.6,0.59,140,19,190,322.03,1019,829.96,2,53
CP II 32,15,21.6,0.59,70,25,133,225.42,1086,997.75,2,53
CP II 32,15,21.6,0.59,80,25,140,237.29,1076,978.84,2,53
CP II 32,15,21.6,0.59,90,25,148,250.85,1068,953.95,2,53
CP II 32,15,21.6,0.59,100,25,155,262.71,1058.67,934.4,2,53
CP II 32,15,21.6,0.59,110,25,163,276.27,1049.67,910.46,2,53
CP II 32,15,21.6,0.59,120,25,170,288.14,1042,889.32,2,53
CP II 32,15,21.6,0.59,130,25,178,301.69,1034,864.43,2,53
CP II 32,15,21.6,0.59,140,25,185,313.56,1024,845.51,2,53
CP II 32,15,21.6,0.59,70,9.5,160,271.19,1077,896.53,2,52
CP II 32,15,21.6,0.59,80,9.5,165,279.66,1070,882.88,2,52
CP II 32,15,21.6,0.59,90,9.5,170,288.14,1064,868.28,2,52
CP II 32,15,21.6,0.59,100,9.5,175,296.61,1059,852.72,2,52
CP II 32,15,21.6,0.59,110,9.5,180,305.08,1053,838.12,2,52
CP II 32,15,21.6,0.59,120,9.5,185,313.56,1047,823.52,2,52
CP II 32,15,21.6,0.59,130,9.5,190,322.03,1041,808.92,2,52
CP II 32,15,21.6,0.59,140,9.5,195,330.51,1036,793.36,2,52
CP II 32,15,21.6,0.59,70,12.5,148,250.85,1092,931,2,52
CP II 32,15,21.6,0.59,80,12.5,155,262.71,1082,912.08,2,52
CP II 32,15,21.6,0.59,90,12.5,161,272.88,1075,894.37,2,52
CP II 32,15,21.6,0.59,100,12.5,167,283.05,1068,876.66,2,52
CP II 32,15,21.6,0.59,110,12.5,173,293.22,1062,857.99,2,52
CP II 32,15,21.6,0.59,120,12.5,180,305.08,1054,837.16,2,52
CP II 32,15,21.6,0.59,130,12.5,186,315.25,1046,820.41,2,52
CP II 32,15,21.6,0.59,140,12.5,192,325.42,1038,803.65,2,52
CP II 32,15,21.6,0.59,70,19,142,240.68,1098,949.66,2,52
CP II 32,15,21.6,0.59,80,19,149,252.54,1089,929.8,2,52
CP II 32,15,21.6,0.59,90,19,156,264.41,1081,908.97,2,52
CP II 32,15,21.6,0.59,100,19,163,276.27,1072.33,888.78,2,52
CP II 32,15,21.6,0.59,110,19,169,286.44,1066,870.43,2,52
CP II 32,15,21.6,0.59,120,19,176,298.31,1057,850.57,2,52
CP II 32,15,21.6,0.59,130,19,183,310.17,1049,829.74,2,52
CP II 32,15,21.6,0.59,140,19,190,322.03,1041,808.92,2,52
CP II 32,15,21.6,0.59,70,25,133,225.42,1108,976.71,2,52
CP II 32,15,21.6,0.59,80,25,140,237.29,1100,955.89,2,52
CP II 32,15,21.6,0.59,90,25,148,250.85,1090,932.91,2,52
CP II 32,15,21.6,0.59,100,25,155,262.71,1082,912.08,2,52
CP II 32,15,21.6,0.59,110,25,163,276.27,1072.33,888.78,2,52
CP II 32,15,21.6,0.59,120,25,170,288.14,1065,867.32,2,52
CP II 32,15,21.6,0.59,130,25,178,301.69,1056,843.39,2,52
CP II 32,15,21.6,0.59,140,25,185,313.56,1047,823.52,2,52
CP II 32,15,21.6,0.59,70,9.5,160,271.19,1100,874.53,2,51
CP II 32,15,21.6,0.59,80,9.5,165,279.66,1094,859.93,2,51
CP II 32,15,21.6,0.59,90,9.5,170,288.14,1087,846.28,2,51
CP II 32,15,21.6,0.59,100,9.5,175,296.61,1080.67,832,2,51
CP II 32,15,21.6,0.59,110,9.5,180,305.08,1075,817.08,2,51
CP II 32,15,21.6,0.59,120,9.5,185,313.56,1070,801.52,2,51
CP II 32,15,21.6,0.59,130,9.5,190,322.03,1063,787.88,2,51
CP II 32,15,21.6,0.59,140,9.5,195,330.51,1057,773.27,2,51
CP II 32,15,21.6,0.59,70,12.5,148,250.85,1113,910.91,2,51
CP II 32,15,21.6,0.59,80,12.5,155,262.71,1105,890.09,2,51
CP II 32,15,21.6,0.59,90,12.5,161,272.88,1099,871.42,2,51
CP II 32,15,21.6,0.59,100,12.5,167,283.05,1091.67,854.02,2,51
CP II 32,15,21.6,0.59,110,12.5,173,293.22,1084.67,836.31,2,51
CP II 32,15,21.6,0.59,120,12.5,180,305.08,1076,816.12,2,51
CP II 32,15,21.6,0.59,130,12.5,186,315.25,1069,798.41,2,51
CP II 32,15,21.6,0.59,140,12.5,192,325.42,1062,780.7,2,51
CP II 32,15,21.6,0.59,70,19,142,240.68,1122,926.71,2,51
CP II 32,15,21.6,0.59,80,19,149,252.54,1112,907.8,2,51
CP II 32,15,21.6,0.59,90,19,156,264.41,1104,886.98,2,51
CP II 32,15,21.6,0.59,100,19,163,276.27,1097,865.19,2,51
CP II 32,15,21.6,0.59,110,19,169,286.44,1088,849.39,2,51
CP II 32,15,21.6,0.59,120,19,176,298.31,1080,828.57,2,51
CP II 32,15,21.6,0.59,130,19,183,310.17,1071,808.7,2,51
CP II 32,15,21.6,0.59,140,19,190,322.03,1063,787.88,2,51
CP II 32,15,21.6,0.59,70,25,133,225.42,1133,952.8,2,51
CP II 32,15,21.6,0.59,80,25,140,237.29,1124,932.94,2,51
CP II 32,15,21.6,0.59,90,25,148,250.85,1115,909,2,51
CP II 32,15,21.6,0.59,100,25,155,262.71,1106,889.13,2,51
CP II 32,15,21.6,0.59,110,25,163,276.27,1097,865.19,2,51
CP II 32,15,21.6,0.59,120,25,170,288.14,1088,845.33,2,51
CP II 32,15,21.6,0.59,130,25,178,301.69,1079,821.39,2,51
CP II 32,15,21.6,0.59,140,25,185,313.56,1070,801.52,2,51
CP II 32,15,21.6,0.59,70,9.5,160,271.19,1122,853.49,2,50
CP II 32,15,21.6,0.59,80,9.5,165,279.66,1116,838.89,2,50
CP II 32,15,21.6,0.59,90,9.5,170,288.14,1110,824.29,2,50
CP II 32,15,21.6,0.59,100,9.5,175,296.61,1104,809.68,2,50
CP II 32,15,21.6,0.59,110,9.5,180,305.08,1098,795.08,2,50
CP II 32,15,21.6,0.59,120,9.5,185,313.56,1092,780.48,2,50
CP II 32,15,21.6,0.59,130,9.5,190,322.03,1086,765.88,2,50
CP II 32,15,21.6,0.59,140,9.5,195,330.51,1080,751.28,2,50
CP II 32,15,21.6,0.59,70,12.5,148,250.85,1138,887,2,50
CP II 32,15,21.6,0.59,80,12.5,155,262.71,1129,867.13,2,50
CP II 32,15,21.6,0.59,90,12.5,161,272.88,1122,849.42,2,50
CP II 32,15,21.6,0.59,100,12.5,167,283.05,1114,832.66,2,50
CP II 32,15,21.6,0.59,110,12.5,173,293.22,1106,815.91,2,50
CP II 32,15,21.6,0.59,120,12.5,180,305.08,1099,794.13,2,50
CP II 32,15,21.6,0.59,130,12.5,186,315.25,1090,778.33,2,50
CP II 32,15,21.6,0.59,140,12.5,192,325.42,1084,759.66,2,50
CP II 32,15,21.6,0.59,70,19,142,240.68,1145,904.72,2,50
CP II 32,15,21.6,0.59,80,19,149,252.54,1137,883.89,2,50
CP II 32,15,21.6,0.59,90,19,156,264.41,1128,864.02,2,50
CP II 32,15,21.6,0.59,100,19,163,276.27,1119.67,843.52,2,50
CP II 32,15,21.6,0.59,110,19,169,286.44,1111.17,827.24,2,50
CP II 32,15,21.6,0.59,120,19,176,298.31,1102.67,806.89,2,50
CP II 32,15,21.6,0.59,130,19,183,310.17,1094.17,786.54,2,50
CP II 32,15,21.6,0.59,140,19,190,322.03,1085.67,766.2,2,50
CP II 32,15,21.6,0.59,70,25,133,225.42,1155,931.76,2,50
CP II 32,15,21.6,0.59,80,25,140,237.29,1147,910.94,2,50
CP II 32,15,21.6,0.59,90,25,148,250.85,1138,887,2,50
CP II 32,15,21.6,0.59,100,25,155,262.71,1129.67,866.5,2,50
CP II 32,15,21.6,0.59,110,25,163,276.27,1120,843.2,2,50
CP II 32,15,21.6,0.59,120,25,170,288.14,1110,824.29,2,50
CP II 32,15,21.6,0.59,130,25,178,301.69,1100,801.31,2,50
CP II 32,15,21.6,0.59,140,25,185,313.56,1092,780.48,2,50
CP II 32,15,21.6,0.59,70,9.5,160,271.19,1145,831.49,2,49
CP II 32,15,21.6,0.59,80,9.5,165,279.66,1140,815.93,2,49
CP II 32,15,21.6,0.59,90,9.5,170,288.14,1133,802.29,2,49
CP II 32,15,21.6,0.59,100,9.5,175,296.61,1127.33,787.37,2,49
CP II 32,15,21.6,0.59,110,9.5,180,305.08,1121.33,772.77,2,49
CP II 32,15,21.6,0.59,120,9.5,185,313.56,1113,760.4,2,49
CP II 32,15,21.6,0.59,130,9.5,190,322.03,1107,745.8,2,49
CP II 32,15,21.6,0.59,140,9.5,195,330.51,1101,731.19,2,49
CP II 32,15,21.6,0.59,70,12.5,148,250.85,1160,865.96,2,49
CP II 32,15,21.6,0.59,80,12.5,155,262.71,1152,845.14,2,49
CP II 32,15,21.6,0.59,90,12.5,161,272.88,1144,828.38,2,49
CP II 32,15,21.6,0.59,100,12.5,167,283.05,1136,811.62,2,49
CP II 32,15,21.6,0.59,110,12.5,173,293.22,1130,792.95,2,49
CP II 32,15,21.6,0.59,120,12.5,180,305.08,1120,774.04,2,49
CP II 32,15,21.6,0.59,130,12.5,186,315.25,1112,757.29,2,49
CP II 32,15,21.6,0.59,140,12.5,192,325.42,1106,738.62,2,49
CP II 32,15,21.6,0.59,70,19,142,240.68,1167,883.68,2,49
CP II 32,15,21.6,0.59,80,19,149,252.54,1160,861.89,2,49
CP II 32,15,21.6,0.59,90,19,156,264.41,1150,842.98,2,49
CP II 32,15,21.6,0.59,100,19,163,276.27,1142,822.16,2,49
CP II 32,15,21.6,0.59,110,19,169,286.44,1133.5,805.88,2,49
CP II 32,15,21.6,0.59,120,19,176,298.31,1125,785.53,2,49
CP II 32,15,21.6,0.59,130,19,183,310.17,1116.5,765.19,2,49
CP II 32,15,21.6,0.59,140,19,190,322.03,1108,744.84,2,49
CP II 32,15,21.6,0.59,70,25,133,225.42,1179,908.81,2,49
CP II 32,15,21.6,0.59,80,25,140,237.29,1171,887.99,2,49
CP II 32,15,21.6,0.59,90,25,148,250.85,1160,865.96,2,49
CP II 32,15,21.6,0.59,100,25,155,262.71,1151,846.09,2,49
CP II 32,15,21.6,0.59,110,25,163,276.27,1141.5,822.64,2,49
CP II 32,15,21.6,0.59,120,25,170,288.14,1132,803.25,2,49
CP II 32,15,21.6,0.59,130,25,178,301.69,1122.5,779.79,2,49
CP II 32,15,21.6,0.59,140,25,185,313.56,1113,760.4,2,49
CP II 32,15,21.6,0.59,70,9.5,160,271.19,1169,808.54,2,48
CP II 32,15,21.6,0.59,80,9.5,165,279.66,1162,794.89,2,48
CP II 32,15,21.6,0.59,90,9.5,170,288.14,1155,781.25,2,48
CP II 32,15,21.6,0.59,100,9.5,175,296.61,1150,765.69,2,48
CP II 32,15,21.6,0.59,110,9.5,180,305.08,1143,752.05,2,48
CP II 32,15,21.6,0.59,120,9.5,185,313.56,1136,738.4,2,48
CP II 32,15,21.6,0.59,130,9.5,190,322.03,1129,724.76,2,48
CP II 32,15,21.6,0.59,140,9.5,195,330.51,1124,709.2,2,48
CP II 32,15,21.6,0.59,70,12.5,148,250.85,1184,843.01,2,48
CP II 32,15,21.6,0.59,80,12.5,155,262.71,1176,822.19,2,48
CP II 32,15,21.6,0.59,90,12.5,161,272.88,1166,807.34,2,48
CP II 32,15,21.6,0.59,100,12.5,167,283.05,1159,789.63,2,48
CP II 32,15,21.6,0.59,110,12.5,173,293.22,1151,772.87,2,48
CP II 32,15,21.6,0.59,120,12.5,180,305.08,1142,753,2,48
CP II 32,15,21.6,0.59,130,12.5,186,315.25,1134,736.25,2,48
CP II 32,15,21.6,0.59,140,12.5,192,325.42,1127,718.53,2,48
CP II 32,15,21.6,0.59,70,19,142,240.68,1192,859.77,2,48
CP II 32,15,21.6,0.59,80,19,149,252.54,1182,840.85,2,48
CP II 32,15,21.6,0.59,90,19,156,264.41,1174,820.03,2,48
CP II 32,15,21.6,0.59,100,19,163,276.27,1164.67,800.48,2,48
CP II 32,15,21.6,0.59,110,19,169,286.44,1158,782.45,2,48
CP II 32,15,21.6,0.59,120,19,176,298.31,1149,762.58,2,48
CP II 32,15,21.6,0.59,130,19,183,310.17,1140,742.71,2,48
CP II 32,15,21.6,0.59,140,19,190,322.03,1131,722.84,2,48
CP II 32,15,21.6,0.59,70,25,133,225.42,1202,886.81,2,48
CP II 32,15,21.6,0.59,80,25,140,237.29,1194,865.99,2,48
CP II 32,15,21.6,0.59,90,25,148,250.85,1184,843.01,2,48
CP II 32,15,21.6,0.59,100,25,155,262.71,1175.33,822.82,2,48
CP II 32,15,21.6,0.59,110,25,163,276.27,1164,801.12,2,48
CP II 32,15,21.6,0.59,120,25,170,288.14,1155,781.25,2,48
CP II 32,15,21.6,0.59,130,25,178,301.69,1146,757.31,2,48
CP II 32,15,21.6,0.59,140,25,185,313.56,1137,737.44,2,48
CP II 32,15,21.6,0.59,70,9.5,160,271.19,1191,787.5,2,47
CP II 32,15,21.6,0.59,80,9.5,165,279.66,1185,772.9,2,47
CP II 32,15,21.6,0.59,90,9.5,170,288.14,1179,758.3,2,47
CP II 32,15,21.6,0.59,100,9.5,175,296.61,1171,745.61,2,47
CP II 32,15,21.6,0.59,110,9.5,180,305.08,1165,731.01,2,47
CP II 32,15,21.6,0.59,120,9.5,185,313.56,1159,716.4,2,47
CP II 32,15,21.6,0.59,130,9.5,190,322.03,1153,701.8,2,47
CP II 32,15,21.6,0.59,140,9.5,195,330.51,1146,688.16,2,47
CP II 32,15,21.6,0.59,70,12.5,148,250.85,1206,821.97,2,47
CP II 32,15,21.6,0.59,80,12.5,155,262.71,1198,801.15,2,47
CP II 32,15,21.6,0.59,90,12.5,161,272.88,1190,784.39,2,47
CP II 32,15,21.6,0.59,100,12.5,167,283.05,1182,767.63,2,47
CP II 32,15,21.6,0.59,110,12.5,173,293.22,1174,750.87,2,47
CP II 32,15,21.6,0.59,120,12.5,180,305.08,1166,730.05,2,47
CP II 32,15,21.6,0.59,130,12.5,186,315.25,1158,713.29,2,47
CP II 32,15,21.6,0.59,140,12.5,192,325.42,1150,696.54,2,47
CP II 32,15,21.6,0.59,70,19,142,240.68,1214,838.73,2,47
CP II 32,15,21.6,0.59,80,19,149,252.54,1206,817.9,2,47
CP II 32,15,21.6,0.59,90,19,156,264.41,1196,798.99,2,47
CP II 32,15,21.6,0.59,100,19,163,276.27,1187.33,778.8,2,47
CP II 32,15,21.6,0.59,110,19,169,286.44,1180,761.41,2,47
CP II 32,15,21.6,0.59,120,19,176,298.31,1171,741.54,2,47
CP II 32,15,21.6,0.59,130,19,183,310.17,1160.33,723.27,2,47
CP II 32,15,21.6,0.59,140,19,190,322.03,1151.33,703.4,2,47
CP II 32,15,21.6,0.59,70,25,133,225.42,1226,863.86,2,47
CP II 32,15,21.6,0.59,80,25,140,237.29,1218,843.04,2,47
CP II 32,15,21.6,0.59,90,25,148,250.85,1208,820.06,2,47
CP II 32,15,21.6,0.59,100,25,155,262.71,1197,802.1,2,47
CP II 32,15,21.6,0.59,110,25,163,276.27,1188,778.17,2,47
CP II 32,15,21.6,0.59,120,25,170,288.14,1179,758.3,2,47
CP II 32,15,21.6,0.59,130,25,178,301.69,1167,737.23,2,47
CP II 32,15,21.6,0.59,140,25,185,313.56,1159,716.4,2,47
CP II 32,15,21.6,0.59,70,9.5,160,271.19,1214,765.5,2,46
CP II 32,15,21.6,0.59,80,9.5,165,279.66,1208,750.9,2,46
CP II 32,15,21.6,0.59,90,9.5,170,288.14,1202,736.3,2,46
CP II 32,15,21.6,0.59,100,9.5,175,296.61,1194,723.61,2,46
CP II 32,15,21.6,0.59,110,9.5,180,305.08,1188,709.01,2,46
CP II 32,15,21.6,0.59,120,9.5,185,313.56,1182,694.41,2,46
CP II 32,15,21.6,0.59,130,9.5,190,322.03,1174,681.72,2,46
CP II 32,15,21.6,0.59,140,9.5,195,330.51,1168,667.12,2,46
CP II 32,15,21.6,0.59,70,12.5,148,250.85,1230,799.02,2,46
CP II 32,15,21.6,0.59,80,12.5,155,262.71,1222,778.19,2,46
CP II 32,15,21.6,0.59,90,12.5,161,272.88,1214,761.44,2,46
CP II 32,15,21.6,0.59,100,12.5,167,283.05,1206,744.68,2,46
CP II 32,15,21.6,0.59,110,12.5,173,293.22,1198,727.92,2,46
CP II 32,15,21.6,0.59,120,12.5,180,305.08,1188,709.01,2,46
CP II 32,15,21.6,0.59,130,12.5,186,315.25,1180,692.25,2,46
CP II 32,15,21.6,0.59,140,12.5,192,325.42,1172,675.5,2,46
CP II 32,15,21.6,0.59,70,19,142,240.68,1238,815.77,2,46
CP II 32,15,21.6,0.59,80,19,149,252.54,1230,794.95,2,46
CP II 32,15,21.6,0.59,90,19,156,264.41,1220,776.04,2,46
CP II 32,15,21.6,0.59,100,19,163,276.27,1211.33,755.85,2,46
CP II 32,15,21.6,0.59,110,19,169,286.44,1202.33,740.05,2,46
CP II 32,15,21.6,0.59,120,19,176,298.31,1193.33,720.18,2,46
CP II 32,15,21.6,0.59,130,19,183,310.17,1184.33,700.31,2,46
CP II 32,15,21.6,0.59,140,19,190,322.03,1175.33,680.44,2,46
CP II 32,15,21.6,0.59,70,25,133,225.42,1250,840.91,2,46
CP II 32,15,21.6,0.59,80,25,140,237.29,1242,820.08,2,46
CP II 32,15,21.6,0.59,90,25,148,250.85,1230,799.02,2,46
CP II 32,15,21.6,0.59,100,25,155,262.71,1220.67,779.47,2,46
CP II 32,15,21.6,0.59,110,25,163,276.27,1210.67,756.49,2,46
CP II 32,15,21.6,0.59,120,25,170,288.14,1200.67,737.58,2,46
CP II 32,15,21.6,0.59,130,25,178,301.69,1190.67,714.6,2,46
CP II 32,15,21.6,0.59,140,25,185,313.56,1180.67,695.68,2,46
CP II 32,15,21.6,0.59,70,9.5,160,271.19,1238,742.55,2,45
CP II 32,15,21.6,0.59,80,9.5,165,279.66,1230,729.86,2,45
CP II 32,15,21.6,0.59,90,9.5,170,288.14,1224,715.26,2,45
CP II 32,15,21.6,0.59,100,9.5,175,296.61,1216.67,701.93,2,45
CP II 32,15,21.6,0.59,110,9.5,180,305.08,1209.67,688.29,2,45
CP II 32,15,21.6,0.59,120,9.5,185,313.56,1202.67,674.64,2,45
CP II 32,15,21.6,0.59,130,9.5,190,322.03,1195.67,661,2,45
CP II 32,15,21.6,0.59,140,9.5,195,330.51,1190,646.08,2,45
CP II 32,15,21.6,0.59,70,12.5,148,250.85,1254,776.06,2,45
CP II 32,15,21.6,0.59,80,12.5,155,262.71,1244,757.15,2,45
CP II 32,15,21.6,0.59,90,12.5,161,272.88,1236,740.4,2,45
CP II 32,15,21.6,0.59,100,12.5,167,283.05,1228,723.64,2,45
CP II 32,15,21.6,0.59,110,12.5,173,293.22,1220,706.88,2,45
CP II 32,15,21.6,0.59,120,12.5,180,305.08,1211,687.01,2,45
CP II 32,15,21.6,0.59,130,12.5,186,315.25,1202,671.21,2,45
CP II 32,15,21.6,0.59,140,12.5,192,325.42,1193,655.41,2,45
CP II 32,15,21.6,0.59,70,19,142,240.68,1261,793.78,2,45
CP II 32,15,21.6,0.59,80,19,149,252.54,1252,773.91,2,45
CP II 32,15,21.6,0.59,90,19,156,264.41,1243,754.04,2,45
CP II 32,15,21.6,0.59,100,19,163,276.27,1234,734.17,2,45
CP II 32,15,21.6,0.59,110,19,169,286.44,1225,718.37,2,45
CP II 32,15,21.6,0.59,120,19,176,298.31,1216,698.5,2,45
CP II 32,15,21.6,0.59,130,19,183,310.17,1207,678.64,2,45
CP II 32,15,21.6,0.59,140,19,190,322.03,1196,660.68,2,45
CP II 32,15,21.6,0.59,70,25,133,225.42,1274,817.96,2,45
CP II 32,15,21.6,0.59,80,25,140,237.29,1264,799.04,2,45
CP II 32,15,21.6,0.59,90,25,148,250.85,1254,776.06,2,45
CP II 32,15,21.6,0.59,100,25,155,262.71,1244,757.15,2,45
CP II 32,15,21.6,0.59,110,25,163,276.27,1234,734.17,2,45
CP II 32,15,21.6,0.59,120,25,170,288.14,1224,715.26,2,45
CP II 32,15,21.6,0.59,130,25,178,301.69,1214,692.28,2,45
CP II 32,15,21.6,0.59,140,25,185,313.56,1204,673.37,2,45
CP II 32,20,26.6,0.51,70,9.5,160,313.73,898,1031.62,2,60
CP II 32,20,26.6,0.51,80,9.5,165,323.53,892,1015.9,2,60
CP II 32,20,26.6,0.51,90,9.5,170,333.33,888,998.25,2,60
CP II 32,20,26.6,0.51,100,9.5,175,343.14,882.67,981.89,2,60
CP II 32,20,26.6,0.51,110,9.5,180,352.94,877.67,965.2,2,60
CP II 32,20,26.6,0.51,120,9.5,185,362.75,872.67,948.52,2,60
CP II 32,20,26.6,0.51,130,9.5,190,372.55,867.67,931.83,2,60
CP II 32,20,26.6,0.51,140,9.5,195,382.35,862.67,915.14,2,60
CP II 32,20,26.6,0.51,70,12.5,148,290.2,910,1071.67,2,60
CP II 32,20,26.6,0.51,80,12.5,155,303.92,903,1048.31,2,60
CP II 32,20,26.6,0.51,90,12.5,161,315.69,896,1029.24,2,60
CP II 32,20,26.6,0.51,100,12.5,167,327.45,891,1008.26,2,60
CP II 32,20,26.6,0.51,110,12.5,173,339.22,884,989.2,2,60
CP II 32,20,26.6,0.51,120,12.5,180,352.94,877,965.84,2,60
CP II 32,20,26.6,0.51,130,12.5,186,364.71,871,945.82,2,60
CP II 32,20,26.6,0.51,140,12.5,192,376.47,867,923.88,2,60
CP II 32,20,26.6,0.51,70,19,142,278.43,915,1092.65,2,60
CP II 32,20,26.6,0.51,80,19,149,292.16,909,1068.33,2,60
CP II 32,20,26.6,0.51,90,19,156,305.88,901,1045.93,2,60
CP II 32,20,26.6,0.51,100,19,163,319.61,894.33,1022.25,2,60
CP II 32,20,26.6,0.51,110,19,169,331.37,889,1001.59,2,60
CP II 32,20,26.6,0.51,120,19,176,345.1,882,978.23,2,60
CP II 32,20,26.6,0.51,130,19,183,358.82,875,954.87,2,60
CP II 32,20,26.6,0.51,140,19,190,372.55,868,931.51,2,60
CP II 32,20,26.6,0.51,70,25,133,260.78,925,1121.73,2,60
CP II 32,20,26.6,0.51,80,25,140,274.51,917,1099.32,2,60
CP II 32,20,26.6,0.51,90,25,148,290.2,909,1072.63,2,60
CP II 32,20,26.6,0.51,100,25,155,303.92,903,1048.31,2,60
CP II 32,20,26.6,0.51,110,25,163,319.61,895,1021.61,2,60
CP II 32,20,26.6,0.51,120,25,170,333.33,887,999.21,2,60
CP II 32,20,26.6,0.51,130,25,178,349.02,879,972.51,2,60
CP II 32,20,26.6,0.51,140,25,185,362.75,873,948.2,2,60
CP II 32,20,26.6,0.51,70,9.5,160,313.73,920,1010.58,2,59
CP II 32,20,26.6,0.51,80,9.5,165,323.53,915,993.9,2,59
CP II 32,20,26.6,0.51,90,9.5,170,333.33,910,977.21,2,59
CP II 32,20,26.6,0.51,100,9.5,175,343.14,905,960.53,2,59
CP II 32,20,26.6,0.51,110,9.5,180,352.94,900,943.84,2,59
CP II 32,20,26.6,0.51,120,9.5,185,362.75,895,927.16,2,59
CP II 32,20,26.6,0.51,130,9.5,190,372.55,890,910.47,2,59
CP II 32,20,26.6,0.51,140,9.5,195,382.35,885,893.78,2,59
CP II 32,20,26.6,0.51,70,12.5,148,290.2,933,1049.67,2,59
CP II 32,20,26.6,0.51,80,12.5,155,303.92,925,1027.27,2,59
CP II 32,20,26.6,0.51,90,12.5,161,315.69,919,1007.25,2,59
CP II 32,20,26.6,0.51,100,12.5,167,327.45,914,986.27,2,59
CP II 32,20,26.6,0.51,110,12.5,173,339.22,907,967.2,2,59
CP II 32,20,26.6,0.51,120,12.5,180,352.94,901,942.89,2,59
CP II 32,20,26.6,0.51,130,12.5,186,364.71,893,924.78,2,59
CP II 32,20,26.6,0.51,140,12.5,192,376.47,887,904.75,2,59
CP II 32,20,26.6,0.51,70,19,142,278.43,939,1069.7,2,59
CP II 32,20,26.6,0.51,80,19,149,292.16,931,1047.29,2,59
CP II 32,20,26.6,0.51,90,19,156,305.88,925,1022.98,2,59
CP II 32,20,26.6,0.51,100,19,163,319.61,917.67,999.94,2,59
CP II 32,20,26.6,0.51,110,19,169,331.37,910.67,980.87,2,59
CP II 32,20,26.6,0.51,120,19,176,345.1,903.67,957.51,2,59
CP II 32,20,26.6,0.51,130,19,183,358.82,896.67,934.15,2,59
CP II 32,20,26.6,0.51,140,19,190,372.55,889.67,910.79,2,59
CP II 32,20,26.6,0.51,70,25,133,260.78,947,1100.69,2,59
CP II 32,20,26.6,0.51,80,25,140,274.51,941,1076.37,2,59
CP II 32,20,26.6,0.51,90,25,148,290.2,933,1049.67,2,59
CP II 32,20,26.6,0.51,100,25,155,303.92,926.33,1026,2,59
CP II 32,20,26.6,0.51,110,25,163,319.61,918,999.62,2,59
CP II 32,20,26.6,0.51,120,25,170,333.33,910,977.21,2,59
CP II 32,20,26.6,0.51,130,25,178,349.02,903,949.56,2,59
CP II 32,20,26.6,0.51,140,25,185,362.75,895,927.16,2,59
CP II 32,20,26.6,0.51,70,9.5,160,313.73,943,988.59,2,58
CP II 32,20,26.6,0.51,80,9.5,165,323.53,937,972.86,2,58
CP II 32,20,26.6,0.51,90,9.5,170,333.33,933,955.22,2,58
CP II 32,20,26.6,0.51,100,9.5,175,343.14,927.67,938.85,2,58
CP II 32,20,26.6,0.51,110,9.5,180,352.94,922.67,922.16,2,58
CP II 32,20,26.6,0.51,120,9.5,185,362.75,917.67,905.48,2,58
CP II 32,20,26.6,0.51,130,9.5,190,372.55,912.67,888.79,2,58
CP II 32,20,26.6,0.51,140,9.5,195,382.35,907.67,872.11,2,58
CP II 32,20,26.6,0.51,70,12.5,148,290.2,956,1027.68,2,58
CP II 32,20,26.6,0.51,80,12.5,155,303.92,947,1006.23,2,58
CP II 32,20,26.6,0.51,90,12.5,161,315.69,941,986.21,2,58
CP II 32,20,26.6,0.51,100,12.5,167,327.45,935,966.18,2,58
CP II 32,20,26.6,0.51,110,12.5,173,339.22,929,946.16,2,58
CP II 32,20,26.6,0.51,120,12.5,180,352.94,922,922.8,2,58
CP II 32,20,26.6,0.51,130,12.5,186,364.71,917,901.82,2,58
CP II 32,20,26.6,0.51,140,12.5,192,376.47,910,882.76,2,58
CP II 32,20,26.6,0.51,70,19,142,278.43,962,1047.7,2,58
CP II 32,20,26.6,0.51,80,19,149,292.16,955,1024.34,2,58
CP II 32,20,26.6,0.51,90,19,156,305.88,947,1001.94,2,58
CP II 32,20,26.6,0.51,100,19,163,319.61,939.67,978.9,2,58
CP II 32,20,26.6,0.51,110,19,169,331.37,934,958.55,2,58
CP II 32,20,26.6,0.51,120,19,176,345.1,927,935.19,2,58
CP II 32,20,26.6,0.51,130,19,183,358.82,919,912.79,2,58
CP II 32,20,26.6,0.51,140,19,190,372.55,912,889.43,2,58
CP II 32,20,26.6,0.51,70,25,133,260.78,970,1078.69,2,58
CP II 32,20,26.6,0.51,80,25,140,274.51,963,1055.33,2,58
CP II 32,20,26.6,0.51,90,25,148,290.2,955,1028.63,2,58
CP II 32,20,26.6,0.51,100,25,155,303.92,947.67,1005.59,2,58
CP II 32,20,26.6,0.51,110,25,163,319.61,940.17,978.42,2,58
CP II 32,20,26.6,0.51,120,25,170,333.33,932.67,955.54,2,58
CP II 32,20,26.6,0.51,130,25,178,349.02,925.17,928.36,2,58
CP II 32,20,26.6,0.51,140,25,185,362.75,917.67,905.48,2,58
CP II 32,20,26.6,0.51,70,9.5,160,313.73,966,966.59,2,57
CP II 32,20,26.6,0.51,80,9.5,165,323.53,960,950.86,2,57
CP II 32,20,26.6,0.51,90,9.5,170,333.33,955,934.18,2,57
CP II 32,20,26.6,0.51,100,9.5,175,343.14,949.33,918.13,2,57
CP II 32,20,26.6,0.51,110,9.5,180,352.94,943.83,901.92,2,57
CP II 32,20,26.6,0.51,120,9.5,185,362.75,938.33,885.71,2,57
CP II 32,20,26.6,0.51,130,9.5,190,372.55,935,867.43,2,57
CP II 32,20,26.6,0.51,140,9.5,195,382.35,929,851.7,2,57
CP II 32,20,26.6,0.51,70,12.5,148,290.2,978,1006.64,2,57
CP II 32,20,26.6,0.51,80,12.5,155,303.92,972,982.32,2,57
CP II 32,20,26.6,0.51,90,12.5,161,315.69,965,963.25,2,57
CP II 32,20,26.6,0.51,100,12.5,167,327.45,958.67,943.55,2,57
CP II 32,20,26.6,0.51,110,12.5,173,339.22,952.17,924.01,2,57
CP II 32,20,26.6,0.51,120,12.5,180,352.94,945.67,900.17,2,57
CP II 32,20,26.6,0.51,130,12.5,186,364.71,939.17,880.62,2,57
CP II 32,20,26.6,0.51,140,12.5,192,376.47,932.67,861.08,2,57
CP II 32,20,26.6,0.51,70,19,142,278.43,985,1025.7,2,57
CP II 32,20,26.6,0.51,80,19,149,292.16,978,1002.34,2,57
CP II 32,20,26.6,0.51,90,19,156,305.88,970,979.94,2,57
CP II 32,20,26.6,0.51,100,19,163,319.61,962.67,956.9,2,57
CP II 32,20,26.6,0.51,110,19,169,331.37,955.17,938.31,2,57
CP II 32,20,26.6,0.51,120,19,176,345.1,949,914.15,2,57
CP II 32,20,26.6,0.51,130,19,183,358.82,942,890.79,2,57
CP II 32,20,26.6,0.51,140,19,190,372.55,935,867.43,2,57
CP II 32,20,26.6,0.51,70,25,133,260.78,995,1054.78,2,57
CP II 32,20,26.6,0.51,80,25,140,274.51,987,1032.38,2,57
CP II 32,20,26.6,0.51,90,25,148,290.2,979,1005.68,2,57
CP II 32,20,26.6,0.51,100,25,155,303.92,971,983.28,2,57
CP II 32,20,26.6,0.51,110,25,163,319.61,963,956.58,2,57
CP II 32,20,26.6,0.51,120,25,170,333.33,955,934.18,2,57
CP II 32,20,26.6,0.51,130,25,178,349.02,947,907.48,2,57
CP II 32,20,26.6,0.51,140,25,185,362.75,939,885.08,2,57
CP II 32,20,26.6,0.51,70,9.5,160,313.73,989,944.6,2,56
CP II 32,20,26.6,0.51,80,9.5,165,323.53,982,929.82,2,56
CP II 32,20,26.6,0.51,90,9.5,170,333.33,977,913.14,2,56
CP II 32,20,26.6,0.51,100,9.5,175,343.14,973,895.49,2,56
CP II 32,20,26.6,0.51,110,9.5,180,352.94,967,879.77,2,56
CP II 32,20,26.6,0.51,120,9.5,185,362.75,961,864.04,2,56
CP II 32,20,26.6,0.51,130,9.5,190,372.55,956,847.35,2,56
CP II 32,20,26.6,0.51,140,9.5,195,382.35,950,831.62,2,56
CP II 32,20,26.6,0.51,70,12.5,148,290.2,1002,983.69,2,56
CP II 32,20,26.6,0.51,80,12.5,155,303.92,993,962.24,2,56
CP II 32,20,26.6,0.51,90,12.5,161,315.69,988,941.26,2,56
CP II 32,20,26.6,0.51,100,12.5,167,327.45,980.33,922.83,2,56
CP II 32,20,26.6,0.51,110,12.5,173,339.22,973.33,903.76,2,56
CP II 32,20,26.6,0.51,120,12.5,180,352.94,966.33,880.4,2,56
CP II 32,20,26.6,0.51,130,12.5,186,364.71,959.33,861.34,2,56
CP II 32,20,26.6,0.51,140,12.5,192,376.47,953,841.63,2,56
CP II 32,20,26.6,0.51,70,19,142,278.43,1008,1003.71,2,56
CP II 32,20,26.6,0.51,80,19,149,292.16,1000,981.3,2,56
CP II 32,20,26.6,0.51,90,19,156,305.88,992,958.9,2,56
CP II 32,20,26.6,0.51,100,19,163,319.61,986,934.58,2,56
CP II 32,20,26.6,0.51,110,19,169,331.37,978,916.47,2,56
CP II 32,20,26.6,0.51,120,19,176,345.1,971,893.11,2,56
CP II 32,20,26.6,0.51,130,19,183,358.82,963,870.71,2,56
CP II 32,20,26.6,0.51,140,19,190,372.55,955,848.31,2,56
CP II 32,20,26.6,0.51,70,25,133,260.78,1018,1032.79,2,56
CP II 32,20,26.6,0.51,80,25,140,274.51,1010,1010.38,2,56
CP II 32,20,26.6,0.51,90,25,148,290.2,1002,983.69,2,56
CP II 32,20,26.6,0.51,100,25,155,303.92,994,961.28,2,56
CP II 32,20,26.6,0.51,110,25,163,319.61,986,934.58,2,56
CP II 32,20,26.6,0.51,120,25,170,333.33,978,912.18,2,56
CP II 32,20,26.6,0.51,130,25,178,349.02,970,885.48,2,56
CP II 32,20,26.6,0.51,140,25,185,362.75,962,863.08,2,56
CP II 32,20,26.6,0.51,70,9.5,160,313.73,1011,923.56,2,55
CP II 32,20,26.6,0.51,80,9.5,165,323.53,1005,907.83,2,55
CP II 32,20,26.6,0.51,90,9.5,170,333.33,1000,891.14,2,55
CP II 32,20,26.6,0.51,100,9.5,175,343.14,994.33,875.09,2,55
CP II 32,20,26.6,0.51,110,9.5,180,352.94,988.83,858.89,2,55
CP II 32,20,26.6,0.51,120,9.5,185,362.75,983.33,842.68,2,55
CP II 32,20,26.6,0.51,130,9.5,190,372.55,977.83,826.47,2,55
CP II 32,20,26.6,0.51,140,9.5,195,382.35,972.33,810.26,2,55
CP II 32,20,26.6,0.51,70,12.5,148,290.2,1025,961.69,2,55
CP II 32,20,26.6,0.51,80,12.5,155,303.92,1017,939.29,2,55
CP II 32,20,26.6,0.51,90,12.5,161,315.69,1009,921.17,2,55
CP II 32,20,26.6,0.51,100,12.5,167,327.45,1003,901.15,2,55
CP II 32,20,26.6,0.51,110,12.5,173,339.22,998,880.17,2,55
CP II 32,20,26.6,0.51,120,12.5,180,352.94,990,857.77,2,55
CP II 32,20,26.6,0.51,130,12.5,186,364.71,983,838.7,2,55
CP II 32,20,26.6,0.51,140,12.5,192,376.47,975,820.59,2,55
CP II 32,20,26.6,0.51,70,19,142,278.43,1031,981.71,2,55
CP II 32,20,26.6,0.51,80,19,149,292.16,1023,959.31,2,55
CP II 32,20,26.6,0.51,90,19,156,305.88,1015,936.9,2,55
CP II 32,20,26.6,0.51,100,19,163,319.61,1007,914.5,2,55
CP II 32,20,26.6,0.51,110,19,169,331.37,1001,894.48,2,55
CP II 32,20,26.6,0.51,120,19,176,345.1,994,871.12,2,55
CP II 32,20,26.6,0.51,130,19,183,358.82,986,848.71,2,55
CP II 32,20,26.6,0.51,140,19,190,372.55,979,825.35,2,55
CP II 32,20,26.6,0.51,70,25,133,260.78,1040,1011.75,2,55
CP II 32,20,26.6,0.51,80,25,140,274.51,1033,988.39,2,55
CP II 32,20,26.6,0.51,90,25,148,290.2,1025,961.69,2,55
CP II 32,20,26.6,0.51,100,25,155,303.92,1017.67,938.65,2,55
CP II 32,20,26.6,0.51,110,25,163,319.61,1008,913.54,2,55
CP II 32,20,26.6,0.51,120,25,170,333.33,1000,891.14,2,55
CP II 32,20,26.6,0.51,130,25,178,349.02,992,864.44,2,55
CP II 32,20,26.6,0.51,140,25,185,362.75,983,843,2,55
CP II 32,20,26.6,0.51,70,9.5,160,313.73,1035,900.6,2,54
CP II 32,20,26.6,0.51,80,9.5,165,323.53,1028,885.83,2,54
CP II 32,20,26.6,0.51,90,9.5,170,333.33,1022,870.1,2,54
CP II 32,20,26.6,0.51,100,9.5,175,343.14,1017,853.41,2,54
CP II 32,20,26.6,0.51,110,9.5,180,352.94,1011,837.69,2,54
CP II 32,20,26.6,0.51,120,9.5,185,362.75,1005,821.96,2,54
CP II 32,20,26.6,0.51,130,9.5,190,372.55,1000,805.27,2,54
CP II 32,20,26.6,0.51,140,9.5,195,382.35,995,788.58,2,54
CP II 32,20,26.6,0.51,70,12.5,148,290.2,1048,939.69,2,54
CP II 32,20,26.6,0.51,80,12.5,155,303.92,1040,917.29,2,54
CP II 32,20,26.6,0.51,90,12.5,161,315.69,1032,899.18,2,54
CP II 32,20,26.6,0.51,100,12.5,167,327.45,1026,879.16,2,54
CP II 32,20,26.6,0.51,110,12.5,173,339.22,1020,859.13,2,54
CP II 32,20,26.6,0.51,120,12.5,180,352.94,1011,837.69,2,54
CP II 32,20,26.6,0.51,130,12.5,186,364.71,1004,818.62,2,54
CP II 32,20,26.6,0.51,140,12.5,192,376.47,997,799.55,2,54
CP II 32,20,26.6,0.51,70,19,142,278.43,1055,958.76,2,54
CP II 32,20,26.6,0.51,80,19,149,292.16,1046,937.31,2,54
CP II 32,20,26.6,0.51,90,19,156,305.88,1038,914.91,2,54
CP II 32,20,26.6,0.51,100,19,163,319.61,1031,891.55,2,54
CP II 32,20,26.6,0.51,110,19,169,331.37,1023,873.44,2,54
CP II 32,20,26.6,0.51,120,19,176,345.1,1015,851.03,2,54
CP II 32,20,26.6,0.51,130,19,183,358.82,1007,828.63,2,54
CP II 32,20,26.6,0.51,140,19,190,372.55,1000,805.27,2,54
CP II 32,20,26.6,0.51,70,25,133,260.78,1065,987.84,2,54
CP II 32,20,26.6,0.51,80,25,140,274.51,1057,965.43,2,54
CP II 32,20,26.6,0.51,90,25,148,290.2,1047,940.65,2,54
CP II 32,20,26.6,0.51,100,25,155,303.92,1040,917.29,2,54
CP II 32,20,26.6,0.51,110,25,163,319.61,1031,891.55,2,54
CP II 32,20,26.6,0.51,120,25,170,333.33,1022,870.1,2,54
CP II 32,20,26.6,0.51,130,25,178,349.02,1013,844.36,2,54
CP II 32,20,26.6,0.51,140,25,185,362.75,1005,821.96,2,54
CP II 32,20,26.6,0.51,70,9.5,160,313.73,1058,878.61,2,53
CP II 32,20,26.6,0.51,80,9.5,165,323.53,1051,863.83,2,53
CP II 32,20,26.6,0.51,90,9.5,170,333.33,1045,848.1,2,53
CP II 32,20,26.6,0.51,100,9.5,175,343.14,1040,831.42,2,53
CP II 32,20,26.6,0.51,110,9.5,180,352.94,1034,815.69,2,53
CP II 32,20,26.6,0.51,120,9.5,185,362.75,1027,800.92,2,53
CP II 32,20,26.6,0.51,130,9.5,190,372.55,1022,784.23,2,53
CP II 32,20,26.6,0.51,140,9.5,195,382.35,1016,768.5,2,53
CP II 32,20,26.6,0.51,70,12.5,148,290.2,1071,917.7,2,53
CP II 32,20,26.6,0.51,80,12.5,155,303.92,1062,896.25,2,53
CP II 32,20,26.6,0.51,90,12.5,161,315.69,1055,877.18,2,53
CP II 32,20,26.6,0.51,100,12.5,167,327.45,1049,857.16,2,53
CP II 32,20,26.6,0.51,110,12.5,173,339.22,1041,839.05,2,53
CP II 32,20,26.6,0.51,120,12.5,180,352.94,1033,816.65,2,53
CP II 32,20,26.6,0.51,130,12.5,186,364.71,1026,797.58,2,53
CP II 32,20,26.6,0.51,140,12.5,192,376.47,1019,778.51,2,53
CP II 32,20,26.6,0.51,70,19,142,278.43,1078,936.76,2,53
CP II 32,20,26.6,0.51,80,19,149,292.16,1070,914.36,2,53
CP II 32,20,26.6,0.51,90,19,156,305.88,1061,892.91,2,53
CP II 32,20,26.6,0.51,100,19,163,319.61,1052.67,870.83,2,53
CP II 32,20,26.6,0.51,110,19,169,331.37,1046,851.44,2,53
CP II 32,20,26.6,0.51,120,19,176,345.1,1038,829.04,2,53
CP II 32,20,26.6,0.51,130,19,183,358.82,1030,806.63,2,53
CP II 32,20,26.6,0.51,140,19,190,372.55,1022,784.23,2,53
CP II 32,20,26.6,0.51,70,25,133,260.78,1089,964.88,2,53
CP II 32,20,26.6,0.51,80,25,140,274.51,1079,944.39,2,53
CP II 32,20,26.6,0.51,90,25,148,290.2,1071,917.7,2,53
CP II 32,20,26.6,0.51,100,25,155,303.92,1061.67,896.57,2,53
CP II 32,20,26.6,0.51,110,25,163,319.61,1052.67,870.83,2,53
CP II 32,20,26.6,0.51,120,25,170,333.33,1045,848.1,2,53
CP II 32,20,26.6,0.51,130,25,178,349.02,1037,821.41,2,53
CP II 32,20,26.6,0.51,140,25,185,362.75,1027,800.92,2,53
CP II 32,20,26.6,0.51,70,9.5,160,313.73,1080,857.57,2,52
CP II 32,20,26.6,0.51,80,9.5,165,323.53,1073,842.79,2,52
CP II 32,20,26.6,0.51,90,9.5,170,333.33,1067,827.06,2,52
CP II 32,20,26.6,0.51,100,9.5,175,343.14,1062,810.38,2,52
CP II 32,20,26.6,0.51,110,9.5,180,352.94,1056,794.65,2,52
CP II 32,20,26.6,0.51,120,9.5,185,362.75,1050,778.92,2,52
CP II 32,20,26.6,0.51,130,9.5,190,372.55,1044,763.19,2,52
CP II 32,20,26.6,0.51,140,9.5,195,382.35,1039,746.5,2,52
CP II 32,20,26.6,0.51,70,12.5,148,290.2,1095,894.74,2,52
CP II 32,20,26.6,0.51,80,12.5,155,303.92,1085,874.25,2,52
CP II 32,20,26.6,0.51,90,12.5,161,315.69,1078,855.19,2,52
CP II 32,20,26.6,0.51,100,12.5,167,327.45,1071,836.12,2,52
CP II 32,20,26.6,0.51,110,12.5,173,339.22,1065,816.1,2,52
CP II 32,20,26.6,0.51,120,12.5,180,352.94,1057,793.69,2,52
CP II 32,20,26.6,0.51,130,12.5,186,364.71,1049,775.58,2,52
CP II 32,20,26.6,0.51,140,12.5,192,376.47,1041,757.47,2,52
CP II 32,20,26.6,0.51,70,19,142,278.43,1101,914.77,2,52
CP II 32,20,26.6,0.51,80,19,149,292.16,1092,893.32,2,52
CP II 32,20,26.6,0.51,90,19,156,305.88,1084,870.92,2,52
CP II 32,20,26.6,0.51,100,19,163,319.61,1075.33,849.15,2,52
CP II 32,20,26.6,0.51,110,19,169,331.37,1069,829.45,2,52
CP II 32,20,26.6,0.51,120,19,176,345.1,1060,808,2,52
CP II 32,20,26.6,0.51,130,19,183,358.82,1052,785.59,2,52
CP II 32,20,26.6,0.51,140,19,190,372.55,1044,763.19,2,52
CP II 32,20,26.6,0.51,70,25,133,260.78,1111,943.84,2,52
CP II 32,20,26.6,0.51,80,25,140,274.51,1103,921.44,2,52
CP II 32,20,26.6,0.51,90,25,148,290.2,1093,896.66,2,52
CP II 32,20,26.6,0.51,100,25,155,303.92,1085,874.25,2,52
CP II 32,20,26.6,0.51,110,25,163,319.61,1075.33,849.15,2,52
CP II 32,20,26.6,0.51,120,25,170,333.33,1068,826.11,2,52
CP II 32,20,26.6,0.51,130,25,178,349.02,1059,800.37,2,52
CP II 32,20,26.6,0.51,140,25,185,362.75,1050,778.92,2,52
CP II 32,20,26.6,0.51,70,9.5,160,313.73,1103,835.57,2,51
CP II 32,20,26.6,0.51,80,9.5,165,323.53,1097,819.84,2,51
CP II 32,20,26.6,0.51,90,9.5,170,333.33,1090,805.07,2,51
CP II 32,20,26.6,0.51,100,9.5,175,343.14,1083.67,789.66,2,51
CP II 32,20,26.6,0.51,110,9.5,180,352.94,1078,773.61,2,51
CP II 32,20,26.6,0.51,120,9.5,185,362.75,1073,756.92,2,51
CP II 32,20,26.6,0.51,130,9.5,190,372.55,1066,742.15,2,51
CP II 32,20,26.6,0.51,140,9.5,195,382.35,1060,726.42,2,51
CP II 32,20,26.6,0.51,70,12.5,148,290.2,1116,874.66,2,51
CP II 32,20,26.6,0.51,80,12.5,155,303.92,1108,852.26,2,51
CP II 32,20,26.6,0.51,90,12.5,161,315.69,1102,832.23,2,51
CP II 32,20,26.6,0.51,100,12.5,167,327.45,1094.67,813.49,2,51
CP II 32,20,26.6,0.51,110,12.5,173,339.22,1087.67,794.42,2,51
CP II 32,20,26.6,0.51,120,12.5,180,352.94,1079,772.65,2,51
CP II 32,20,26.6,0.51,130,12.5,186,364.71,1072,753.59,2,51
CP II 32,20,26.6,0.51,140,12.5,192,376.47,1065,734.52,2,51
CP II 32,20,26.6,0.51,70,19,142,278.43,1125,891.81,2,51
CP II 32,20,26.6,0.51,80,19,149,292.16,1115,871.32,2,51
CP II 32,20,26.6,0.51,90,19,156,305.88,1107,848.92,2,51
CP II 32,20,26.6,0.51,100,19,163,319.61,1100,825.56,2,51
CP II 32,20,26.6,0.51,110,19,169,331.37,1091,808.41,2,51
CP II 32,20,26.6,0.51,120,19,176,345.1,1083,786,2,51
CP II 32,20,26.6,0.51,130,19,183,358.82,1074,764.55,2,51
CP II 32,20,26.6,0.51,140,19,190,372.55,1066,742.15,2,51
CP II 32,20,26.6,0.51,70,25,133,260.78,1136,919.93,2,51
CP II 32,20,26.6,0.51,80,25,140,274.51,1127,898.49,2,51
CP II 32,20,26.6,0.51,90,25,148,290.2,1118,872.75,2,51
CP II 32,20,26.6,0.51,100,25,155,303.92,1109,851.3,2,51
CP II 32,20,26.6,0.51,110,25,163,319.61,1100,825.56,2,51
CP II 32,20,26.6,0.51,120,25,170,333.33,1091,804.11,2,51
CP II 32,20,26.6,0.51,130,25,178,349.02,1082,778.37,2,51
CP II 32,20,26.6,0.51,140,25,185,362.75,1073,756.92,2,51
CP II 32,20,26.6,0.51,70,9.5,160,313.73,1125,814.53,2,50
CP II 32,20,26.6,0.51,80,9.5,165,323.53,1119,798.8,2,50
CP II 32,20,26.6,0.51,90,9.5,170,333.33,1113,783.07,2,50
CP II 32,20,26.6,0.51,100,9.5,175,343.14,1107,767.34,2,50
CP II 32,20,26.6,0.51,110,9.5,180,352.94,1101,751.61,2,50
CP II 32,20,26.6,0.51,120,9.5,185,362.75,1095,735.88,2,50
CP II 32,20,26.6,0.51,130,9.5,190,372.55,1089,720.15,2,50
CP II 32,20,26.6,0.51,140,9.5,195,382.35,1083,704.42,2,50
CP II 32,20,26.6,0.51,70,12.5,148,290.2,1141,850.75,2,50
CP II 32,20,26.6,0.51,80,12.5,155,303.92,1132,829.3,2,50
CP II 32,20,26.6,0.51,90,12.5,161,315.69,1125,810.24,2,50
CP II 32,20,26.6,0.51,100,12.5,167,327.45,1117,792.13,2,50
CP II 32,20,26.6,0.51,110,12.5,173,339.22,1109,774.02,2,50
CP II 32,20,26.6,0.51,120,12.5,180,352.94,1102,750.66,2,50
CP II 32,20,26.6,0.51,130,12.5,186,364.71,1093,733.5,2,50
CP II 32,20,26.6,0.51,140,12.5,192,376.47,1087,713.48,2,50
CP II 32,20,26.6,0.51,70,19,142,278.43,1148,869.82,2,50
CP II 32,20,26.6,0.51,80,19,149,292.16,1140,847.41,2,50
CP II 32,20,26.6,0.51,90,19,156,305.88,1131,825.97,2,50
CP II 32,20,26.6,0.51,100,19,163,319.61,1122.67,803.88,2,50
CP II 32,20,26.6,0.51,110,19,169,331.37,1114.17,786.25,2,50
CP II 32,20,26.6,0.51,120,19,176,345.1,1105.67,764.32,2,50
CP II 32,20,26.6,0.51,130,19,183,358.82,1097.17,742.4,2,50
CP II 32,20,26.6,0.51,140,19,190,372.55,1088.67,720.47,2,50
CP II 32,20,26.6,0.51,70,25,133,260.78,1158,898.89,2,50
CP II 32,20,26.6,0.51,80,25,140,274.51,1150,876.49,2,50
CP II 32,20,26.6,0.51,90,25,148,290.2,1141,850.75,2,50
CP II 32,20,26.6,0.51,100,25,155,303.92,1132.67,828.67,2,50
CP II 32,20,26.6,0.51,110,25,163,319.61,1123,803.56,2,50
CP II 32,20,26.6,0.51,120,25,170,333.33,1113,783.07,2,50
CP II 32,20,26.6,0.51,130,25,178,349.02,1103,758.29,2,50
CP II 32,20,26.6,0.51,140,25,185,362.75,1095,735.88,2,50
CP II 32,20,26.6,0.51,70,9.5,160,313.73,1148,792.53,2,49
CP II 32,20,26.6,0.51,80,9.5,165,323.53,1143,775.85,2,49
CP II 32,20,26.6,0.51,90,9.5,170,333.33,1136,761.08,2,49
CP II 32,20,26.6,0.51,100,9.5,175,343.14,1130.33,745.03,2,49
CP II 32,20,26.6,0.51,110,9.5,180,352.94,1124.33,729.3,2,49
CP II 32,20,26.6,0.51,120,9.5,185,362.75,1116,715.8,2,49
CP II 32,20,26.6,0.51,130,9.5,190,372.55,1110,700.07,2,49
CP II 32,20,26.6,0.51,140,9.5,195,382.35,1104,684.34,2,49
CP II 32,20,26.6,0.51,70,12.5,148,290.2,1163,829.71,2,49
CP II 32,20,26.6,0.51,80,12.5,155,303.92,1155,807.31,2,49
CP II 32,20,26.6,0.51,90,12.5,161,315.69,1147,789.2,2,49
CP II 32,20,26.6,0.51,100,12.5,167,327.45,1139,771.09,2,49
CP II 32,20,26.6,0.51,110,12.5,173,339.22,1133,751.06,2,49
CP II 32,20,26.6,0.51,120,12.5,180,352.94,1123,730.57,2,49
CP II 32,20,26.6,0.51,130,12.5,186,364.71,1115,712.46,2,49
CP II 32,20,26.6,0.51,140,12.5,192,376.47,1109,692.44,2,49
CP II 32,20,26.6,0.51,70,19,142,278.43,1170,848.78,2,49
CP II 32,20,26.6,0.51,80,19,149,292.16,1163,825.42,2,49
CP II 32,20,26.6,0.51,90,19,156,305.88,1153,804.93,2,49
CP II 32,20,26.6,0.51,100,19,163,319.61,1145,782.52,2,49
CP II 32,20,26.6,0.51,110,19,169,331.37,1136.5,764.89,2,49
CP II 32,20,26.6,0.51,120,19,176,345.1,1128,742.97,2,49
CP II 32,20,26.6,0.51,130,19,183,358.82,1119.5,721.04,2,49
CP II 32,20,26.6,0.51,140,19,190,372.55,1111,699.11,2,49
CP II 32,20,26.6,0.51,70,25,133,260.78,1182,875.94,2,49
CP II 32,20,26.6,0.51,80,25,140,274.51,1174,853.54,2,49
CP II 32,20,26.6,0.51,90,25,148,290.2,1163,829.71,2,49
CP II 32,20,26.6,0.51,100,25,155,303.92,1154,808.26,2,49
CP II 32,20,26.6,0.51,110,25,163,319.61,1144.5,783,2,49
CP II 32,20,26.6,0.51,120,25,170,333.33,1135,762.03,2,49
CP II 32,20,26.6,0.51,130,25,178,349.02,1125.5,736.77,2,49
CP II 32,20,26.6,0.51,140,25,185,362.75,1116,715.8,2,49
CP II 32,20,26.6,0.51,70,9.5,160,313.73,1172,769.58,2,48
CP II 32,20,26.6,0.51,80,9.5,165,323.53,1165,754.81,2,48
CP II 32,20,26.6,0.51,90,9.5,170,333.33,1158,740.04,2,48
CP II 32,20,26.6,0.51,100,9.5,175,343.14,1153,723.35,2,48
CP II 32,20,26.6,0.51,110,9.5,180,352.94,1146,708.58,2,48
CP II 32,20,26.6,0.51,120,9.5,185,362.75,1139,693.8,2,48
CP II 32,20,26.6,0.51,130,9.5,190,372.55,1132,679.03,2,48
CP II 32,20,26.6,0.51,140,9.5,195,382.35,1127,662.34,2,48
CP II 32,20,26.6,0.51,70,12.5,148,290.2,1187,806.76,2,48
CP II 32,20,26.6,0.51,80,12.5,155,303.92,1179,784.35,2,48
CP II 32,20,26.6,0.51,90,12.5,161,315.69,1169,768.16,2,48
CP II 32,20,26.6,0.51,100,12.5,167,327.45,1162,749.09,2,48
CP II 32,20,26.6,0.51,110,12.5,173,339.22,1154,730.98,2,48
CP II 32,20,26.6,0.51,120,12.5,180,352.94,1145,709.53,2,48
CP II 32,20,26.6,0.51,130,12.5,186,364.71,1137,691.42,2,48
CP II 32,20,26.6,0.51,140,12.5,192,376.47,1130,672.36,2,48
CP II 32,20,26.6,0.51,70,19,142,278.43,1195,824.87,2,48
CP II 32,20,26.6,0.51,80,19,149,292.16,1185,804.38,2,48
CP II 32,20,26.6,0.51,90,19,156,305.88,1177,781.97,2,48
CP II 32,20,26.6,0.51,100,19,163,319.61,1167.67,760.84,2,48
CP II 32,20,26.6,0.51,110,19,169,331.37,1161,741.46,2,48
CP II 32,20,26.6,0.51,120,19,176,345.1,1152,720.01,2,48
CP II 32,20,26.6,0.51,130,19,183,358.82,1143,698.57,2,48
CP II 32,20,26.6,0.51,140,19,190,372.55,1134,677.12,2,48
CP II 32,20,26.6,0.51,70,25,133,260.78,1205,853.95,2,48
CP II 32,20,26.6,0.51,80,25,140,274.51,1197,831.54,2,48
CP II 32,20,26.6,0.51,90,25,148,290.2,1187,806.76,2,48
CP II 32,20,26.6,0.51,100,25,155,303.92,1178.33,784.99,2,48
CP II 32,20,26.6,0.51,110,25,163,319.61,1167,761.48,2,48
CP II 32,20,26.6,0.51,120,25,170,333.33,1158,740.04,2,48
CP II 32,20,26.6,0.51,130,25,178,349.02,1149,714.29,2,48
CP II 32,20,26.6,0.51,140,25,185,362.75,1140,692.85,2,48
CP II 32,20,26.6,0.51,70,9.5,160,313.73,1194,748.54,2,47
CP II 32,20,26.6,0.51,80,9.5,165,323.53,1188,732.81,2,47
CP II 32,20,26.6,0.51,90,9.5,170,333.33,1182,717.08,2,47
CP II 32,20,26.6,0.51,100,9.5,175,343.14,1174,703.27,2,47
CP II 32,20,26.6,0.51,110,9.5,180,352.94,1168,687.54,2,47
CP II 32,20,26.6,0.51,120,9.5,185,362.75,1162,671.81,2,47
CP II 32,20,26.6,0.51,130,9.5,190,372.55,1156,656.08,2,47
CP II 32,20,26.6,0.51,140,9.5,195,382.35,1149,641.3,2,47
CP II 32,20,26.6,0.51,70,12.5,148,290.2,1209,785.72,2,47
CP II 32,20,26.6,0.51,80,12.5,155,303.92,1201,763.31,2,47
CP II 32,20,26.6,0.51,90,12.5,161,315.69,1193,745.2,2,47
CP II 32,20,26.6,0.51,100,12.5,167,327.45,1185,727.09,2,47
CP II 32,20,26.6,0.51,110,12.5,173,339.22,1177,708.98,2,47
CP II 32,20,26.6,0.51,120,12.5,180,352.94,1169,686.58,2,47
CP II 32,20,26.6,0.51,130,12.5,186,364.71,1161,668.47,2,47
CP II 32,20,26.6,0.51,140,12.5,192,376.47,1153,650.36,2,47
CP II 32,20,26.6,0.51,70,19,142,278.43,1217,803.83,2,47
CP II 32,20,26.6,0.51,80,19,149,292.16,1209,781.42,2,47
CP II 32,20,26.6,0.51,90,19,156,305.88,1199,760.93,2,47
CP II 32,20,26.6,0.51,100,19,163,319.61,1190.33,739.17,2,47
CP II 32,20,26.6,0.51,110,19,169,331.37,1183,720.42,2,47
CP II 32,20,26.6,0.51,120,19,176,345.1,1174,698.97,2,47
CP II 32,20,26.6,0.51,130,19,183,358.82,1163.33,679.12,2,47
CP II 32,20,26.6,0.51,140,19,190,372.55,1154.33,657.67,2,47
CP II 32,20,26.6,0.51,70,25,133,260.78,1229,830.99,2,47
CP II 32,20,26.6,0.51,80,25,140,274.51,1221,808.59,2,47
CP II 32,20,26.6,0.51,90,25,148,290.2,1211,783.81,2,47
CP II 32,20,26.6,0.51,100,25,155,303.92,1200,764.27,2,47
CP II 32,20,26.6,0.51,110,25,163,319.61,1191,738.53,2,47
CP II 32,20,26.6,0.51,120,25,170,333.33,1182,717.08,2,47
CP II 32,20,26.6,0.51,130,25,178,349.02,1170,694.21,2,47
CP II 32,20,26.6,0.51,140,25,185,362.75,1162,671.81,2,47
CP II 32,20,26.6,0.51,70,9.5,160,313.73,1217,726.54,2,46
CP II 32,20,26.6,0.51,80,9.5,165,323.53,1211,710.82,2,46
CP II 32,20,26.6,0.51,90,9.5,170,333.33,1205,695.09,2,46
CP II 32,20,26.6,0.51,100,9.5,175,343.14,1197,681.27,2,46
CP II 32,20,26.6,0.51,110,9.5,180,352.94,1191,665.54,2,46
CP II 32,20,26.6,0.51,120,9.5,185,362.75,1185,649.81,2,46
CP II 32,20,26.6,0.51,130,9.5,190,372.55,1177,635.99,2,46
CP II 32,20,26.6,0.51,140,9.5,195,382.35,1171,620.26,2,46
CP II 32,20,26.6,0.51,70,12.5,148,290.2,1233,762.77,2,46
CP II 32,20,26.6,0.51,80,12.5,155,303.92,1225,740.36,2,46
CP II 32,20,26.6,0.51,90,12.5,161,315.69,1217,722.25,2,46
CP II 32,20,26.6,0.51,100,12.5,167,327.45,1209,704.14,2,46
CP II 32,20,26.6,0.51,110,12.5,173,339.22,1201,686.03,2,46
CP II 32,20,26.6,0.51,120,12.5,180,352.94,1191,665.54,2,46
CP II 32,20,26.6,0.51,130,12.5,186,364.71,1183,647.43,2,46
CP II 32,20,26.6,0.51,140,12.5,192,376.47,1175,629.32,2,46
CP II 32,20,26.6,0.51,70,19,142,278.43,1241,780.88,2,46
CP II 32,20,26.6,0.51,80,19,149,292.16,1233,758.47,2,46
CP II 32,20,26.6,0.51,90,19,156,305.88,1223,737.98,2,46
CP II 32,20,26.6,0.51,100,19,163,319.61,1214.33,716.21,2,46
CP II 32,20,26.6,0.51,110,19,169,331.37,1205.33,699.06,2,46
CP II 32,20,26.6,0.51,120,19,176,345.1,1196.33,677.61,2,46
CP II 32,20,26.6,0.51,130,19,183,358.82,1187.33,656.17,2,46
CP II 32,20,26.6,0.51,140,19,190,372.55,1178.33,634.72,2,46
CP II 32,20,26.6,0.51,70,25,133,260.78,1253,808.04,2,46
CP II 32,20,26.6,0.51,80,25,140,274.51,1245,785.64,2,46
CP II 32,20,26.6,0.51,90,25,148,290.2,1233,762.77,2,46
CP II 32,20,26.6,0.51,100,25,155,303.92,1223.67,741.64,2,46
CP II 32,20,26.6,0.51,110,25,163,319.61,1213.67,716.85,2,46
CP II 32,20,26.6,0.51,120,25,170,333.33,1203.67,696.36,2,46
CP II 32,20,26.6,0.51,130,25,178,349.02,1193.67,671.58,2,46
CP II 32,20,26.6,0.51,140,25,185,362.75,1183.67,651.09,2,46
CP II 32,20,26.6,0.51,70,9.5,160,313.73,1241,703.59,2,45
CP II 32,20,26.6,0.51,80,9.5,165,323.53,1233,689.78,2,45
CP II 32,20,26.6,0.51,90,9.5,170,333.33,1227,674.05,2,45
CP II 32,20,26.6,0.51,100,9.5,175,343.14,1219.67,659.59,2,45
CP II 32,20,26.6,0.51,110,9.5,180,352.94,1212.67,644.82,2,45
CP II 32,20,26.6,0.51,120,9.5,185,362.75,1205.67,630.05,2,45
CP II 32,20,26.6,0.51,130,9.5,190,372.55,1198.67,615.27,2,45
CP II 32,20,26.6,0.51,140,9.5,195,382.35,1193,599.22,2,45
CP II 32,20,26.6,0.51,70,12.5,148,290.2,1257,739.81,2,45
CP II 32,20,26.6,0.51,80,12.5,155,303.92,1247,719.32,2,45
CP II 32,20,26.6,0.51,90,12.5,161,315.69,1239,701.21,2,45
CP II 32,20,26.6,0.51,100,12.5,167,327.45,1231,683.1,2,45
CP II 32,20,26.6,0.51,110,12.5,173,339.22,1223,664.99,2,45
CP II 32,20,26.6,0.51,120,12.5,180,352.94,1214,643.54,2,45
CP II 32,20,26.6,0.51,130,12.5,186,364.71,1205,626.39,2,45
CP II 32,20,26.6,0.51,140,12.5,192,376.47,1196,609.24,2,45
CP II 32,20,26.6,0.51,70,19,142,278.43,1264,758.88,2,45
CP II 32,20,26.6,0.51,80,19,149,292.16,1255,737.43,2,45
CP II 32,20,26.6,0.51,90,19,156,305.88,1246,715.98,2,45
CP II 32,20,26.6,0.51,100,19,163,319.61,1237,694.54,2,45
CP II 32,20,26.6,0.51,110,19,169,331.37,1228,677.38,2,45
CP II 32,20,26.6,0.51,120,19,176,345.1,1219,655.94,2,45
CP II 32,20,26.6,0.51,130,19,183,358.82,1210,634.49,2,45
CP II 32,20,26.6,0.51,140,19,190,372.55,1199,614.95,2,45
CP II 32,20,26.6,0.51,70,25,133,260.78,1277,785.09,2,45
CP II 32,20,26.6,0.51,80,25,140,274.51,1267,764.6,2,45
CP II 32,20,26.6,0.51,90,25,148,290.2,1257,739.81,2,45
CP II 32,20,26.6,0.51,100,25,155,303.92,1247,719.32,2,45
CP II 32,20,26.6,0.51,110,25,163,319.61,1237,694.54,2,45
CP II 32,20,26.6,0.51,120,25,170,333.33,1227,674.05,2,45
CP II 32,20,26.6,0.51,130,25,178,349.02,1217,649.26,2,45
CP II 32,20,26.6,0.51,140,25,185,362.75,1207,628.77,2,45
CP II 32,25,31.6,0.45,70,9.5,160,355.56,900,994.22,2,60
CP II 32,25,31.6,0.45,80,9.5,165,366.67,894,977.39,2,60
CP II 32,25,31.6,0.45,90,9.5,170,377.78,890,958.63,2,60
CP II 32,25,31.6,0.45,100,9.5,175,388.89,884.67,941.16,2,60
CP II 32,25,31.6,0.45,110,9.5,180,400,879.67,923.36,2,60
CP II 32,25,31.6,0.45,120,9.5,185,411.11,874.67,905.57,2,60
CP II 32,25,31.6,0.45,130,9.5,190,422.22,869.67,887.77,2,60
CP II 32,25,31.6,0.45,140,9.5,195,433.33,864.67,869.98,2,60
CP II 32,25,31.6,0.45,70,12.5,148,328.89,912,1036.93,2,60
CP II 32,25,31.6,0.45,80,12.5,155,344.44,905,1012.02,2,60
CP II 32,25,31.6,0.45,90,12.5,161,357.78,898,991.62,2,60
CP II 32,25,31.6,0.45,100,12.5,167,371.11,893,969.31,2,60
CP II 32,25,31.6,0.45,110,12.5,173,384.44,886,948.91,2,60
CP II 32,25,31.6,0.45,120,12.5,180,400,879,924,2,60
CP II 32,25,31.6,0.45,130,12.5,186,413.33,873,902.65,2,60
CP II 32,25,31.6,0.45,140,12.5,192,426.67,869,879.38,2,60
CP II 32,25,31.6,0.45,70,19,142,315.56,917,1059.24,2,60
CP II 32,25,31.6,0.45,80,19,149,331.11,911,1033.37,2,60
CP II 32,25,31.6,0.45,90,19,156,346.67,903,1009.42,2,60
CP II 32,25,31.6,0.45,100,19,163,362.22,896.33,984.18,2,60
CP II 32,25,31.6,0.45,110,19,169,375.56,891,962.19,2,60
CP II 32,25,31.6,0.45,120,19,176,391.11,884,937.28,2,60
CP II 32,25,31.6,0.45,130,19,183,406.67,877,912.37,2,60
CP II 32,25,31.6,0.45,140,19,190,422.22,870,887.46,2,60
CP II 32,25,31.6,0.45,70,25,133,295.56,927,1090.32,2,60
CP II 32,25,31.6,0.45,80,25,140,311.11,919,1066.36,2,60
CP II 32,25,31.6,0.45,90,25,148,328.89,911,1037.89,2,60
CP II 32,25,31.6,0.45,100,25,155,344.44,905,1012.02,2,60
CP II 32,25,31.6,0.45,110,25,163,362.22,897,983.55,2,60
CP II 32,25,31.6,0.45,120,25,170,377.78,889,959.59,2,60
CP II 32,25,31.6,0.45,130,25,178,395.56,881,931.12,2,60
CP II 32,25,31.6,0.45,140,25,185,411.11,875,905.25,2,60
CP II 32,25,31.6,0.45,70,9.5,160,355.56,922,973.18,2,59
CP II 32,25,31.6,0.45,80,9.5,165,366.67,917,955.39,2,59
CP II 32,25,31.6,0.45,90,9.5,170,377.78,912,937.59,2,59
CP II 32,25,31.6,0.45,100,9.5,175,388.89,907,919.8,2,59
CP II 32,25,31.6,0.45,110,9.5,180,400,902,902.01,2,59
CP II 32,25,31.6,0.45,120,9.5,185,411.11,897,884.21,2,59
CP II 32,25,31.6,0.45,130,9.5,190,422.22,892,866.42,2,59
CP II 32,25,31.6,0.45,140,9.5,195,433.33,887,848.62,2,59
CP II 32,25,31.6,0.45,70,12.5,148,328.89,935,1014.93,2,59
CP II 32,25,31.6,0.45,80,12.5,155,344.44,927,990.98,2,59
CP II 32,25,31.6,0.45,90,12.5,161,357.78,921,969.63,2,59
CP II 32,25,31.6,0.45,100,12.5,167,371.11,916,947.32,2,59
CP II 32,25,31.6,0.45,110,12.5,173,384.44,909,926.92,2,59
CP II 32,25,31.6,0.45,120,12.5,180,400,903,901.05,2,59
CP II 32,25,31.6,0.45,130,12.5,186,413.33,895,881.61,2,59
CP II 32,25,31.6,0.45,140,12.5,192,426.67,889,860.25,2,59
CP II 32,25,31.6,0.45,70,19,142,315.56,941,1036.29,2,59
CP II 32,25,31.6,0.45,80,19,149,331.11,933,1012.33,2,59
CP II 32,25,31.6,0.45,90,19,156,346.67,927,986.46,2,59
CP II 32,25,31.6,0.45,100,19,163,362.22,919.67,961.87,2,59
CP II 32,25,31.6,0.45,110,19,169,375.56,912.67,941.47,2,59
CP II 32,25,31.6,0.45,120,19,176,391.11,905.67,916.56,2,59
CP II 32,25,31.6,0.45,130,19,183,406.67,898.67,891.65,2,59
CP II 32,25,31.6,0.45,140,19,190,422.22,891.67,866.73,2,59
CP II 32,25,31.6,0.45,70,25,133,295.56,949,1069.28,2,59
CP II 32,25,31.6,0.45,80,25,140,311.11,943,1043.41,2,59
CP II 32,25,31.6,0.45,90,25,148,328.89,935,1014.93,2,59
CP II 32,25,31.6,0.45,100,25,155,344.44,928.33,989.7,2,59
CP II 32,25,31.6,0.45,110,25,163,362.22,920,961.55,2,59
CP II 32,25,31.6,0.45,120,25,170,377.78,912,937.59,2,59
CP II 32,25,31.6,0.45,130,25,178,395.56,905,908.17,2,59
CP II 32,25,31.6,0.45,140,25,185,411.11,897,884.21,2,59
CP II 32,25,31.6,0.45,70,9.5,160,355.56,945,951.19,2,58
CP II 32,25,31.6,0.45,80,9.5,165,366.67,939,934.35,2,58
CP II 32,25,31.6,0.45,90,9.5,170,377.78,935,915.6,2,58
CP II 32,25,31.6,0.45,100,9.5,175,388.89,929.67,898.12,2,58
CP II 32,25,31.6,0.45,110,9.5,180,400,924.67,880.33,2,58
CP II 32,25,31.6,0.45,120,9.5,185,411.11,919.67,862.53,2,58
CP II 32,25,31.6,0.45,130,9.5,190,422.22,914.67,844.74,2,58
CP II 32,25,31.6,0.45,140,9.5,195,433.33,909.67,826.94,2,58
CP II 32,25,31.6,0.45,70,12.5,148,328.89,958,992.94,2,58
CP II 32,25,31.6,0.45,80,12.5,155,344.44,949,969.94,2,58
CP II 32,25,31.6,0.45,90,12.5,161,357.78,943,948.59,2,58
CP II 32,25,31.6,0.45,100,12.5,167,371.11,937,927.23,2,58
CP II 32,25,31.6,0.45,110,12.5,173,384.44,931,905.88,2,58
CP II 32,25,31.6,0.45,120,12.5,180,400,924,880.97,2,58
CP II 32,25,31.6,0.45,130,12.5,186,413.33,919,858.66,2,58
CP II 32,25,31.6,0.45,140,12.5,192,426.67,912,838.26,2,58
CP II 32,25,31.6,0.45,70,19,142,315.56,964,1014.29,2,58
CP II 32,25,31.6,0.45,80,19,149,331.11,957,989.38,2,58
CP II 32,25,31.6,0.45,90,19,156,346.67,949,965.42,2,58
CP II 32,25,31.6,0.45,100,19,163,362.22,941.67,940.83,2,58
CP II 32,25,31.6,0.45,110,19,169,375.56,936,919.16,2,58
CP II 32,25,31.6,0.45,120,19,176,391.11,929,894.24,2,58
CP II 32,25,31.6,0.45,130,19,183,406.67,921,870.29,2,58
CP II 32,25,31.6,0.45,140,19,190,422.22,914,845.38,2,58
CP II 32,25,31.6,0.45,70,25,133,295.56,972,1047.28,2,58
CP II 32,25,31.6,0.45,80,25,140,311.11,965,1022.37,2,58
CP II 32,25,31.6,0.45,90,25,148,328.89,957,993.89,2,58
CP II 32,25,31.6,0.45,100,25,155,344.44,949.67,969.3,2,58
CP II 32,25,31.6,0.45,110,25,163,362.22,942.17,940.35,2,58
CP II 32,25,31.6,0.45,120,25,170,377.78,934.67,915.92,2,58
CP II 32,25,31.6,0.45,130,25,178,395.56,927.17,886.97,2,58
CP II 32,25,31.6,0.45,140,25,185,411.11,919.67,862.53,2,58
CP II 32,25,31.6,0.45,70,9.5,160,355.56,968,929.19,2,57
CP II 32,25,31.6,0.45,80,9.5,165,366.67,962,912.35,2,57
CP II 32,25,31.6,0.45,90,9.5,170,377.78,957,894.56,2,57
CP II 32,25,31.6,0.45,100,9.5,175,388.89,951.33,877.4,2,57
CP II 32,25,31.6,0.45,110,9.5,180,400,945.83,860.08,2,57
CP II 32,25,31.6,0.45,120,9.5,185,411.11,940.33,842.77,2,57
CP II 32,25,31.6,0.45,130,9.5,190,422.22,937,823.38,2,57
CP II 32,25,31.6,0.45,140,9.5,195,433.33,931,806.54,2,57
CP II 32,25,31.6,0.45,70,12.5,148,328.89,980,971.9,2,57
CP II 32,25,31.6,0.45,80,12.5,155,344.44,974,946.03,2,57
CP II 32,25,31.6,0.45,90,12.5,161,357.78,967,925.63,2,57
CP II 32,25,31.6,0.45,100,12.5,167,371.11,960.67,904.6,2,57
CP II 32,25,31.6,0.45,110,12.5,173,384.44,954.17,883.72,2,57
CP II 32,25,31.6,0.45,120,12.5,180,400,947.67,858.33,2,57
CP II 32,25,31.6,0.45,130,12.5,186,413.33,941.17,837.46,2,57
CP II 32,25,31.6,0.45,140,12.5,192,426.67,934.67,816.58,2,57
CP II 32,25,31.6,0.45,70,19,142,315.56,987,992.3,2,57
CP II 32,25,31.6,0.45,80,19,149,331.11,980,967.38,2,57
CP II 32,25,31.6,0.45,90,19,156,346.67,972,943.43,2,57
CP II 32,25,31.6,0.45,100,19,163,362.22,964.67,918.83,2,57
CP II 32,25,31.6,0.45,110,19,169,375.56,957.17,898.91,2,57
CP II 32,25,31.6,0.45,120,19,176,391.11,951,873.2,2,57
CP II 32,25,31.6,0.45,130,19,183,406.67,944,848.29,2,57
CP II 32,25,31.6,0.45,140,19,190,422.22,937,823.38,2,57
CP II 32,25,31.6,0.45,70,25,133,295.56,997,1023.37,2,57
CP II 32,25,31.6,0.45,80,25,140,311.11,989,999.41,2,57
CP II 32,25,31.6,0.45,90,25,148,328.89,981,970.94,2,57
CP II 32,25,31.6,0.45,100,25,155,344.44,973,946.99,2,57
CP II 32,25,31.6,0.45,110,25,163,362.22,965,918.51,2,57
CP II 32,25,31.6,0.45,120,25,170,377.78,957,894.56,2,57
CP II 32,25,31.6,0.45,130,25,178,395.56,949,866.09,2,57
CP II 32,25,31.6,0.45,140,25,185,411.11,941,842.13,2,57
CP II 32,25,31.6,0.45,70,9.5,160,355.56,991,907.19,2,56
CP II 32,25,31.6,0.45,80,9.5,165,366.67,984,891.31,2,56
CP II 32,25,31.6,0.45,90,9.5,170,377.78,979,873.52,2,56
CP II 32,25,31.6,0.45,100,9.5,175,388.89,975,854.77,2,56
CP II 32,25,31.6,0.45,110,9.5,180,400,969,837.93,2,56
CP II 32,25,31.6,0.45,120,9.5,185,411.11,963,821.09,2,56
CP II 32,25,31.6,0.45,130,9.5,190,422.22,958,803.3,2,56
CP II 32,25,31.6,0.45,140,9.5,195,433.33,952,786.46,2,56
CP II 32,25,31.6,0.45,70,12.5,148,328.89,1004,948.95,2,56
CP II 32,25,31.6,0.45,80,12.5,155,344.44,995,925.95,2,56
CP II 32,25,31.6,0.45,90,12.5,161,357.78,990,903.64,2,56
CP II 32,25,31.6,0.45,100,12.5,167,371.11,982.33,883.88,2,56
CP II 32,25,31.6,0.45,110,12.5,173,384.44,975.33,863.48,2,56
CP II 32,25,31.6,0.45,120,12.5,180,400,968.33,838.57,2,56
CP II 32,25,31.6,0.45,130,12.5,186,413.33,961.33,818.17,2,56
CP II 32,25,31.6,0.45,140,12.5,192,426.67,955,797.13,2,56
CP II 32,25,31.6,0.45,70,19,142,315.56,1010,970.3,2,56
CP II 32,25,31.6,0.45,80,19,149,331.11,1002,946.34,2,56
CP II 32,25,31.6,0.45,90,19,156,346.67,994,922.39,2,56
CP II 32,25,31.6,0.45,100,19,163,362.22,988,896.52,2,56
CP II 32,25,31.6,0.45,110,19,169,375.56,980,877.08,2,56
CP II 32,25,31.6,0.45,120,19,176,391.11,973,852.16,2,56
CP II 32,25,31.6,0.45,130,19,183,406.67,965,828.21,2,56
CP II 32,25,31.6,0.45,140,19,190,422.22,957,804.25,2,56
CP II 32,25,31.6,0.45,70,25,133,295.56,1020,1001.37,2,56
CP II 32,25,31.6,0.45,80,25,140,311.11,1012,977.42,2,56
CP II 32,25,31.6,0.45,90,25,148,328.89,1004,948.95,2,56
CP II 32,25,31.6,0.45,100,25,155,344.44,996,924.99,2,56
CP II 32,25,31.6,0.45,110,25,163,362.22,988,896.52,2,56
CP II 32,25,31.6,0.45,120,25,170,377.78,980,872.56,2,56
CP II 32,25,31.6,0.45,130,25,178,395.56,972,844.09,2,56
CP II 32,25,31.6,0.45,140,25,185,411.11,964,820.13,2,56
CP II 32,25,31.6,0.45,70,9.5,160,355.56,1013,886.15,2,55
CP II 32,25,31.6,0.45,80,9.5,165,366.67,1007,869.32,2,55
CP II 32,25,31.6,0.45,90,9.5,170,377.78,1002,851.52,2,55
CP II 32,25,31.6,0.45,100,9.5,175,388.89,996.33,834.36,2,55
CP II 32,25,31.6,0.45,110,9.5,180,400,990.83,817.05,2,55
CP II 32,25,31.6,0.45,120,9.5,185,411.11,985.33,799.73,2,55
CP II 32,25,31.6,0.45,130,9.5,190,422.22,979.83,782.42,2,55
CP II 32,25,31.6,0.45,140,9.5,195,433.33,974.33,765.1,2,55
CP II 32,25,31.6,0.45,70,12.5,148,328.89,1027,926.95,2,55
CP II 32,25,31.6,0.45,80,12.5,155,344.44,1019,902.99,2,55
CP II 32,25,31.6,0.45,90,12.5,161,357.78,1011,883.55,2,55
CP II 32,25,31.6,0.45,100,12.5,167,371.11,1005,862.2,2,55
CP II 32,25,31.6,0.45,110,12.5,173,384.44,1000,839.89,2,55
CP II 32,25,31.6,0.45,120,12.5,180,400,992,815.93,2,55
CP II 32,25,31.6,0.45,130,12.5,186,413.33,985,795.54,2,55
CP II 32,25,31.6,0.45,140,12.5,192,426.67,977,776.09,2,55
CP II 32,25,31.6,0.45,70,19,142,315.56,1033,948.3,2,55
CP II 32,25,31.6,0.45,80,19,149,331.11,1025,924.35,2,55
CP II 32,25,31.6,0.45,90,19,156,346.67,1017,900.39,2,55
CP II 32,25,31.6,0.45,100,19,163,362.22,1009,876.43,2,55
CP II 32,25,31.6,0.45,110,19,169,375.56,1003,855.08,2,55
CP II 32,25,31.6,0.45,120,19,176,391.11,996,830.17,2,55
CP II 32,25,31.6,0.45,130,19,183,406.67,988,806.21,2,55
CP II 32,25,31.6,0.45,140,19,190,422.22,981,781.3,2,55
CP II 32,25,31.6,0.45,70,25,133,295.56,1042,980.33,2,55
CP II 32,25,31.6,0.45,80,25,140,311.11,1035,955.42,2,55
CP II 32,25,31.6,0.45,90,25,148,328.89,1027,926.95,2,55
CP II 32,25,31.6,0.45,100,25,155,344.44,1019.67,902.36,2,55
CP II 32,25,31.6,0.45,110,25,163,362.22,1010,875.48,2,55
CP II 32,25,31.6,0.45,120,25,170,377.78,1002,851.52,2,55
CP II 32,25,31.6,0.45,130,25,178,395.56,994,823.05,2,55
CP II 32,25,31.6,0.45,140,25,185,411.11,985,800.05,2,55
CP II 32,25,31.6,0.45,70,9.5,160,355.56,1037,863.2,2,54
CP II 32,25,31.6,0.45,80,9.5,165,366.67,1030,847.32,2,54
CP II 32,25,31.6,0.45,90,9.5,170,377.78,1024,830.48,2,54
CP II 32,25,31.6,0.45,100,9.5,175,388.89,1019,812.69,2,54
CP II 32,25,31.6,0.45,110,9.5,180,400,1013,795.85,2,54
CP II 32,25,31.6,0.45,120,9.5,185,411.11,1007,779.01,2,54
CP II 32,25,31.6,0.45,130,9.5,190,422.22,1002,761.22,2,54
CP II 32,25,31.6,0.45,140,9.5,195,433.33,997,743.42,2,54
CP II 32,25,31.6,0.45,70,12.5,148,328.89,1050,904.95,2,54
CP II 32,25,31.6,0.45,80,12.5,155,344.44,1042,881,2,54
CP II 32,25,31.6,0.45,90,12.5,161,357.78,1034,861.56,2,54
CP II 32,25,31.6,0.45,100,12.5,167,371.11,1028,840.2,2,54
CP II 32,25,31.6,0.45,110,12.5,173,384.44,1022,818.85,2,54
CP II 32,25,31.6,0.45,120,12.5,180,400,1013,795.85,2,54
CP II 32,25,31.6,0.45,130,12.5,186,413.33,1006,775.45,2,54
CP II 32,25,31.6,0.45,140,12.5,192,426.67,999,755.05,2,54
CP II 32,25,31.6,0.45,70,19,142,315.56,1057,925.35,2,54
CP II 32,25,31.6,0.45,80,19,149,331.11,1048,902.35,2,54
CP II 32,25,31.6,0.45,90,19,156,346.67,1040,878.39,2,54
CP II 32,25,31.6,0.45,100,19,163,362.22,1033,853.48,2,54
CP II 32,25,31.6,0.45,110,19,169,375.56,1025,834.04,2,54
CP II 32,25,31.6,0.45,120,19,176,391.11,1017,810.08,2,54
CP II 32,25,31.6,0.45,130,19,183,406.67,1009,786.13,2,54
CP II 32,25,31.6,0.45,140,19,190,422.22,1002,761.22,2,54
CP II 32,25,31.6,0.45,70,25,133,295.56,1067,956.42,2,54
CP II 32,25,31.6,0.45,80,25,140,311.11,1059,932.47,2,54
CP II 32,25,31.6,0.45,90,25,148,328.89,1049,905.91,2,54
CP II 32,25,31.6,0.45,100,25,155,344.44,1042,881,2,54
CP II 32,25,31.6,0.45,110,25,163,362.22,1033,853.48,2,54
CP II 32,25,31.6,0.45,120,25,170,377.78,1024,830.48,2,54
CP II 32,25,31.6,0.45,130,25,178,395.56,1015,802.97,2,54
CP II 32,25,31.6,0.45,140,25,185,411.11,1007,779.01,2,54
CP II 32,25,31.6,0.45,70,9.5,160,355.56,1060,841.21,2,53
CP II 32,25,31.6,0.45,80,9.5,165,366.67,1053,825.32,2,53
CP II 32,25,31.6,0.45,90,9.5,170,377.78,1047,808.49,2,53
CP II 32,25,31.6,0.45,100,9.5,175,388.89,1042,790.69,2,53
CP II 32,25,31.6,0.45,110,9.5,180,400,1036,773.85,2,53
CP II 32,25,31.6,0.45,120,9.5,185,411.11,1029,757.97,2,53
CP II 32,25,31.6,0.45,130,9.5,190,422.22,1024,740.18,2,53
CP II 32,25,31.6,0.45,140,9.5,195,433.33,1018,723.34,2,53
CP II 32,25,31.6,0.45,70,12.5,148,328.89,1073,882.96,2,53
CP II 32,25,31.6,0.45,80,12.5,155,344.44,1064,859.96,2,53
CP II 32,25,31.6,0.45,90,12.5,161,357.78,1057,839.56,2,53
CP II 32,25,31.6,0.45,100,12.5,167,371.11,1051,818.21,2,53
CP II 32,25,31.6,0.45,110,12.5,173,384.44,1043,798.77,2,53
CP II 32,25,31.6,0.45,120,12.5,180,400,1035,774.81,2,53
CP II 32,25,31.6,0.45,130,12.5,186,413.33,1028,754.41,2,53
CP II 32,25,31.6,0.45,140,12.5,192,426.67,1021,734.01,2,53
CP II 32,25,31.6,0.45,70,19,142,315.56,1080,903.35,2,53
CP II 32,25,31.6,0.45,80,19,149,331.11,1072,879.4,2,53
CP II 32,25,31.6,0.45,90,19,156,346.67,1063,856.4,2,53
CP II 32,25,31.6,0.45,100,19,163,362.22,1054.67,832.76,2,53
CP II 32,25,31.6,0.45,110,19,169,375.56,1048,812.04,2,53
CP II 32,25,31.6,0.45,120,19,176,391.11,1040,788.09,2,53
CP II 32,25,31.6,0.45,130,19,183,406.67,1032,764.13,2,53
CP II 32,25,31.6,0.45,140,19,190,422.22,1024,740.18,2,53
CP II 32,25,31.6,0.45,70,25,133,295.56,1091,933.47,2,53
CP II 32,25,31.6,0.45,80,25,140,311.11,1081,911.43,2,53
CP II 32,25,31.6,0.45,90,25,148,328.89,1073,882.96,2,53
CP II 32,25,31.6,0.45,100,25,155,344.44,1063.67,860.28,2,53
CP II 32,25,31.6,0.45,110,25,163,362.22,1054.67,832.76,2,53
CP II 32,25,31.6,0.45,120,25,170,377.78,1047,808.49,2,53
CP II 32,25,31.6,0.45,130,25,178,395.56,1039,780.01,2,53
CP II 32,25,31.6,0.45,140,25,185,411.11,1029,757.97,2,53
CP II 32,25,31.6,0.45,70,9.5,160,355.56,1082,820.17,2,52
CP II 32,25,31.6,0.45,80,9.5,165,366.67,1075,804.28,2,52
CP II 32,25,31.6,0.45,90,9.5,170,377.78,1069,787.45,2,52
CP II 32,25,31.6,0.45,100,9.5,175,388.89,1064,769.65,2,52
CP II 32,25,31.6,0.45,110,9.5,180,400,1058,752.81,2,52
CP II 32,25,31.6,0.45,120,9.5,185,411.11,1052,735.97,2,52
CP II 32,25,31.6,0.45,130,9.5,190,422.22,1046,719.14,2,52
CP II 32,25,31.6,0.45,140,9.5,195,433.33,1041,701.34,2,52
CP II 32,25,31.6,0.45,70,12.5,148,328.89,1097,860,2,52
CP II 32,25,31.6,0.45,80,12.5,155,344.44,1087,837.96,2,52
CP II 32,25,31.6,0.45,90,12.5,161,357.78,1080,817.56,2,52
CP II 32,25,31.6,0.45,100,12.5,167,371.11,1073,797.17,2,52
CP II 32,25,31.6,0.45,110,12.5,173,384.44,1067,775.81,2,52
CP II 32,25,31.6,0.45,120,12.5,180,400,1059,751.86,2,52
CP II 32,25,31.6,0.45,130,12.5,186,413.33,1051,732.42,2,52
CP II 32,25,31.6,0.45,140,12.5,192,426.67,1043,712.97,2,52
CP II 32,25,31.6,0.45,70,19,142,315.56,1103,881.36,2,52
CP II 32,25,31.6,0.45,80,19,149,331.11,1094,858.36,2,52
CP II 32,25,31.6,0.45,90,19,156,346.67,1086,834.4,2,52
CP II 32,25,31.6,0.45,100,19,163,362.22,1077.33,811.08,2,52
CP II 32,25,31.6,0.45,110,19,169,375.56,1071,790.05,2,52
CP II 32,25,31.6,0.45,120,19,176,391.11,1062,767.05,2,52
CP II 32,25,31.6,0.45,130,19,183,406.67,1054,743.09,2,52
CP II 32,25,31.6,0.45,140,19,190,422.22,1046,719.14,2,52
CP II 32,25,31.6,0.45,70,25,133,295.56,1113,912.43,2,52
CP II 32,25,31.6,0.45,80,25,140,311.11,1105,888.48,2,52
CP II 32,25,31.6,0.45,90,25,148,328.89,1095,861.92,2,52
CP II 32,25,31.6,0.45,100,25,155,344.44,1087,837.96,2,52
CP II 32,25,31.6,0.45,110,25,163,362.22,1077.33,811.08,2,52
CP II 32,25,31.6,0.45,120,25,170,377.78,1070,786.49,2,52
CP II 32,25,31.6,0.45,130,25,178,395.56,1061,758.97,2,52
CP II 32,25,31.6,0.45,140,25,185,411.11,1052,735.97,2,52
CP II 32,25,31.6,0.45,70,9.5,160,355.56,1105,798.17,2,51
CP II 32,25,31.6,0.45,80,9.5,165,366.67,1099,781.33,2,51
CP II 32,25,31.6,0.45,90,9.5,170,377.78,1092,765.45,2,51
CP II 32,25,31.6,0.45,100,9.5,175,388.89,1085.67,748.93,2,51
CP II 32,25,31.6,0.45,110,9.5,180,400,1080,731.77,2,51
CP II 32,25,31.6,0.45,120,9.5,185,411.11,1075,713.98,2,51
CP II 32,25,31.6,0.45,130,9.5,190,422.22,1068,698.1,2,51
CP II 32,25,31.6,0.45,140,9.5,195,433.33,1062,681.26,2,51
CP II 32,25,31.6,0.45,70,12.5,148,328.89,1118,839.92,2,51
CP II 32,25,31.6,0.45,80,12.5,155,344.44,1110,815.96,2,51
CP II 32,25,31.6,0.45,90,12.5,161,357.78,1104,794.61,2,51
CP II 32,25,31.6,0.45,100,12.5,167,371.11,1096.67,774.53,2,51
CP II 32,25,31.6,0.45,110,12.5,173,384.44,1089.67,754.13,2,51
CP II 32,25,31.6,0.45,120,12.5,180,400,1081,730.82,2,51
CP II 32,25,31.6,0.45,130,12.5,186,413.33,1074,710.42,2,51
CP II 32,25,31.6,0.45,140,12.5,192,426.67,1067,690.02,2,51
CP II 32,25,31.6,0.45,70,19,142,315.56,1127,858.4,2,51
CP II 32,25,31.6,0.45,80,19,149,331.11,1117,836.36,2,51
CP II 32,25,31.6,0.45,90,19,156,346.67,1109,812.41,2,51
CP II 32,25,31.6,0.45,100,19,163,362.22,1102,787.49,2,51
CP II 32,25,31.6,0.45,110,19,169,375.56,1093,769.01,2,51
CP II 32,25,31.6,0.45,120,19,176,391.11,1085,745.05,2,51
CP II 32,25,31.6,0.45,130,19,183,406.67,1076,722.05,2,51
CP II 32,25,31.6,0.45,140,19,190,422.22,1068,698.1,2,51
CP II 32,25,31.6,0.45,70,25,133,295.56,1138,888.52,2,51
CP II 32,25,31.6,0.45,80,25,140,311.11,1129,865.52,2,51
CP II 32,25,31.6,0.45,90,25,148,328.89,1120,838.01,2,51
CP II 32,25,31.6,0.45,100,25,155,344.44,1111,815.01,2,51
CP II 32,25,31.6,0.45,110,25,163,362.22,1102,787.49,2,51
CP II 32,25,31.6,0.45,120,25,170,377.78,1093,764.49,2,51
CP II 32,25,31.6,0.45,130,25,178,395.56,1084,736.98,2,51
CP II 32,25,31.6,0.45,140,25,185,411.11,1075,713.98,2,51
CP II 32,25,31.6,0.45,70,9.5,160,355.56,1127,777.13,2,50
CP II 32,25,31.6,0.45,80,9.5,165,366.67,1121,760.29,2,50
CP II 32,25,31.6,0.45,90,9.5,170,377.78,1115,743.45,2,50
CP II 32,25,31.6,0.45,100,9.5,175,388.89,1109,726.61,2,50
CP II 32,25,31.6,0.45,110,9.5,180,400,1103,709.78,2,50
CP II 32,25,31.6,0.45,120,9.5,185,411.11,1097,692.94,2,50
CP II 32,25,31.6,0.45,130,9.5,190,422.22,1091,676.1,2,50
CP II 32,25,31.6,0.45,140,9.5,195,433.33,1085,659.26,2,50
CP II 32,25,31.6,0.45,70,12.5,148,328.89,1143,816.01,2,50
CP II 32,25,31.6,0.45,80,12.5,155,344.44,1134,793.01,2,50
CP II 32,25,31.6,0.45,90,12.5,161,357.78,1127,772.61,2,50
CP II 32,25,31.6,0.45,100,12.5,167,371.11,1119,753.17,2,50
CP II 32,25,31.6,0.45,110,12.5,173,384.44,1111,733.73,2,50
CP II 32,25,31.6,0.45,120,12.5,180,400,1104,708.82,2,50
CP II 32,25,31.6,0.45,130,12.5,186,413.33,1095,690.34,2,50
CP II 32,25,31.6,0.45,140,12.5,192,426.67,1089,668.98,2,50
CP II 32,25,31.6,0.45,70,19,142,315.56,1150,836.41,2,50
CP II 32,25,31.6,0.45,80,19,149,331.11,1142,812.45,2,50
CP II 32,25,31.6,0.45,90,19,156,346.67,1133,789.45,2,50
CP II 32,25,31.6,0.45,100,19,163,362.22,1124.67,765.82,2,50
CP II 32,25,31.6,0.45,110,19,169,375.56,1116.17,746.85,2,50
CP II 32,25,31.6,0.45,120,19,176,391.11,1107.67,723.37,2,50
CP II 32,25,31.6,0.45,130,19,183,406.67,1099.17,699.9,2,50
CP II 32,25,31.6,0.45,140,19,190,422.22,1090.67,676.42,2,50
CP II 32,25,31.6,0.45,70,25,133,295.56,1160,867.48,2,50
CP II 32,25,31.6,0.45,80,25,140,311.11,1152,843.53,2,50
CP II 32,25,31.6,0.45,90,25,148,328.89,1143,816.01,2,50
CP II 32,25,31.6,0.45,100,25,155,344.44,1134.67,792.37,2,50
CP II 32,25,31.6,0.45,110,25,163,362.22,1125,765.5,2,50
CP II 32,25,31.6,0.45,120,25,170,377.78,1115,743.45,2,50
CP II 32,25,31.6,0.45,130,25,178,395.56,1105,716.89,2,50
CP II 32,25,31.6,0.45,140,25,185,411.11,1097,692.94,2,50
CP II 32,25,31.6,0.45,70,9.5,160,355.56,1150,755.13,2,49
CP II 32,25,31.6,0.45,80,9.5,165,366.67,1145,737.34,2,49
CP II 32,25,31.6,0.45,90,9.5,170,377.78,1138,721.46,2,49
CP II 32,25,31.6,0.45,100,9.5,175,388.89,1132.33,704.3,2,49
CP II 32,25,31.6,0.45,110,9.5,180,400,1126.33,687.46,2,49
CP II 32,25,31.6,0.45,120,9.5,185,411.11,1118,672.85,2,49
CP II 32,25,31.6,0.45,130,9.5,190,422.22,1112,656.02,2,49
CP II 32,25,31.6,0.45,140,9.5,195,433.33,1106,639.18,2,49
CP II 32,25,31.6,0.45,70,12.5,148,328.89,1165,794.97,2,49
CP II 32,25,31.6,0.45,80,12.5,155,344.44,1157,771.02,2,49
CP II 32,25,31.6,0.45,90,12.5,161,357.78,1149,751.57,2,49
CP II 32,25,31.6,0.45,100,12.5,167,371.11,1141,732.13,2,49
CP II 32,25,31.6,0.45,110,12.5,173,384.44,1135,710.78,2,49
CP II 32,25,31.6,0.45,120,12.5,180,400,1125,688.74,2,49
CP II 32,25,31.6,0.45,130,12.5,186,413.33,1117,669.3,2,49
CP II 32,25,31.6,0.45,140,12.5,192,426.67,1111,647.94,2,49
CP II 32,25,31.6,0.45,70,19,142,315.56,1172,815.37,2,49
CP II 32,25,31.6,0.45,80,19,149,331.11,1165,790.46,2,49
CP II 32,25,31.6,0.45,90,19,156,346.67,1155,768.41,2,49
CP II 32,25,31.6,0.45,100,19,163,362.22,1147,744.46,2,49
CP II 32,25,31.6,0.45,110,19,169,375.56,1138.5,725.49,2,49
CP II 32,25,31.6,0.45,120,19,176,391.11,1130,702.02,2,49
CP II 32,25,31.6,0.45,130,19,183,406.67,1121.5,678.54,2,49
CP II 32,25,31.6,0.45,140,19,190,422.22,1113,655.06,2,49
CP II 32,25,31.6,0.45,70,25,133,295.56,1184,844.53,2,49
CP II 32,25,31.6,0.45,80,25,140,311.11,1176,820.57,2,49
CP II 32,25,31.6,0.45,90,25,148,328.89,1165,794.97,2,49
CP II 32,25,31.6,0.45,100,25,155,344.44,1156,771.97,2,49
CP II 32,25,31.6,0.45,110,25,163,362.22,1146.5,744.93,2,49
CP II 32,25,31.6,0.45,120,25,170,377.78,1137,722.41,2,49
CP II 32,25,31.6,0.45,130,25,178,395.56,1127.5,695.38,2,49
CP II 32,25,31.6,0.45,140,25,185,411.11,1118,672.85,2,49
CP II 32,25,31.6,0.45,70,9.5,160,355.56,1174,732.18,2,48
CP II 32,25,31.6,0.45,80,9.5,165,366.67,1167,716.3,2,48
CP II 32,25,31.6,0.45,90,9.5,170,377.78,1160,700.42,2,48
CP II 32,25,31.6,0.45,100,9.5,175,388.89,1155,682.62,2,48
CP II 32,25,31.6,0.45,110,9.5,180,400,1148,666.74,2,48
CP II 32,25,31.6,0.45,120,9.5,185,411.11,1141,650.86,2,48
CP II 32,25,31.6,0.45,130,9.5,190,422.22,1134,634.98,2,48
CP II 32,25,31.6,0.45,140,9.5,195,433.33,1129,617.18,2,48
CP II 32,25,31.6,0.45,70,12.5,148,328.89,1189,772.02,2,48
CP II 32,25,31.6,0.45,80,12.5,155,344.44,1181,748.06,2,48
CP II 32,25,31.6,0.45,90,12.5,161,357.78,1171,730.53,2,48
CP II 32,25,31.6,0.45,100,12.5,167,371.11,1164,710.14,2,48
CP II 32,25,31.6,0.45,110,12.5,173,384.44,1156,690.7,2,48
CP II 32,25,31.6,0.45,120,12.5,180,400,1147,667.7,2,48
CP II 32,25,31.6,0.45,130,12.5,186,413.33,1139,648.26,2,48
CP II 32,25,31.6,0.45,140,12.5,192,426.67,1132,627.86,2,48
CP II 32,25,31.6,0.45,70,19,142,315.56,1197,791.46,2,48
CP II 32,25,31.6,0.45,80,19,149,331.11,1187,769.42,2,48
CP II 32,25,31.6,0.45,90,19,156,346.67,1179,745.46,2,48
CP II 32,25,31.6,0.45,100,19,163,362.22,1169.67,722.78,2,48
CP II 32,25,31.6,0.45,110,19,169,375.56,1163,702.06,2,48
CP II 32,25,31.6,0.45,120,19,176,391.11,1154,679.06,2,48
CP II 32,25,31.6,0.45,130,19,183,406.67,1145,656.06,2,48
CP II 32,25,31.6,0.45,140,19,190,422.22,1136,633.06,2,48
CP II 32,25,31.6,0.45,70,25,133,295.56,1207,822.53,2,48
CP II 32,25,31.6,0.45,80,25,140,311.11,1199,798.58,2,48
CP II 32,25,31.6,0.45,90,25,148,328.89,1189,772.02,2,48
CP II 32,25,31.6,0.45,100,25,155,344.44,1180.33,748.7,2,48
CP II 32,25,31.6,0.45,110,25,163,362.22,1169,723.42,2,48
CP II 32,25,31.6,0.45,120,25,170,377.78,1160,700.42,2,48
CP II 32,25,31.6,0.45,130,25,178,395.56,1151,672.9,2,48
CP II 32,25,31.6,0.45,140,25,185,411.11,1142,649.9,2,48
CP II 32,25,31.6,0.45,70,9.5,160,355.56,1196,711.14,2,47
CP II 32,25,31.6,0.45,80,9.5,165,366.67,1190,694.3,2,47
CP II 32,25,31.6,0.45,90,9.5,170,377.78,1184,677.46,2,47
CP II 32,25,31.6,0.45,100,9.5,175,388.89,1176,662.54,2,47
CP II 32,25,31.6,0.45,110,9.5,180,400,1170,645.7,2,47
CP II 32,25,31.6,0.45,120,9.5,185,411.11,1164,628.86,2,47
CP II 32,25,31.6,0.45,130,9.5,190,422.22,1158,612.02,2,47
CP II 32,25,31.6,0.45,140,9.5,195,433.33,1151,596.14,2,47
CP II 32,25,31.6,0.45,70,12.5,148,328.89,1211,750.98,2,47
CP II 32,25,31.6,0.45,80,12.5,155,344.44,1203,727.02,2,47
CP II 32,25,31.6,0.45,90,12.5,161,357.78,1195,707.58,2,47
CP II 32,25,31.6,0.45,100,12.5,167,371.11,1187,688.14,2,47
CP II 32,25,31.6,0.45,110,12.5,173,384.44,1179,668.7,2,47
CP II 32,25,31.6,0.45,120,12.5,180,400,1171,644.74,2,47
CP II 32,25,31.6,0.45,130,12.5,186,413.33,1163,625.3,2,47
CP II 32,25,31.6,0.45,140,12.5,192,426.67,1155,605.86,2,47
CP II 32,25,31.6,0.45,70,19,142,315.56,1219,770.42,2,47
CP II 32,25,31.6,0.45,80,19,149,331.11,1211,746.46,2,47
CP II 32,25,31.6,0.45,90,19,156,346.67,1201,724.42,2,47
CP II 32,25,31.6,0.45,100,19,163,362.22,1192.33,701.1,2,47
CP II 32,25,31.6,0.45,110,19,169,375.56,1185,681.02,2,47
CP II 32,25,31.6,0.45,120,19,176,391.11,1176,658.02,2,47
CP II 32,25,31.6,0.45,130,19,183,406.67,1165.33,636.62,2,47
CP II 32,25,31.6,0.45,140,19,190,422.22,1156.33,613.62,2,47
CP II 32,25,31.6,0.45,70,25,133,295.56,1231,799.58,2,47
CP II 32,25,31.6,0.45,80,25,140,311.11,1223,775.62,2,47
CP II 32,25,31.6,0.45,90,25,148,328.89,1213,749.07,2,47
CP II 32,25,31.6,0.45,100,25,155,344.44,1202,727.98,2,47
CP II 32,25,31.6,0.45,110,25,163,362.22,1193,700.46,2,47
CP II 32,25,31.6,0.45,120,25,170,377.78,1184,677.46,2,47
CP II 32,25,31.6,0.45,130,25,178,395.56,1172,652.82,2,47
CP II 32,25,31.6,0.45,140,25,185,411.11,1164,628.86,2,47
CP II 32,25,31.6,0.45,70,9.5,160,355.56,1219,689.14,2,46
CP II 32,25,31.6,0.45,80,9.5,165,366.67,1213,672.31,2,46
CP II 32,25,31.6,0.45,90,9.5,170,377.78,1207,655.47,2,46
CP II 32,25,31.6,0.45,100,9.5,175,388.89,1199,640.54,2,46
CP II 32,25,31.6,0.45,110,9.5,180,400,1193,623.7,2,46
CP II 32,25,31.6,0.45,120,9.5,185,411.11,1187,606.87,2,46
CP II 32,25,31.6,0.45,130,9.5,190,422.22,1179,591.94,2,46
CP II 32,25,31.6,0.45,140,9.5,195,433.33,1173,575.1,2,46
CP II 32,25,31.6,0.45,70,12.5,148,328.89,1235,728.03,2,46
CP II 32,25,31.6,0.45,80,12.5,155,344.44,1227,704.07,2,46
CP II 32,25,31.6,0.45,90,12.5,161,357.78,1219,684.63,2,46
CP II 32,25,31.6,0.45,100,12.5,167,371.11,1211,665.19,2,46
CP II 32,25,31.6,0.45,110,12.5,173,384.44,1203,645.75,2,46
CP II 32,25,31.6,0.45,120,12.5,180,400,1193,623.7,2,46
CP II 32,25,31.6,0.45,130,12.5,186,413.33,1185,604.26,2,46
CP II 32,25,31.6,0.45,140,12.5,192,426.67,1177,584.82,2,46
CP II 32,25,31.6,0.45,70,19,142,315.56,1243,747.47,2,46
CP II 32,25,31.6,0.45,80,19,149,331.11,1235,723.51,2,46
CP II 32,25,31.6,0.45,90,19,156,346.67,1225,701.47,2,46
CP II 32,25,31.6,0.45,100,19,163,362.22,1216.33,678.15,2,46
CP II 32,25,31.6,0.45,110,19,169,375.56,1207.33,659.66,2,46
CP II 32,25,31.6,0.45,120,19,176,391.11,1198.33,636.66,2,46
CP II 32,25,31.6,0.45,130,19,183,406.67,1189.33,613.66,2,46
CP II 32,25,31.6,0.45,140,19,190,422.22,1180.33,590.66,2,46
CP II 32,25,31.6,0.45,70,25,133,295.56,1255,776.63,2,46
CP II 32,25,31.6,0.45,80,25,140,311.11,1247,752.67,2,46
CP II 32,25,31.6,0.45,90,25,148,328.89,1235,728.03,2,46
CP II 32,25,31.6,0.45,100,25,155,344.44,1225.67,705.34,2,46
CP II 32,25,31.6,0.45,110,25,163,362.22,1215.67,678.79,2,46
CP II 32,25,31.6,0.45,120,25,170,377.78,1205.67,656.74,2,46
CP II 32,25,31.6,0.45,130,25,178,395.56,1195.67,630.18,2,46
CP II 32,25,31.6,0.45,140,25,185,411.11,1185.67,608.14,2,46
CP II 32,25,31.6,0.45,70,9.5,160,355.56,1243,666.19,2,45
CP II 32,25,31.6,0.45,80,9.5,165,366.67,1235,651.27,2,45
CP II 32,25,31.6,0.45,90,9.5,170,377.78,1229,634.43,2,45
CP II 32,25,31.6,0.45,100,9.5,175,388.89,1221.67,618.86,2,45
CP II 32,25,31.6,0.45,110,9.5,180,400,1214.67,602.98,2,45
CP II 32,25,31.6,0.45,120,9.5,185,411.11,1207.67,587.1,2,45
CP II 32,25,31.6,0.45,130,9.5,190,422.22,1200.67,571.22,2,45
CP II 32,25,31.6,0.45,140,9.5,195,433.33,1195,554.06,2,45
CP II 32,25,31.6,0.45,70,12.5,148,328.89,1259,705.07,2,45
CP II 32,25,31.6,0.45,80,12.5,155,344.44,1249,683.03,2,45
CP II 32,25,31.6,0.45,90,12.5,161,357.78,1241,663.59,2,45
CP II 32,25,31.6,0.45,100,12.5,167,371.11,1233,644.15,2,45
CP II 32,25,31.6,0.45,110,12.5,173,384.44,1225,624.71,2,45
CP II 32,25,31.6,0.45,120,12.5,180,400,1216,601.71,2,45
CP II 32,25,31.6,0.45,130,12.5,186,413.33,1207,583.22,2,45
CP II 32,25,31.6,0.45,140,12.5,192,426.67,1198,564.74,2,45
CP II 32,25,31.6,0.45,70,19,142,315.56,1266,725.47,2,45
CP II 32,25,31.6,0.45,80,19,149,331.11,1257,702.47,2,45
CP II 32,25,31.6,0.45,90,19,156,346.67,1248,679.47,2,45
CP II 32,25,31.6,0.45,100,19,163,362.22,1239,656.47,2,45
CP II 32,25,31.6,0.45,110,19,169,375.56,1230,637.99,2,45
CP II 32,25,31.6,0.45,120,19,176,391.11,1221,614.99,2,45
CP II 32,25,31.6,0.45,130,19,183,406.67,1212,591.99,2,45
CP II 32,25,31.6,0.45,140,19,190,422.22,1201,570.9,2,45
CP II 32,25,31.6,0.45,70,25,133,295.56,1279,753.68,2,45
CP II 32,25,31.6,0.45,80,25,140,311.11,1269,731.63,2,45
CP II 32,25,31.6,0.45,90,25,148,328.89,1259,705.07,2,45
CP II 32,25,31.6,0.45,100,25,155,344.44,1249,683.03,2,45
CP II 32,25,31.6,0.45,110,25,163,362.22,1239,656.47,2,45
CP II 32,25,31.6,0.45,120,25,170,377.78,1229,634.43,2,45
CP II 32,25,31.6,0.45,130,25,178,395.56,1219,607.87,2,45
CP II 32,25,31.6,0.45,140,25,185,411.11,1209,585.83,2,45
CP II 32,30,36.6,0.39,70,9.5,160,410.26,904,943.99,2,60
CP II 32,30,36.6,0.39,80,9.5,165,423.08,898,925.7,2,60
CP II 32,30,36.6,0.39,90,9.5,170,435.9,894,905.5,2,60
CP II 32,30,36.6,0.39,100,9.5,175,448.72,888.67,886.57,2,60
CP II 32,30,36.6,0.39,110,9.5,180,461.54,883.67,867.33,2,60
CP II 32,30,36.6,0.39,120,9.5,185,474.36,878.67,848.09,2,60
CP II 32,30,36.6,0.39,130,9.5,190,487.18,873.67,828.84,2,60
CP II 32,30,36.6,0.39,140,9.5,195,500,868.67,809.6,2,60
CP II 32,30,36.6,0.39,70,12.5,148,379.49,914,992.09,2,60
CP II 32,30,36.6,0.39,80,12.5,155,397.44,909,963.24,2,60
CP II 32,30,36.6,0.39,90,12.5,161,412.82,902,941.1,2,60
CP II 32,30,36.6,0.39,100,12.5,167,428.21,897,917.05,2,60
CP II 32,30,36.6,0.39,110,12.5,173,443.59,890,894.91,2,60
CP II 32,30,36.6,0.39,120,12.5,180,461.54,883,867.97,2,60
CP II 32,30,36.6,0.39,130,12.5,186,476.92,877,844.87,2,60
CP II 32,30,36.6,0.39,140,12.5,192,492.31,873,819.87,2,60
CP II 32,30,36.6,0.39,70,19,142,364.1,919,1016.14,2,60
CP II 32,30,36.6,0.39,80,19,149,382.05,913,988.24,2,60
CP II 32,30,36.6,0.39,90,19,156,400,907,960.34,2,60
CP II 32,30,36.6,0.39,100,19,163,417.95,900.33,933.08,2,60
CP II 32,30,36.6,0.39,110,19,169,433.33,895,909.35,2,60
CP II 32,30,36.6,0.39,120,19,176,451.28,888,882.41,2,60
CP II 32,30,36.6,0.39,130,19,183,469.23,881,855.46,2,60
CP II 32,30,36.6,0.39,140,19,190,487.18,874,828.52,2,60
CP II 32,30,36.6,0.39,70,25,133,341.03,929,1049.83,2,60
CP II 32,30,36.6,0.39,80,25,140,358.97,921,1023.84,2,60
CP II 32,30,36.6,0.39,90,25,148,379.49,915,991.14,2,60
CP II 32,30,36.6,0.39,100,25,155,397.44,909,963.24,2,60
CP II 32,30,36.6,0.39,110,25,163,417.95,901,932.44,2,60
CP II 32,30,36.6,0.39,120,25,170,435.9,893,906.46,2,60
CP II 32,30,36.6,0.39,130,25,178,456.41,885,875.67,2,60
CP II 32,30,36.6,0.39,140,25,185,474.36,879,847.77,2,60
CP II 32,30,36.6,0.39,70,9.5,160,410.26,926,922.95,2,59
CP II 32,30,36.6,0.39,80,9.5,165,423.08,921,903.71,2,59
CP II 32,30,36.6,0.39,90,9.5,170,435.9,916,884.46,2,59
CP II 32,30,36.6,0.39,100,9.5,175,448.72,911,865.22,2,59
CP II 32,30,36.6,0.39,110,9.5,180,461.54,906,845.97,2,59
CP II 32,30,36.6,0.39,120,9.5,185,474.36,901,826.73,2,59
CP II 32,30,36.6,0.39,130,9.5,190,487.18,896,807.48,2,59
CP II 32,30,36.6,0.39,140,9.5,195,500,891,788.24,2,59
CP II 32,30,36.6,0.39,70,12.5,148,379.49,937,970.1,2,59
CP II 32,30,36.6,0.39,80,12.5,155,397.44,931,942.2,2,59
CP II 32,30,36.6,0.39,90,12.5,161,412.82,925,919.1,2,59
CP II 32,30,36.6,0.39,100,12.5,167,428.21,920,895.05,2,59
CP II 32,30,36.6,0.39,110,12.5,173,443.59,913,872.91,2,59
CP II 32,30,36.6,0.39,120,12.5,180,461.54,907,845.01,2,59
CP II 32,30,36.6,0.39,130,12.5,186,476.92,899,823.83,2,59
CP II 32,30,36.6,0.39,140,12.5,192,492.31,893,800.74,2,59
CP II 32,30,36.6,0.39,70,19,142,364.1,945,991.28,2,59
CP II 32,30,36.6,0.39,80,19,149,382.05,937,965.29,2,59
CP II 32,30,36.6,0.39,90,19,156,400,931,937.39,2,59
CP II 32,30,36.6,0.39,100,19,163,417.95,923.67,910.77,2,59
CP II 32,30,36.6,0.39,110,19,169,433.33,916.67,888.63,2,59
CP II 32,30,36.6,0.39,120,19,176,451.28,909.67,861.69,2,59
CP II 32,30,36.6,0.39,130,19,183,469.23,902.67,834.74,2,59
CP II 32,30,36.6,0.39,140,19,190,487.18,895.67,807.8,2,59
CP II 32,30,36.6,0.39,70,25,133,341.03,951,1028.79,2,59
CP II 32,30,36.6,0.39,80,25,140,358.97,945,1000.89,2,59
CP II 32,30,36.6,0.39,90,25,148,379.49,937,970.1,2,59
CP II 32,30,36.6,0.39,100,25,155,397.44,929,944.11,2,59
CP II 32,30,36.6,0.39,110,25,163,417.95,924,910.45,2,59
CP II 32,30,36.6,0.39,120,25,170,435.9,916,884.46,2,59
CP II 32,30,36.6,0.39,130,25,178,456.41,909,852.71,2,59
CP II 32,30,36.6,0.39,140,25,185,474.36,901,826.73,2,59
CP II 32,30,36.6,0.39,70,9.5,160,410.26,949,900.95,2,58
CP II 32,30,36.6,0.39,80,9.5,165,423.08,943,882.67,2,58
CP II 32,30,36.6,0.39,90,9.5,170,435.9,939,862.46,2,58
CP II 32,30,36.6,0.39,100,9.5,175,448.72,933.67,843.54,2,58
CP II 32,30,36.6,0.39,110,9.5,180,461.54,928.67,824.29,2,58
CP II 32,30,36.6,0.39,120,9.5,185,474.36,923.67,805.05,2,58
CP II 32,30,36.6,0.39,130,9.5,190,487.18,918.67,785.8,2,58
CP II 32,30,36.6,0.39,140,9.5,195,500,913.67,766.56,2,58
CP II 32,30,36.6,0.39,70,12.5,148,379.49,961,947.14,2,58
CP II 32,30,36.6,0.39,80,12.5,155,397.44,953,921.16,2,58
CP II 32,30,36.6,0.39,90,12.5,161,412.82,947,898.06,2,58
CP II 32,30,36.6,0.39,100,12.5,167,428.21,941,874.97,2,58
CP II 32,30,36.6,0.39,110,12.5,173,443.59,935,851.87,2,58
CP II 32,30,36.6,0.39,120,12.5,180,461.54,928,824.93,2,58
CP II 32,30,36.6,0.39,130,12.5,186,476.92,923,800.88,2,58
CP II 32,30,36.6,0.39,140,12.5,192,492.31,916,778.74,2,58
CP II 32,30,36.6,0.39,70,19,142,364.1,968,969.28,2,58
CP II 32,30,36.6,0.39,80,19,149,382.05,961,942.34,2,58
CP II 32,30,36.6,0.39,90,19,156,400,953,916.35,2,58
CP II 32,30,36.6,0.39,100,19,163,417.95,945.67,889.73,2,58
CP II 32,30,36.6,0.39,110,19,169,433.33,940,866.31,2,58
CP II 32,30,36.6,0.39,120,19,176,451.28,933,839.37,2,58
CP II 32,30,36.6,0.39,130,19,183,469.23,925,813.38,2,58
CP II 32,30,36.6,0.39,140,19,190,487.18,918,786.44,2,58
CP II 32,30,36.6,0.39,70,25,133,341.03,976,1004.88,2,58
CP II 32,30,36.6,0.39,80,25,140,358.97,969,977.93,2,58
CP II 32,30,36.6,0.39,90,25,148,379.49,961,947.14,2,58
CP II 32,30,36.6,0.39,100,25,155,397.44,953.67,920.52,2,58
CP II 32,30,36.6,0.39,110,25,163,417.95,946.17,889.25,2,58
CP II 32,30,36.6,0.39,120,25,170,435.9,938.67,862.78,2,58
CP II 32,30,36.6,0.39,130,25,178,456.41,931.17,831.51,2,58
CP II 32,30,36.6,0.39,140,25,185,474.36,923.67,805.05,2,58
CP II 32,30,36.6,0.39,70,9.5,160,410.26,972,878.96,2,57
CP II 32,30,36.6,0.39,80,9.5,165,423.08,966,860.67,2,57
CP II 32,30,36.6,0.39,90,9.5,170,435.9,961,841.42,2,57
CP II 32,30,36.6,0.39,100,9.5,175,448.72,955.33,822.82,2,57
CP II 32,30,36.6,0.39,110,9.5,180,461.54,949.83,804.05,2,57
CP II 32,30,36.6,0.39,120,9.5,185,474.36,944.33,785.28,2,57
CP II 32,30,36.6,0.39,130,9.5,190,487.18,941,764.45,2,57
CP II 32,30,36.6,0.39,140,9.5,195,500,935,746.16,2,57
CP II 32,30,36.6,0.39,70,12.5,148,379.49,984,925.15,2,57
CP II 32,30,36.6,0.39,80,12.5,155,397.44,978,897.25,2,57
CP II 32,30,36.6,0.39,90,12.5,161,412.82,971,875.11,2,57
CP II 32,30,36.6,0.39,100,12.5,167,428.21,964.67,852.33,2,57
CP II 32,30,36.6,0.39,110,12.5,173,443.59,958.17,829.72,2,57
CP II 32,30,36.6,0.39,120,12.5,180,461.54,951.67,802.3,2,57
CP II 32,30,36.6,0.39,130,12.5,186,476.92,945.17,779.68,2,57
CP II 32,30,36.6,0.39,140,12.5,192,492.31,938.67,757.07,2,57
CP II 32,30,36.6,0.39,70,19,142,364.1,991,947.28,2,57
CP II 32,30,36.6,0.39,80,19,149,382.05,984,920.34,2,57
CP II 32,30,36.6,0.39,90,19,156,400,976,894.35,2,57
CP II 32,30,36.6,0.39,100,19,163,417.95,968.67,867.73,2,57
CP II 32,30,36.6,0.39,110,19,169,433.33,961.17,846.07,2,57
CP II 32,30,36.6,0.39,120,19,176,451.28,955,818.33,2,57
CP II 32,30,36.6,0.39,130,19,183,469.23,948,791.39,2,57
CP II 32,30,36.6,0.39,140,19,190,487.18,941,764.45,2,57
CP II 32,30,36.6,0.39,70,25,133,341.03,1000,981.92,2,57
CP II 32,30,36.6,0.39,80,25,140,358.97,993,954.98,2,57
CP II 32,30,36.6,0.39,90,25,148,379.49,985,924.19,2,57
CP II 32,30,36.6,0.39,100,25,155,397.44,977,898.2,2,57
CP II 32,30,36.6,0.39,110,25,163,417.95,969,867.41,2,57
CP II 32,30,36.6,0.39,120,25,170,435.9,961,841.42,2,57
CP II 32,30,36.6,0.39,130,25,178,456.41,953,810.63,2,57
CP II 32,30,36.6,0.39,140,25,185,474.36,945,784.65,2,57
CP II 32,30,36.6,0.39,70,9.5,160,410.26,995,856.96,2,56
CP II 32,30,36.6,0.39,80,9.5,165,423.08,988,839.63,2,56
CP II 32,30,36.6,0.39,90,9.5,170,435.9,983,820.38,2,56
CP II 32,30,36.6,0.39,100,9.5,175,448.72,979,800.18,2,56
CP II 32,30,36.6,0.39,110,9.5,180,461.54,973,781.89,2,56
CP II 32,30,36.6,0.39,120,9.5,185,474.36,967,763.61,2,56
CP II 32,30,36.6,0.39,130,9.5,190,487.18,962,744.36,2,56
CP II 32,30,36.6,0.39,140,9.5,195,500,956,726.07,2,56
CP II 32,30,36.6,0.39,70,12.5,148,379.49,1008,902.19,2,56
CP II 32,30,36.6,0.39,80,12.5,155,397.44,999,877.16,2,56
CP II 32,30,36.6,0.39,90,12.5,161,412.82,994,853.11,2,56
CP II 32,30,36.6,0.39,100,12.5,167,428.21,986.33,831.61,2,56
CP II 32,30,36.6,0.39,110,12.5,173,443.59,979.33,809.48,2,56
CP II 32,30,36.6,0.39,120,12.5,180,461.54,972.33,782.53,2,56
CP II 32,30,36.6,0.39,130,12.5,186,476.92,965.33,760.39,2,56
CP II 32,30,36.6,0.39,140,12.5,192,492.31,959,737.62,2,56
CP II 32,30,36.6,0.39,70,19,142,364.1,1014,925.29,2,56
CP II 32,30,36.6,0.39,80,19,149,382.05,1006,899.3,2,56
CP II 32,30,36.6,0.39,90,19,156,400,998,873.31,2,56
CP II 32,30,36.6,0.39,100,19,163,417.95,992,845.41,2,56
CP II 32,30,36.6,0.39,110,19,169,433.33,984,824.23,2,56
CP II 32,30,36.6,0.39,120,19,176,451.28,977,797.29,2,56
CP II 32,30,36.6,0.39,130,19,183,469.23,969,771.3,2,56
CP II 32,30,36.6,0.39,140,19,190,487.18,961,745.32,2,56
CP II 32,30,36.6,0.39,70,25,133,341.03,1024,958.97,2,56
CP II 32,30,36.6,0.39,80,25,140,358.97,1016,932.99,2,56
CP II 32,30,36.6,0.39,90,25,148,379.49,1008,902.19,2,56
CP II 32,30,36.6,0.39,100,25,155,397.44,1000,876.21,2,56
CP II 32,30,36.6,0.39,110,25,163,417.95,992,845.41,2,56
CP II 32,30,36.6,0.39,120,25,170,435.9,984,819.43,2,56
CP II 32,30,36.6,0.39,130,25,178,456.41,976,788.64,2,56
CP II 32,30,36.6,0.39,140,25,185,474.36,968,762.65,2,56
CP II 32,30,36.6,0.39,70,9.5,160,410.26,1017,835.92,2,55
CP II 32,30,36.6,0.39,80,9.5,165,423.08,1011,817.63,2,55
CP II 32,30,36.6,0.39,90,9.5,170,435.9,1006,798.39,2,55
CP II 32,30,36.6,0.39,100,9.5,175,448.72,1000.33,779.78,2,55
CP II 32,30,36.6,0.39,110,9.5,180,461.54,994.83,761.01,2,55
CP II 32,30,36.6,0.39,120,9.5,185,474.36,989.33,742.25,2,55
CP II 32,30,36.6,0.39,130,9.5,190,487.18,983.83,723.48,2,55
CP II 32,30,36.6,0.39,140,9.5,195,500,978.33,704.71,2,55
CP II 32,30,36.6,0.39,70,12.5,148,379.49,1031,880.2,2,55
CP II 32,30,36.6,0.39,80,12.5,155,397.44,1023,854.21,2,55
CP II 32,30,36.6,0.39,90,12.5,161,412.82,1015,833.03,2,55
CP II 32,30,36.6,0.39,100,12.5,167,428.21,1009,809.94,2,55
CP II 32,30,36.6,0.39,110,12.5,173,443.59,1004,785.89,2,55
CP II 32,30,36.6,0.39,120,12.5,180,461.54,996,759.9,2,55
CP II 32,30,36.6,0.39,130,12.5,186,476.92,989,737.76,2,55
CP II 32,30,36.6,0.39,140,12.5,192,492.31,981,716.58,2,55
CP II 32,30,36.6,0.39,70,19,142,364.1,1037,903.29,2,55
CP II 32,30,36.6,0.39,80,19,149,382.05,1029,877.3,2,55
CP II 32,30,36.6,0.39,90,19,156,400,1021,851.32,2,55
CP II 32,30,36.6,0.39,100,19,163,417.95,1013,825.33,2,55
CP II 32,30,36.6,0.39,110,19,169,433.33,1007,802.24,2,55
CP II 32,30,36.6,0.39,120,19,176,451.28,1000,775.29,2,55
CP II 32,30,36.6,0.39,130,19,183,469.23,992,749.31,2,55
CP II 32,30,36.6,0.39,140,19,190,487.18,985,722.37,2,55
CP II 32,30,36.6,0.39,70,25,133,341.03,1046,937.93,2,55
CP II 32,30,36.6,0.39,80,25,140,358.97,1039,910.99,2,55
CP II 32,30,36.6,0.39,90,25,148,379.49,1031,880.2,2,55
CP II 32,30,36.6,0.39,100,25,155,397.44,1023.67,853.57,2,55
CP II 32,30,36.6,0.39,110,25,163,417.95,1014,824.37,2,55
CP II 32,30,36.6,0.39,120,25,170,435.9,1006,798.39,2,55
CP II 32,30,36.6,0.39,130,25,178,456.41,998,767.6,2,55
CP II 32,30,36.6,0.39,140,25,185,474.36,989,742.57,2,55
CP II 32,30,36.6,0.39,70,9.5,160,410.26,1041,812.97,2,54
CP II 32,30,36.6,0.39,80,9.5,165,423.08,1034,795.64,2,54
CP II 32,30,36.6,0.39,90,9.5,170,435.9,1028,777.35,2,54
CP II 32,30,36.6,0.39,100,9.5,175,448.72,1023,758.1,2,54
CP II 32,30,36.6,0.39,110,9.5,180,461.54,1017,739.81,2,54
CP II 32,30,36.6,0.39,120,9.5,185,474.36,1011,721.53,2,54
CP II 32,30,36.6,0.39,130,9.5,190,487.18,1006,702.28,2,54
CP II 32,30,36.6,0.39,140,9.5,195,500,1001,683.04,2,54
CP II 32,30,36.6,0.39,70,12.5,148,379.49,1054,858.2,2,54
CP II 32,30,36.6,0.39,80,12.5,155,397.44,1046,832.21,2,54
CP II 32,30,36.6,0.39,90,12.5,161,412.82,1038,811.03,2,54
CP II 32,30,36.6,0.39,100,12.5,167,428.21,1032,787.94,2,54
CP II 32,30,36.6,0.39,110,12.5,173,443.59,1026,764.85,2,54
CP II 32,30,36.6,0.39,120,12.5,180,461.54,1017,739.81,2,54
CP II 32,30,36.6,0.39,130,12.5,186,476.92,1010,717.68,2,54
CP II 32,30,36.6,0.39,140,12.5,192,492.31,1003,695.54,2,54
CP II 32,30,36.6,0.39,70,19,142,364.1,1061,880.34,2,54
CP II 32,30,36.6,0.39,80,19,149,382.05,1052,855.31,2,54
CP II 32,30,36.6,0.39,90,19,156,400,1044,829.32,2,54
CP II 32,30,36.6,0.39,100,19,163,417.95,1037,802.38,2,54
CP II 32,30,36.6,0.39,110,19,169,433.33,1029,781.2,2,54
CP II 32,30,36.6,0.39,120,19,176,451.28,1021,755.21,2,54
CP II 32,30,36.6,0.39,130,19,183,469.23,1013,729.22,2,54
CP II 32,30,36.6,0.39,140,19,190,487.18,1006,702.28,2,54
CP II 32,30,36.6,0.39,70,25,133,341.03,1071,914.02,2,54
CP II 32,30,36.6,0.39,80,25,140,358.97,1063,888.04,2,54
CP II 32,30,36.6,0.39,90,25,148,379.49,1053,859.16,2,54
CP II 32,30,36.6,0.39,100,25,155,397.44,1046,832.21,2,54
CP II 32,30,36.6,0.39,110,25,163,417.95,1037,802.38,2,54
CP II 32,30,36.6,0.39,120,25,170,435.9,1028,777.35,2,54
CP II 32,30,36.6,0.39,130,25,178,456.41,1019,747.51,2,54
CP II 32,30,36.6,0.39,140,25,185,474.36,1011,721.53,2,54
CP II 32,30,36.6,0.39,70,9.5,160,410.26,1064,790.97,2,53
CP II 32,30,36.6,0.39,80,9.5,165,423.08,1057,773.64,2,53
CP II 32,30,36.6,0.39,90,9.5,170,435.9,1051,755.35,2,53
CP II 32,30,36.6,0.39,100,9.5,175,448.72,1046,736.11,2,53
CP II 32,30,36.6,0.39,110,9.5,180,461.54,1040,717.82,2,53
CP II 32,30,36.6,0.39,120,9.5,185,474.36,1033,700.49,2,53
CP II 32,30,36.6,0.39,130,9.5,190,487.18,1028,681.24,2,53
CP II 32,30,36.6,0.39,140,9.5,195,500,1022,662.95,2,53
CP II 32,30,36.6,0.39,70,12.5,148,379.49,1077,836.2,2,53
CP II 32,30,36.6,0.39,80,12.5,155,397.44,1068,811.17,2,53
CP II 32,30,36.6,0.39,90,12.5,161,412.82,1061,789.04,2,53
CP II 32,30,36.6,0.39,100,12.5,167,428.21,1055,765.94,2,53
CP II 32,30,36.6,0.39,110,12.5,173,443.59,1047,744.76,2,53
CP II 32,30,36.6,0.39,120,12.5,180,461.54,1039,718.77,2,53
CP II 32,30,36.6,0.39,130,12.5,186,476.92,1032,696.64,2,53
CP II 32,30,36.6,0.39,140,12.5,192,492.31,1025,674.5,2,53
CP II 32,30,36.6,0.39,70,19,142,364.1,1084,858.34,2,53
CP II 32,30,36.6,0.39,80,19,149,382.05,1076,832.36,2,53
CP II 32,30,36.6,0.39,90,19,156,400,1067,807.33,2,53
CP II 32,30,36.6,0.39,100,19,163,417.95,1058.67,781.66,2,53
CP II 32,30,36.6,0.39,110,19,169,433.33,1052,759.2,2,53
CP II 32,30,36.6,0.39,120,19,176,451.28,1044,733.21,2,53
CP II 32,30,36.6,0.39,130,19,183,469.23,1036,707.23,2,53
CP II 32,30,36.6,0.39,140,19,190,487.18,1028,681.24,2,53
CP II 32,30,36.6,0.39,70,25,133,341.03,1095,891.07,2,53
CP II 32,30,36.6,0.39,80,25,140,358.97,1085,867,2,53
CP II 32,30,36.6,0.39,90,25,148,379.49,1077,836.2,2,53
CP II 32,30,36.6,0.39,100,25,155,397.44,1067.67,811.49,2,53
CP II 32,30,36.6,0.39,110,25,163,417.95,1058.67,781.66,2,53
CP II 32,30,36.6,0.39,120,25,170,435.9,1051,755.35,2,53
CP II 32,30,36.6,0.39,130,25,178,456.41,1043,724.56,2,53
CP II 32,30,36.6,0.39,140,25,185,474.36,1033,700.49,2,53
CP II 32,30,36.6,0.39,70,9.5,160,410.26,1086,769.93,2,52
CP II 32,30,36.6,0.39,80,9.5,165,423.08,1079,752.6,2,52
CP II 32,30,36.6,0.39,90,9.5,170,435.9,1073,734.31,2,52
CP II 32,30,36.6,0.39,100,9.5,175,448.72,1068,715.07,2,52
CP II 32,30,36.6,0.39,110,9.5,180,461.54,1062,696.78,2,52
CP II 32,30,36.6,0.39,120,9.5,185,474.36,1056,678.49,2,52
CP II 32,30,36.6,0.39,130,9.5,190,487.18,1050,660.2,2,52
CP II 32,30,36.6,0.39,140,9.5,195,500,1045,640.96,2,52
CP II 32,30,36.6,0.39,70,12.5,148,379.49,1101,813.25,2,52
CP II 32,30,36.6,0.39,80,12.5,155,397.44,1091,789.18,2,52
CP II 32,30,36.6,0.39,90,12.5,161,412.82,1084,767.04,2,52
CP II 32,30,36.6,0.39,100,12.5,167,428.21,1077,744.9,2,52
CP II 32,30,36.6,0.39,110,12.5,173,443.59,1071,721.81,2,52
CP II 32,30,36.6,0.39,120,12.5,180,461.54,1063,695.82,2,52
CP II 32,30,36.6,0.39,130,12.5,186,476.92,1055,674.64,2,52
CP II 32,30,36.6,0.39,140,12.5,192,492.31,1047,653.46,2,52
CP II 32,30,36.6,0.39,70,19,142,364.1,1107,836.35,2,52
CP II 32,30,36.6,0.39,80,19,149,382.05,1098,811.32,2,52
CP II 32,30,36.6,0.39,90,19,156,400,1090,785.33,2,52
CP II 32,30,36.6,0.39,100,19,163,417.95,1081.33,759.98,2,52
CP II 32,30,36.6,0.39,110,19,169,433.33,1075,737.2,2,52
CP II 32,30,36.6,0.39,120,19,176,451.28,1066,712.17,2,52
CP II 32,30,36.6,0.39,130,19,183,469.23,1058,686.19,2,52
CP II 32,30,36.6,0.39,140,19,190,487.18,1050,660.2,2,52
CP II 32,30,36.6,0.39,70,25,133,341.03,1117,870.03,2,52
CP II 32,30,36.6,0.39,80,25,140,358.97,1109,844.04,2,52
CP II 32,30,36.6,0.39,90,25,148,379.49,1099,815.16,2,52
CP II 32,30,36.6,0.39,100,25,155,397.44,1091,789.18,2,52
CP II 32,30,36.6,0.39,110,25,163,417.95,1081.33,759.98,2,52
CP II 32,30,36.6,0.39,120,25,170,435.9,1074,733.36,2,52
CP II 32,30,36.6,0.39,130,25,178,456.41,1065,703.52,2,52
CP II 32,30,36.6,0.39,140,25,185,474.36,1056,678.49,2,52
CP II 32,30,36.6,0.39,70,9.5,160,410.26,1109,747.94,2,51
CP II 32,30,36.6,0.39,80,9.5,165,423.08,1103,729.65,2,51
CP II 32,30,36.6,0.39,90,9.5,170,435.9,1096,712.32,2,51
CP II 32,30,36.6,0.39,100,9.5,175,448.72,1089.67,694.35,2,51
CP II 32,30,36.6,0.39,110,9.5,180,461.54,1084,675.74,2,51
CP II 32,30,36.6,0.39,120,9.5,185,474.36,1079,656.49,2,51
CP II 32,30,36.6,0.39,130,9.5,190,487.18,1072,639.16,2,51
CP II 32,30,36.6,0.39,140,9.5,195,500,1066,620.87,2,51
CP II 32,30,36.6,0.39,70,12.5,148,379.49,1122,793.17,2,51
CP II 32,30,36.6,0.39,80,12.5,155,397.44,1114,767.18,2,51
CP II 32,30,36.6,0.39,90,12.5,161,412.82,1108,744.09,2,51
CP II 32,30,36.6,0.39,100,12.5,167,428.21,1100.67,722.27,2,51
CP II 32,30,36.6,0.39,110,12.5,173,443.59,1093.67,700.13,2,51
CP II 32,30,36.6,0.39,120,12.5,180,461.54,1085,674.78,2,51
CP II 32,30,36.6,0.39,130,12.5,186,476.92,1078,652.64,2,51
CP II 32,30,36.6,0.39,140,12.5,192,492.31,1071,630.51,2,51
CP II 32,30,36.6,0.39,70,19,142,364.1,1131,813.39,2,51
CP II 32,30,36.6,0.39,80,19,149,382.05,1121,789.32,2,51
CP II 32,30,36.6,0.39,90,19,156,400,1113,763.33,2,51
CP II 32,30,36.6,0.39,100,19,163,417.95,1106,736.39,2,51
CP II 32,30,36.6,0.39,110,19,169,433.33,1097,716.16,2,51
CP II 32,30,36.6,0.39,120,19,176,451.28,1089,690.18,2,51
CP II 32,30,36.6,0.39,130,19,183,469.23,1080,665.15,2,51
CP II 32,30,36.6,0.39,140,19,190,487.18,1072,639.16,2,51
CP II 32,30,36.6,0.39,70,25,133,341.03,1142,846.12,2,51
CP II 32,30,36.6,0.39,80,25,140,358.97,1133,821.09,2,51
CP II 32,30,36.6,0.39,90,25,148,379.49,1124,791.26,2,51
CP II 32,30,36.6,0.39,100,25,155,397.44,1115,766.23,2,51
CP II 32,30,36.6,0.39,110,25,163,417.95,1106,736.39,2,51
CP II 32,30,36.6,0.39,120,25,170,435.9,1097,711.36,2,51
CP II 32,30,36.6,0.39,130,25,178,456.41,1088,681.52,2,51
CP II 32,30,36.6,0.39,140,25,185,474.36,1079,656.49,2,51
CP II 32,30,36.6,0.39,70,9.5,160,410.26,1131,726.9,2,50
CP II 32,30,36.6,0.39,80,9.5,165,423.08,1125,708.61,2,50
CP II 32,30,36.6,0.39,90,9.5,170,435.9,1119,690.32,2,50
CP II 32,30,36.6,0.39,100,9.5,175,448.72,1113,672.03,2,50
CP II 32,30,36.6,0.39,110,9.5,180,461.54,1107,653.74,2,50
CP II 32,30,36.6,0.39,120,9.5,185,474.36,1101,635.45,2,50
CP II 32,30,36.6,0.39,130,9.5,190,487.18,1095,617.17,2,50
CP II 32,30,36.6,0.39,140,9.5,195,500,1089,598.88,2,50
CP II 32,30,36.6,0.39,70,12.5,148,379.49,1147,769.26,2,50
CP II 32,30,36.6,0.39,80,12.5,155,397.44,1138,744.23,2,50
CP II 32,30,36.6,0.39,90,12.5,161,412.82,1131,722.09,2,50
CP II 32,30,36.6,0.39,100,12.5,167,428.21,1123,700.91,2,50
CP II 32,30,36.6,0.39,110,12.5,173,443.59,1115,679.73,2,50
CP II 32,30,36.6,0.39,120,12.5,180,461.54,1108,652.79,2,50
CP II 32,30,36.6,0.39,130,12.5,186,476.92,1099,632.56,2,50
CP II 32,30,36.6,0.39,140,12.5,192,492.31,1093,609.47,2,50
CP II 32,30,36.6,0.39,70,19,142,364.1,1154,791.4,2,50
CP II 32,30,36.6,0.39,80,19,149,382.05,1146,765.41,2,50
CP II 32,30,36.6,0.39,90,19,156,400,1137,740.38,2,50
CP II 32,30,36.6,0.39,100,19,163,417.95,1128.67,714.71,2,50
CP II 32,30,36.6,0.39,110,19,169,433.33,1120.17,694.01,2,50
CP II 32,30,36.6,0.39,120,19,176,451.28,1111.67,668.5,2,50
CP II 32,30,36.6,0.39,130,19,183,469.23,1103.17,642.99,2,50
CP II 32,30,36.6,0.39,140,19,190,487.18,1094.67,617.48,2,50
CP II 32,30,36.6,0.39,70,25,133,341.03,1164,825.08,2,50
CP II 32,30,36.6,0.39,80,25,140,358.97,1156,799.09,2,50
CP II 32,30,36.6,0.39,90,25,148,379.49,1147,769.26,2,50
CP II 32,30,36.6,0.39,100,25,155,397.44,1138.67,743.59,2,50
CP II 32,30,36.6,0.39,110,25,163,417.95,1129,714.39,2,50
CP II 32,30,36.6,0.39,120,25,170,435.9,1119,690.32,2,50
CP II 32,30,36.6,0.39,130,25,178,456.41,1109,661.44,2,50
CP II 32,30,36.6,0.39,140,25,185,474.36,1101,635.45,2,50
CP II 32,30,36.6,0.39,70,9.5,160,410.26,1154,704.9,2,49
CP II 32,30,36.6,0.39,80,9.5,165,423.08,1149,685.66,2,49
CP II 32,30,36.6,0.39,90,9.5,170,435.9,1142,668.32,2,49
CP II 32,30,36.6,0.39,100,9.5,175,448.72,1136.33,649.72,2,49
CP II 32,30,36.6,0.39,110,9.5,180,461.54,1130.33,631.43,2,49
CP II 32,30,36.6,0.39,120,9.5,185,474.36,1122,615.37,2,49
CP II 32,30,36.6,0.39,130,9.5,190,487.18,1116,597.08,2,49
CP II 32,30,36.6,0.39,140,9.5,195,500,1110,578.79,2,49
CP II 32,30,36.6,0.39,70,12.5,148,379.49,1169,748.22,2,49
CP II 32,30,36.6,0.39,80,12.5,155,397.44,1161,722.23,2,49
CP II 32,30,36.6,0.39,90,12.5,161,412.82,1153,701.05,2,49
CP II 32,30,36.6,0.39,100,12.5,167,428.21,1145,679.87,2,49
CP II 32,30,36.6,0.39,110,12.5,173,443.59,1139,656.78,2,49
CP II 32,30,36.6,0.39,120,12.5,180,461.54,1129,632.7,2,49
CP II 32,30,36.6,0.39,130,12.5,186,476.92,1121,611.52,2,49
CP II 32,30,36.6,0.39,140,12.5,192,492.31,1115,588.43,2,49
CP II 32,30,36.6,0.39,70,19,142,364.1,1176,770.36,2,49
CP II 32,30,36.6,0.39,80,19,149,382.05,1169,743.41,2,49
CP II 32,30,36.6,0.39,90,19,156,400,1159,719.34,2,49
CP II 32,30,36.6,0.39,100,19,163,417.95,1151,693.35,2,49
CP II 32,30,36.6,0.39,110,19,169,433.33,1142.5,672.65,2,49
CP II 32,30,36.6,0.39,120,19,176,451.28,1134,647.14,2,49
CP II 32,30,36.6,0.39,130,19,183,469.23,1125.5,621.63,2,49
CP II 32,30,36.6,0.39,140,19,190,487.18,1117,596.13,2,49
CP II 32,30,36.6,0.39,70,25,133,341.03,1188,802.13,2,49
CP II 32,30,36.6,0.39,80,25,140,358.97,1180,776.14,2,49
CP II 32,30,36.6,0.39,90,25,148,379.49,1169,748.22,2,49
CP II 32,30,36.6,0.39,100,25,155,397.44,1160,723.19,2,49
CP II 32,30,36.6,0.39,110,25,163,417.95,1150.5,693.83,2,49
CP II 32,30,36.6,0.39,120,25,170,435.9,1141,669.28,2,49
CP II 32,30,36.6,0.39,130,25,178,456.41,1131.5,639.92,2,49
CP II 32,30,36.6,0.39,140,25,185,474.36,1122,615.37,2,49
CP II 32,30,36.6,0.39,70,9.5,160,410.26,1178,681.95,2,48
CP II 32,30,36.6,0.39,80,9.5,165,423.08,1171,664.62,2,48
CP II 32,30,36.6,0.39,90,9.5,170,435.9,1164,647.28,2,48
CP II 32,30,36.6,0.39,100,9.5,175,448.72,1159,628.04,2,48
CP II 32,30,36.6,0.39,110,9.5,180,461.54,1152,610.71,2,48
CP II 32,30,36.6,0.39,120,9.5,185,474.36,1145,593.37,2,48
CP II 32,30,36.6,0.39,130,9.5,190,487.18,1138,576.04,2,48
CP II 32,30,36.6,0.39,140,9.5,195,500,1133,556.8,2,48
CP II 32,30,36.6,0.39,70,12.5,148,379.49,1193,725.27,2,48
CP II 32,30,36.6,0.39,80,12.5,155,397.44,1185,699.28,2,48
CP II 32,30,36.6,0.39,90,12.5,161,412.82,1175,680.01,2,48
CP II 32,30,36.6,0.39,100,12.5,167,428.21,1168,657.87,2,48
CP II 32,30,36.6,0.39,110,12.5,173,443.59,1160,636.69,2,48
CP II 32,30,36.6,0.39,120,12.5,180,461.54,1151,611.66,2,48
CP II 32,30,36.6,0.39,130,12.5,186,476.92,1143,590.48,2,48
CP II 32,30,36.6,0.39,140,12.5,192,492.31,1136,568.34,2,48
CP II 32,30,36.6,0.39,70,19,142,364.1,1201,746.45,2,48
CP II 32,30,36.6,0.39,80,19,149,382.05,1191,722.37,2,48
CP II 32,30,36.6,0.39,90,19,156,400,1183,696.39,2,48
CP II 32,30,36.6,0.39,100,19,163,417.95,1173.67,671.68,2,48
CP II 32,30,36.6,0.39,110,19,169,433.33,1167,649.22,2,48
CP II 32,30,36.6,0.39,120,19,176,451.28,1158,624.19,2,48
CP II 32,30,36.6,0.39,130,19,183,469.23,1149,599.16,2,48
CP II 32,30,36.6,0.39,140,19,190,487.18,1140,574.13,2,48
CP II 32,30,36.6,0.39,70,25,133,341.03,1211,780.13,2,48
CP II 32,30,36.6,0.39,80,25,140,358.97,1203,754.15,2,48
CP II 32,30,36.6,0.39,90,25,148,379.49,1193,725.27,2,48
CP II 32,30,36.6,0.39,100,25,155,397.44,1184.33,699.92,2,48
CP II 32,30,36.6,0.39,110,25,163,417.95,1173,672.31,2,48
CP II 32,30,36.6,0.39,120,25,170,435.9,1164,647.28,2,48
CP II 32,30,36.6,0.39,130,25,178,456.41,1155,617.45,2,48
CP II 32,30,36.6,0.39,140,25,185,474.36,1146,592.42,2,48
CP II 32,30,36.6,0.39,70,9.5,160,410.26,1200,660.91,2,47
CP II 32,30,36.6,0.39,80,9.5,165,423.08,1194,642.62,2,47
CP II 32,30,36.6,0.39,90,9.5,170,435.9,1188,624.33,2,47
CP II 32,30,36.6,0.39,100,9.5,175,448.72,1180,607.95,2,47
CP II 32,30,36.6,0.39,110,9.5,180,461.54,1174,589.67,2,47
CP II 32,30,36.6,0.39,120,9.5,185,474.36,1168,571.38,2,47
CP II 32,30,36.6,0.39,130,9.5,190,487.18,1162,553.09,2,47
CP II 32,30,36.6,0.39,140,9.5,195,500,1155,535.76,2,47
CP II 32,30,36.6,0.39,70,12.5,148,379.49,1215,704.23,2,47
CP II 32,30,36.6,0.39,80,12.5,155,397.44,1207,678.24,2,47
CP II 32,30,36.6,0.39,90,12.5,161,412.82,1199,657.06,2,47
CP II 32,30,36.6,0.39,100,12.5,167,428.21,1191,635.88,2,47
CP II 32,30,36.6,0.39,110,12.5,173,443.59,1183,614.7,2,47
CP II 32,30,36.6,0.39,120,12.5,180,461.54,1175,588.71,2,47
CP II 32,30,36.6,0.39,130,12.5,186,476.92,1167,567.53,2,47
CP II 32,30,36.6,0.39,140,12.5,192,492.31,1159,546.35,2,47
CP II 32,30,36.6,0.39,70,19,142,364.1,1223,725.41,2,47
CP II 32,30,36.6,0.39,80,19,149,382.05,1215,699.42,2,47
CP II 32,30,36.6,0.39,90,19,156,400,1205,675.35,2,47
CP II 32,30,36.6,0.39,100,19,163,417.95,1196.33,650,2,47
CP II 32,30,36.6,0.39,110,19,169,433.33,1189,628.18,2,47
CP II 32,30,36.6,0.39,120,19,176,451.28,1180,603.15,2,47
CP II 32,30,36.6,0.39,130,19,183,469.23,1169.33,579.71,2,47
CP II 32,30,36.6,0.39,140,19,190,487.18,1160.33,554.68,2,47
CP II 32,30,36.6,0.39,70,25,133,341.03,1235,757.18,2,47
CP II 32,30,36.6,0.39,80,25,140,358.97,1227,731.19,2,47
CP II 32,30,36.6,0.39,90,25,148,379.49,1217,702.31,2,47
CP II 32,30,36.6,0.39,100,25,155,397.44,1206,679.2,2,47
CP II 32,30,36.6,0.39,110,25,163,417.95,1197,649.36,2,47
CP II 32,30,36.6,0.39,120,25,170,435.9,1188,624.33,2,47
CP II 32,30,36.6,0.39,130,25,178,456.41,1176,597.36,2,47
CP II 32,30,36.6,0.39,140,25,185,474.36,1168,571.38,2,47
CP II 32,30,36.6,0.39,70,9.5,160,410.26,1223,638.91,2,46
CP II 32,30,36.6,0.39,80,9.5,165,423.08,1217,620.62,2,46
CP II 32,30,36.6,0.39,90,9.5,170,435.9,1211,602.33,2,46
CP II 32,30,36.6,0.39,100,9.5,175,448.72,1203,585.96,2,46
CP II 32,30,36.6,0.39,110,9.5,180,461.54,1197,567.67,2,46
CP II 32,30,36.6,0.39,120,9.5,185,474.36,1191,549.38,2,46
CP II 32,30,36.6,0.39,130,9.5,190,487.18,1183,533.01,2,46
CP II 32,30,36.6,0.39,140,9.5,195,500,1177,514.72,2,46
CP II 32,30,36.6,0.39,70,12.5,148,379.49,1239,681.27,2,46
CP II 32,30,36.6,0.39,80,12.5,155,397.44,1231,655.29,2,46
CP II 32,30,36.6,0.39,90,12.5,161,412.82,1223,634.11,2,46
CP II 32,30,36.6,0.39,100,12.5,167,428.21,1215,612.92,2,46
CP II 32,30,36.6,0.39,110,12.5,173,443.59,1207,591.74,2,46
CP II 32,30,36.6,0.39,120,12.5,180,461.54,1197,567.67,2,46
CP II 32,30,36.6,0.39,130,12.5,186,476.92,1189,546.49,2,46
CP II 32,30,36.6,0.39,140,12.5,192,492.31,1181,525.31,2,46
CP II 32,30,36.6,0.39,70,19,142,364.1,1247,702.45,2,46
CP II 32,30,36.6,0.39,80,19,149,382.05,1239,676.47,2,46
CP II 32,30,36.6,0.39,90,19,156,400,1229,652.39,2,46
CP II 32,30,36.6,0.39,100,19,163,417.95,1220.33,627.05,2,46
CP II 32,30,36.6,0.39,110,19,169,433.33,1211.33,606.82,2,46
CP II 32,30,36.6,0.39,120,19,176,451.28,1202.33,581.79,2,46
CP II 32,30,36.6,0.39,130,19,183,469.23,1193.33,556.76,2,46
CP II 32,30,36.6,0.39,140,19,190,487.18,1184.33,531.73,2,46
CP II 32,30,36.6,0.39,70,25,133,341.03,1259,734.23,2,46
CP II 32,30,36.6,0.39,80,25,140,358.97,1251,708.24,2,46
CP II 32,30,36.6,0.39,90,25,148,379.49,1239,681.27,2,46
CP II 32,30,36.6,0.39,100,25,155,397.44,1229.67,656.56,2,46
CP II 32,30,36.6,0.39,110,25,163,417.95,1219.67,627.68,2,46
CP II 32,30,36.6,0.39,120,25,170,435.9,1209.67,603.61,2,46
CP II 32,30,36.6,0.39,130,25,178,456.41,1199.67,574.73,2,46
CP II 32,30,36.6,0.39,140,25,185,474.36,1189.67,550.66,2,46
CP II 32,30,36.6,0.39,70,9.5,160,410.26,1247,615.96,2,45
CP II 32,30,36.6,0.39,80,9.5,165,423.08,1239,599.58,2,45
CP II 32,30,36.6,0.39,90,9.5,170,435.9,1233,581.29,2,45
CP II 32,30,36.6,0.39,100,9.5,175,448.72,1225.67,564.28,2,45
CP II 32,30,36.6,0.39,110,9.5,180,461.54,1218.67,546.95,2,45
CP II 32,30,36.6,0.39,120,9.5,185,474.36,1211.67,529.62,2,45
CP II 32,30,36.6,0.39,130,9.5,190,487.18,1204.67,512.28,2,45
CP II 32,30,36.6,0.39,140,9.5,195,500,1199,493.68,2,45
CP II 32,30,36.6,0.39,70,12.5,148,379.49,1263,658.32,2,45
CP II 32,30,36.6,0.39,80,12.5,155,397.44,1253,634.25,2,45
CP II 32,30,36.6,0.39,90,12.5,161,412.82,1245,613.07,2,45
CP II 32,30,36.6,0.39,100,12.5,167,428.21,1237,591.88,2,45
CP II 32,30,36.6,0.39,110,12.5,173,443.59,1229,570.7,2,45
CP II 32,30,36.6,0.39,120,12.5,180,461.54,1220,545.67,2,45
CP II 32,30,36.6,0.39,130,12.5,186,476.92,1211,525.45,2,45
CP II 32,30,36.6,0.39,140,12.5,192,492.31,1202,505.22,2,45
CP II 32,30,36.6,0.39,70,19,142,364.1,1270,680.46,2,45
CP II 32,30,36.6,0.39,80,19,149,382.05,1261,655.43,2,45
CP II 32,30,36.6,0.39,90,19,156,400,1252,630.4,2,45
CP II 32,30,36.6,0.39,100,19,163,417.95,1243,605.37,2,45
CP II 32,30,36.6,0.39,110,19,169,433.33,1234,585.14,2,45
CP II 32,30,36.6,0.39,120,19,176,451.28,1225,560.11,2,45
CP II 32,30,36.6,0.39,130,19,183,469.23,1216,535.08,2,45
CP II 32,30,36.6,0.39,140,19,190,487.18,1205,511.97,2,45
CP II 32,30,36.6,0.39,70,25,133,341.03,1283,711.27,2,45
CP II 32,30,36.6,0.39,80,25,140,358.97,1273,687.2,2,45
CP II 32,30,36.6,0.39,90,25,148,379.49,1263,658.32,2,45
CP II 32,30,36.6,0.39,100,25,155,397.44,1253,634.25,2,45
CP II 32,30,36.6,0.39,110,25,163,417.95,1243,605.37,2,45
CP II 32,30,36.6,0.39,120,25,170,435.9,1233,581.29,2,45
CP II 32,30,36.6,0.39,130,25,178,456.41,1223,552.41,2,45
CP II 32,30,36.6,0.39,140,25,185,474.36,1213,528.34,2,45
CP II 32,35,41.6,0.33,70,9.5,160,484.85,908,876.88,2,60
CP II 32,35,41.6,0.33,80,9.5,165,500,902,856.62,2,60
CP II 32,35,41.6,0.33,90,9.5,170,515.15,898,834.44,2,60
CP II 32,35,41.6,0.33,100,9.5,175,530.3,892.67,813.53,2,60
CP II 32,35,41.6,0.33,110,9.5,180,545.45,887.67,792.31,2,60
CP II 32,35,41.6,0.33,120,9.5,185,560.61,882.67,771.09,2,60
CP II 32,35,41.6,0.33,130,9.5,190,575.76,877.67,749.87,2,60
CP II 32,35,41.6,0.33,140,9.5,195,590.91,872.67,728.64,2,60
CP II 32,35,41.6,0.33,70,12.5,148,448.48,918,929.73,2,60
CP II 32,35,41.6,0.33,80,12.5,155,469.7,913,898.11,2,60
CP II 32,35,41.6,0.33,90,12.5,161,487.88,906,873.59,2,60
CP II 32,35,41.6,0.33,100,12.5,167,506.06,901,847.17,2,60
CP II 32,35,41.6,0.33,110,12.5,173,524.24,894,822.66,2,60
CP II 32,35,41.6,0.33,120,12.5,180,545.45,887,792.95,2,60
CP II 32,35,41.6,0.33,130,12.5,186,563.64,881,767.48,2,60
CP II 32,35,41.6,0.33,140,12.5,192,581.82,877,740.1,2,60
CP II 32,35,41.6,0.33,70,19,142,430.3,923,956.15,2,60
CP II 32,35,41.6,0.33,80,19,149,451.52,917,925.48,2,60
CP II 32,35,41.6,0.33,90,19,156,472.73,911,894.82,2,60
CP II 32,35,41.6,0.33,100,19,163,493.94,904.33,864.79,2,60
CP II 32,35,41.6,0.33,110,19,169,512.12,899,838.68,2,60
CP II 32,35,41.6,0.33,120,19,176,533.33,892,808.97,2,60
CP II 32,35,41.6,0.33,130,19,183,554.55,885,779.26,2,60
CP II 32,35,41.6,0.33,140,19,190,575.76,878,749.55,2,60
CP II 32,35,41.6,0.33,70,25,133,403.03,931,995.31,2,60
CP II 32,35,41.6,0.33,80,25,140,424.24,925,964.64,2,60
CP II 32,35,41.6,0.33,90,25,148,448.48,919,928.77,2,60
CP II 32,35,41.6,0.33,100,25,155,469.7,913,898.11,2,60
CP II 32,35,41.6,0.33,110,25,163,493.94,905,864.15,2,60
CP II 32,35,41.6,0.33,120,25,170,515.15,897,835.39,2,60
CP II 32,35,41.6,0.33,130,25,178,539.39,889,801.44,2,60
CP II 32,35,41.6,0.33,140,25,185,560.61,883,770.77,2,60
CP II 32,35,41.6,0.33,70,9.5,160,484.85,930,855.84,2,59
CP II 32,35,41.6,0.33,80,9.5,165,500,925,834.62,2,59
CP II 32,35,41.6,0.33,90,9.5,170,515.15,920,813.4,2,59
CP II 32,35,41.6,0.33,100,9.5,175,530.3,915,792.18,2,59
CP II 32,35,41.6,0.33,110,9.5,180,545.45,910,770.95,2,59
CP II 32,35,41.6,0.33,120,9.5,185,560.61,905,749.73,2,59
CP II 32,35,41.6,0.33,130,9.5,190,575.76,900,728.51,2,59
CP II 32,35,41.6,0.33,140,9.5,195,590.91,895,707.28,2,59
CP II 32,35,41.6,0.33,70,12.5,148,448.48,943,905.82,2,59
CP II 32,35,41.6,0.33,80,12.5,155,469.7,935,877.07,2,59
CP II 32,35,41.6,0.33,90,12.5,161,487.88,929,851.6,2,59
CP II 32,35,41.6,0.33,100,12.5,167,506.06,924,825.17,2,59
CP II 32,35,41.6,0.33,110,12.5,173,524.24,917,800.66,2,59
CP II 32,35,41.6,0.33,120,12.5,180,545.45,911,770,2,59
CP II 32,35,41.6,0.33,130,12.5,186,563.64,903,746.44,2,59
CP II 32,35,41.6,0.33,140,12.5,192,581.82,897,720.97,2,59
CP II 32,35,41.6,0.33,70,19,142,430.3,947,933.2,2,59
CP II 32,35,41.6,0.33,80,19,149,451.52,941,902.53,2,59
CP II 32,35,41.6,0.33,90,19,156,472.73,935,871.86,2,59
CP II 32,35,41.6,0.33,100,19,163,493.94,927.67,842.47,2,59
CP II 32,35,41.6,0.33,110,19,169,512.12,920.67,817.96,2,59
CP II 32,35,41.6,0.33,120,19,176,533.33,913.67,788.25,2,59
CP II 32,35,41.6,0.33,130,19,183,554.55,906.67,758.54,2,59
CP II 32,35,41.6,0.33,140,19,190,575.76,899.67,728.83,2,59
CP II 32,35,41.6,0.33,70,25,133,403.03,955,972.36,2,59
CP II 32,35,41.6,0.33,80,25,140,424.24,949,941.69,2,59
CP II 32,35,41.6,0.33,90,25,148,448.48,943,905.82,2,59
CP II 32,35,41.6,0.33,100,25,155,469.7,936.33,875.79,2,59
CP II 32,35,41.6,0.33,110,25,163,493.94,928,842.15,2,59
CP II 32,35,41.6,0.33,120,25,170,515.15,920,813.4,2,59
CP II 32,35,41.6,0.33,130,25,178,539.39,913,778.49,2,59
CP II 32,35,41.6,0.33,140,25,185,560.61,905,749.73,2,59
CP II 32,35,41.6,0.33,70,9.5,160,484.85,953,833.85,2,58
CP II 32,35,41.6,0.33,80,9.5,165,500,947,813.58,2,58
CP II 32,35,41.6,0.33,90,9.5,170,515.15,943,791.4,2,58
CP II 32,35,41.6,0.33,100,9.5,175,530.3,937.67,770.5,2,58
CP II 32,35,41.6,0.33,110,9.5,180,545.45,932.67,749.27,2,58
CP II 32,35,41.6,0.33,120,9.5,185,560.61,927.67,728.05,2,58
CP II 32,35,41.6,0.33,130,9.5,190,575.76,922.67,706.83,2,58
CP II 32,35,41.6,0.33,140,9.5,195,590.91,917.67,685.61,2,58
CP II 32,35,41.6,0.33,70,12.5,148,448.48,966,883.82,2,58
CP II 32,35,41.6,0.33,80,12.5,155,469.7,957,856.03,2,58
CP II 32,35,41.6,0.33,90,12.5,161,487.88,951,830.56,2,58
CP II 32,35,41.6,0.33,100,12.5,167,506.06,945,805.09,2,58
CP II 32,35,41.6,0.33,110,12.5,173,524.24,939,779.62,2,58
CP II 32,35,41.6,0.33,120,12.5,180,545.45,932,749.91,2,58
CP II 32,35,41.6,0.33,130,12.5,186,563.64,927,723.49,2,58
CP II 32,35,41.6,0.33,140,12.5,192,581.82,920,698.98,2,58
CP II 32,35,41.6,0.33,70,19,142,430.3,972,909.29,2,58
CP II 32,35,41.6,0.33,80,19,149,451.52,965,879.58,2,58
CP II 32,35,41.6,0.33,90,19,156,472.73,957,850.82,2,58
CP II 32,35,41.6,0.33,100,19,163,493.94,949.67,821.43,2,58
CP II 32,35,41.6,0.33,110,19,169,512.12,944,795.65,2,58
CP II 32,35,41.6,0.33,120,19,176,533.33,937,765.93,2,58
CP II 32,35,41.6,0.33,130,19,183,554.55,929,737.18,2,58
CP II 32,35,41.6,0.33,140,19,190,575.76,922,707.47,2,58
CP II 32,35,41.6,0.33,70,25,133,403.03,980,948.45,2,58
CP II 32,35,41.6,0.33,80,25,140,424.24,973,918.74,2,58
CP II 32,35,41.6,0.33,90,25,148,448.48,965,884.78,2,58
CP II 32,35,41.6,0.33,100,25,155,469.7,957.67,855.39,2,58
CP II 32,35,41.6,0.33,110,25,163,493.94,950.17,820.95,2,58
CP II 32,35,41.6,0.33,120,25,170,515.15,942.67,791.72,2,58
CP II 32,35,41.6,0.33,130,25,178,539.39,935.17,757.29,2,58
CP II 32,35,41.6,0.33,140,25,185,560.61,927.67,728.05,2,58
CP II 32,35,41.6,0.33,70,9.5,160,484.85,976,811.85,2,57
CP II 32,35,41.6,0.33,80,9.5,165,500,970,791.58,2,57
CP II 32,35,41.6,0.33,90,9.5,170,515.15,965,770.36,2,57
CP II 32,35,41.6,0.33,100,9.5,175,530.3,959.33,749.78,2,57
CP II 32,35,41.6,0.33,110,9.5,180,545.45,953.83,729.03,2,57
CP II 32,35,41.6,0.33,120,9.5,185,560.61,948.33,708.29,2,57
CP II 32,35,41.6,0.33,130,9.5,190,575.76,945,685.47,2,57
CP II 32,35,41.6,0.33,140,9.5,195,590.91,939,665.2,2,57
CP II 32,35,41.6,0.33,70,12.5,148,448.48,988,862.78,2,57
CP II 32,35,41.6,0.33,80,12.5,155,469.7,982,832.12,2,57
CP II 32,35,41.6,0.33,90,12.5,161,487.88,975,807.61,2,57
CP II 32,35,41.6,0.33,100,12.5,167,506.06,968.67,782.46,2,57
CP II 32,35,41.6,0.33,110,12.5,173,524.24,962.17,757.47,2,57
CP II 32,35,41.6,0.33,120,12.5,180,545.45,955.67,727.28,2,57
CP II 32,35,41.6,0.33,130,12.5,186,563.64,949.17,702.29,2,57
CP II 32,35,41.6,0.33,140,12.5,192,581.82,942.67,677.3,2,57
CP II 32,35,41.6,0.33,70,19,142,430.3,995,887.29,2,57
CP II 32,35,41.6,0.33,80,19,149,451.52,988,857.58,2,57
CP II 32,35,41.6,0.33,90,19,156,472.73,980,828.83,2,57
CP II 32,35,41.6,0.33,100,19,163,493.94,972.67,799.44,2,57
CP II 32,35,41.6,0.33,110,19,169,512.12,965.17,775.4,2,57
CP II 32,35,41.6,0.33,120,19,176,533.33,959,744.89,2,57
CP II 32,35,41.6,0.33,130,19,183,554.55,952,715.18,2,57
CP II 32,35,41.6,0.33,140,19,190,575.76,945,685.47,2,57
CP II 32,35,41.6,0.33,70,25,133,403.03,1002,927.41,2,57
CP II 32,35,41.6,0.33,80,25,140,424.24,997,895.78,2,57
CP II 32,35,41.6,0.33,90,25,148,448.48,989,861.83,2,57
CP II 32,35,41.6,0.33,100,25,155,469.7,981,833.07,2,57
CP II 32,35,41.6,0.33,110,25,163,493.94,973,799.12,2,57
CP II 32,35,41.6,0.33,120,25,170,515.15,965,770.36,2,57
CP II 32,35,41.6,0.33,130,25,178,539.39,957,736.41,2,57
CP II 32,35,41.6,0.33,140,25,185,560.61,949,707.65,2,57
CP II 32,35,41.6,0.33,70,9.5,160,484.85,999,789.85,2,56
CP II 32,35,41.6,0.33,80,9.5,165,500,992,770.54,2,56
CP II 32,35,41.6,0.33,90,9.5,170,515.15,987,749.32,2,56
CP II 32,35,41.6,0.33,100,9.5,175,530.3,983,727.14,2,56
CP II 32,35,41.6,0.33,110,9.5,180,545.45,977,706.88,2,56
CP II 32,35,41.6,0.33,120,9.5,185,560.61,971,686.61,2,56
CP II 32,35,41.6,0.33,130,9.5,190,575.76,966,665.39,2,56
CP II 32,35,41.6,0.33,140,9.5,195,590.91,960,645.12,2,56
CP II 32,35,41.6,0.33,70,12.5,148,448.48,1012,839.83,2,56
CP II 32,35,41.6,0.33,80,12.5,155,469.7,1003,812.03,2,56
CP II 32,35,41.6,0.33,90,12.5,161,487.88,998,785.61,2,56
CP II 32,35,41.6,0.33,100,12.5,167,506.06,990.33,761.74,2,56
CP II 32,35,41.6,0.33,110,12.5,173,524.24,983.33,737.23,2,56
CP II 32,35,41.6,0.33,120,12.5,180,545.45,976.33,707.51,2,56
CP II 32,35,41.6,0.33,130,12.5,186,563.64,969.33,683,2,56
CP II 32,35,41.6,0.33,140,12.5,192,581.82,963,657.85,2,56
CP II 32,35,41.6,0.33,70,19,142,430.3,1018,865.3,2,56
CP II 32,35,41.6,0.33,80,19,149,451.52,1010,836.54,2,56
CP II 32,35,41.6,0.33,90,19,156,472.73,1002,807.79,2,56
CP II 32,35,41.6,0.33,100,19,163,493.94,996,777.12,2,56
CP II 32,35,41.6,0.33,110,19,169,512.12,988,753.57,2,56
CP II 32,35,41.6,0.33,120,19,176,533.33,981,723.85,2,56
CP II 32,35,41.6,0.33,130,19,183,554.55,973,695.1,2,56
CP II 32,35,41.6,0.33,140,19,190,575.76,965,666.34,2,56
CP II 32,35,41.6,0.33,70,25,133,403.03,1026,904.46,2,56
CP II 32,35,41.6,0.33,80,25,140,424.24,1020,873.79,2,56
CP II 32,35,41.6,0.33,90,25,148,448.48,1012,839.83,2,56
CP II 32,35,41.6,0.33,100,25,155,469.7,1004,811.08,2,56
CP II 32,35,41.6,0.33,110,25,163,493.94,996,777.12,2,56
CP II 32,35,41.6,0.33,120,25,170,515.15,988,748.36,2,56
CP II 32,35,41.6,0.33,130,25,178,539.39,980,714.41,2,56
CP II 32,35,41.6,0.33,140,25,185,560.61,972,685.65,2,56
CP II 32,35,41.6,0.33,70,9.5,160,484.85,1021,768.81,2,55
CP II 32,35,41.6,0.33,80,9.5,165,500,1015,748.55,2,55
CP II 32,35,41.6,0.33,90,9.5,170,515.15,1010,727.32,2,55
CP II 32,35,41.6,0.33,100,9.5,175,530.3,1004.33,706.74,2,55
CP II 32,35,41.6,0.33,110,9.5,180,545.45,998.83,686,2,55
CP II 32,35,41.6,0.33,120,9.5,185,560.61,993.33,665.25,2,55
CP II 32,35,41.6,0.33,130,9.5,190,575.76,987.83,644.51,2,55
CP II 32,35,41.6,0.33,140,9.5,195,590.91,982.33,623.76,2,55
CP II 32,35,41.6,0.33,70,12.5,148,448.48,1035,817.83,2,55
CP II 32,35,41.6,0.33,80,12.5,155,469.7,1027,789.08,2,55
CP II 32,35,41.6,0.33,90,12.5,161,487.88,1019,765.53,2,55
CP II 32,35,41.6,0.33,100,12.5,167,506.06,1013,740.06,2,55
CP II 32,35,41.6,0.33,110,12.5,173,524.24,1008,713.63,2,55
CP II 32,35,41.6,0.33,120,12.5,180,545.45,1000,684.88,2,55
CP II 32,35,41.6,0.33,130,12.5,186,563.64,993,660.37,2,55
CP II 32,35,41.6,0.33,140,12.5,192,581.82,985,636.81,2,55
CP II 32,35,41.6,0.33,70,19,142,430.3,1041,843.3,2,55
CP II 32,35,41.6,0.33,80,19,149,451.52,1033,814.55,2,55
CP II 32,35,41.6,0.33,90,19,156,472.73,1025,785.79,2,55
CP II 32,35,41.6,0.33,100,19,163,493.94,1017,757.04,2,55
CP II 32,35,41.6,0.33,110,19,169,512.12,1011,731.57,2,55
CP II 32,35,41.6,0.33,120,19,176,533.33,1004,701.86,2,55
CP II 32,35,41.6,0.33,130,19,183,554.55,996,673.1,2,55
CP II 32,35,41.6,0.33,140,19,190,575.76,989,643.39,2,55
CP II 32,35,41.6,0.33,70,25,133,403.03,1050,881.5,2,55
CP II 32,35,41.6,0.33,80,25,140,424.24,1043,851.79,2,55
CP II 32,35,41.6,0.33,90,25,148,448.48,1035,817.83,2,55
CP II 32,35,41.6,0.33,100,25,155,469.7,1027.67,788.44,2,55
CP II 32,35,41.6,0.33,110,25,163,493.94,1018,756.08,2,55
CP II 32,35,41.6,0.33,120,25,170,515.15,1010,727.32,2,55
CP II 32,35,41.6,0.33,130,25,178,539.39,1002,693.37,2,55
CP II 32,35,41.6,0.33,140,25,185,560.61,993,665.57,2,55
CP II 32,35,41.6,0.33,70,9.5,160,484.85,1045,745.86,2,54
CP II 32,35,41.6,0.33,80,9.5,165,500,1038,726.55,2,54
CP II 32,35,41.6,0.33,90,9.5,170,515.15,1032,706.28,2,54
CP II 32,35,41.6,0.33,100,9.5,175,530.3,1027,685.06,2,54
CP II 32,35,41.6,0.33,110,9.5,180,545.45,1021,664.8,2,54
CP II 32,35,41.6,0.33,120,9.5,185,560.61,1015,644.53,2,54
CP II 32,35,41.6,0.33,130,9.5,190,575.76,1010,623.31,2,54
CP II 32,35,41.6,0.33,140,9.5,195,590.91,1005,602.08,2,54
CP II 32,35,41.6,0.33,70,12.5,148,448.48,1058,795.84,2,54
CP II 32,35,41.6,0.33,80,12.5,155,469.7,1050,767.08,2,54
CP II 32,35,41.6,0.33,90,12.5,161,487.88,1042,743.53,2,54
CP II 32,35,41.6,0.33,100,12.5,167,506.06,1036,718.06,2,54
CP II 32,35,41.6,0.33,110,12.5,173,524.24,1030,692.59,2,54
CP II 32,35,41.6,0.33,120,12.5,180,545.45,1021,664.8,2,54
CP II 32,35,41.6,0.33,130,12.5,186,563.64,1014,640.29,2,54
CP II 32,35,41.6,0.33,140,12.5,192,581.82,1007,615.77,2,54
CP II 32,35,41.6,0.33,70,19,142,430.3,1065,820.35,2,54
CP II 32,35,41.6,0.33,80,19,149,451.52,1056,792.55,2,54
CP II 32,35,41.6,0.33,90,19,156,472.73,1048,763.8,2,54
CP II 32,35,41.6,0.33,100,19,163,493.94,1041,734.08,2,54
CP II 32,35,41.6,0.33,110,19,169,512.12,1033,710.53,2,54
CP II 32,35,41.6,0.33,120,19,176,533.33,1025,681.77,2,54
CP II 32,35,41.6,0.33,130,19,183,554.55,1017,653.02,2,54
CP II 32,35,41.6,0.33,140,19,190,575.76,1010,623.31,2,54
CP II 32,35,41.6,0.33,70,25,133,403.03,1075,857.59,2,54
CP II 32,35,41.6,0.33,80,25,140,424.24,1067,828.84,2,54
CP II 32,35,41.6,0.33,90,25,148,448.48,1057,796.79,2,54
CP II 32,35,41.6,0.33,100,25,155,469.7,1050,767.08,2,54
CP II 32,35,41.6,0.33,110,25,163,493.94,1041,734.08,2,54
CP II 32,35,41.6,0.33,120,25,170,515.15,1032,706.28,2,54
CP II 32,35,41.6,0.33,130,25,178,539.39,1023,673.29,2,54
CP II 32,35,41.6,0.33,140,25,185,560.61,1015,644.53,2,54
CP II 32,35,41.6,0.33,70,9.5,160,484.85,1068,723.86,2,53
CP II 32,35,41.6,0.33,80,9.5,165,500,1061,704.55,2,53
CP II 32,35,41.6,0.33,90,9.5,170,515.15,1055,684.29,2,53
CP II 32,35,41.6,0.33,100,9.5,175,530.3,1050,663.07,2,53
CP II 32,35,41.6,0.33,110,9.5,180,545.45,1044,642.8,2,53
CP II 32,35,41.6,0.33,120,9.5,185,560.61,1037,623.49,2,53
CP II 32,35,41.6,0.33,130,9.5,190,575.76,1032,602.27,2,53
CP II 32,35,41.6,0.33,140,9.5,195,590.91,1026,582,2,53
CP II 32,35,41.6,0.33,70,12.5,148,448.48,1081,773.84,2,53
CP II 32,35,41.6,0.33,80,12.5,155,469.7,1072,746.04,2,53
CP II 32,35,41.6,0.33,90,12.5,161,487.88,1065,721.53,2,53
CP II 32,35,41.6,0.33,100,12.5,167,506.06,1059,696.07,2,53
CP II 32,35,41.6,0.33,110,12.5,173,524.24,1051,672.51,2,53
CP II 32,35,41.6,0.33,120,12.5,180,545.45,1043,643.76,2,53
CP II 32,35,41.6,0.33,130,12.5,186,563.64,1036,619.25,2,53
CP II 32,35,41.6,0.33,140,12.5,192,581.82,1029,594.73,2,53
CP II 32,35,41.6,0.33,70,19,142,430.3,1088,798.35,2,53
CP II 32,35,41.6,0.33,80,19,149,451.52,1080,769.6,2,53
CP II 32,35,41.6,0.33,90,19,156,472.73,1071,741.8,2,53
CP II 32,35,41.6,0.33,100,19,163,493.94,1062.67,713.36,2,53
CP II 32,35,41.6,0.33,110,19,169,512.12,1056,688.53,2,53
CP II 32,35,41.6,0.33,120,19,176,533.33,1048,659.78,2,53
CP II 32,35,41.6,0.33,130,19,183,554.55,1040,631.02,2,53
CP II 32,35,41.6,0.33,140,19,190,575.76,1032,602.27,2,53
CP II 32,35,41.6,0.33,70,25,133,403.03,1099,834.64,2,53
CP II 32,35,41.6,0.33,80,25,140,424.24,1089,807.8,2,53
CP II 32,35,41.6,0.33,90,25,148,448.48,1081,773.84,2,53
CP II 32,35,41.6,0.33,100,25,155,469.7,1071.67,746.36,2,53
CP II 32,35,41.6,0.33,110,25,163,493.94,1062.67,713.36,2,53
CP II 32,35,41.6,0.33,120,25,170,515.15,1055,684.29,2,53
CP II 32,35,41.6,0.33,130,25,178,539.39,1047,650.33,2,53
CP II 32,35,41.6,0.33,140,25,185,560.61,1037,623.49,2,53
CP II 32,35,41.6,0.33,70,9.5,160,484.85,1090,702.82,2,52
CP II 32,35,41.6,0.33,80,9.5,165,500,1083,683.51,2,52
CP II 32,35,41.6,0.33,90,9.5,170,515.15,1077,663.25,2,52
CP II 32,35,41.6,0.33,100,9.5,175,530.3,1072,642.03,2,52
CP II 32,35,41.6,0.33,110,9.5,180,545.45,1066,621.76,2,52
CP II 32,35,41.6,0.33,120,9.5,185,560.61,1060,601.49,2,52
CP II 32,35,41.6,0.33,130,9.5,190,575.76,1054,581.23,2,52
CP II 32,35,41.6,0.33,140,9.5,195,590.91,1049,560,2,52
CP II 32,35,41.6,0.33,70,12.5,148,448.48,1105,750.89,2,52
CP II 32,35,41.6,0.33,80,12.5,155,469.7,1095,724.05,2,52
CP II 32,35,41.6,0.33,90,12.5,161,487.88,1088,699.54,2,52
CP II 32,35,41.6,0.33,100,12.5,167,506.06,1081,675.03,2,52
CP II 32,35,41.6,0.33,110,12.5,173,524.24,1075,649.56,2,52
CP II 32,35,41.6,0.33,120,12.5,180,545.45,1067,620.8,2,52
CP II 32,35,41.6,0.33,130,12.5,186,563.64,1059,597.25,2,52
CP II 32,35,41.6,0.33,140,12.5,192,581.82,1051,573.69,2,52
CP II 32,35,41.6,0.33,70,19,142,430.3,1111,776.36,2,52
CP II 32,35,41.6,0.33,80,19,149,451.52,1102,748.56,2,52
CP II 32,35,41.6,0.33,90,19,156,472.73,1094,719.8,2,52
CP II 32,35,41.6,0.33,100,19,163,493.94,1085.33,691.68,2,52
CP II 32,35,41.6,0.33,110,19,169,512.12,1079,666.54,2,52
CP II 32,35,41.6,0.33,120,19,176,533.33,1070,638.74,2,52
CP II 32,35,41.6,0.33,130,19,183,554.55,1062,609.98,2,52
CP II 32,35,41.6,0.33,140,19,190,575.76,1054,581.23,2,52
CP II 32,35,41.6,0.33,70,25,133,403.03,1121,813.6,2,52
CP II 32,35,41.6,0.33,80,25,140,424.24,1113,784.85,2,52
CP II 32,35,41.6,0.33,90,25,148,448.48,1103,752.8,2,52
CP II 32,35,41.6,0.33,100,25,155,469.7,1095,724.05,2,52
CP II 32,35,41.6,0.33,110,25,163,493.94,1085.33,691.68,2,52
CP II 32,35,41.6,0.33,120,25,170,515.15,1078,662.29,2,52
CP II 32,35,41.6,0.33,130,25,178,539.39,1069,629.29,2,52
CP II 32,35,41.6,0.33,140,25,185,560.61,1060,601.49,2,52
CP II 32,35,41.6,0.33,70,9.5,160,484.85,1113,680.83,2,51
CP II 32,35,41.6,0.33,80,9.5,165,500,1107,660.56,2,51
CP II 32,35,41.6,0.33,90,9.5,170,515.15,1100,641.25,2,51
CP II 32,35,41.6,0.33,100,9.5,175,530.3,1093.67,621.3,2,51
CP II 32,35,41.6,0.33,110,9.5,180,545.45,1088,600.72,2,51
CP II 32,35,41.6,0.33,120,9.5,185,560.61,1083,579.5,2,51
CP II 32,35,41.6,0.33,130,9.5,190,575.76,1076,560.19,2,51
CP II 32,35,41.6,0.33,140,9.5,195,590.91,1070,539.92,2,51
CP II 32,35,41.6,0.33,70,12.5,148,448.48,1126,730.81,2,51
CP II 32,35,41.6,0.33,80,12.5,155,469.7,1118,702.05,2,51
CP II 32,35,41.6,0.33,90,12.5,161,487.88,1112,676.58,2,51
CP II 32,35,41.6,0.33,100,12.5,167,506.06,1104.67,652.39,2,51
CP II 32,35,41.6,0.33,110,12.5,173,524.24,1097.67,627.88,2,51
CP II 32,35,41.6,0.33,120,12.5,180,545.45,1089,599.76,2,51
CP II 32,35,41.6,0.33,130,12.5,186,563.64,1082,575.25,2,51
CP II 32,35,41.6,0.33,140,12.5,192,581.82,1075,550.74,2,51
CP II 32,35,41.6,0.33,70,19,142,430.3,1135,753.4,2,51
CP II 32,35,41.6,0.33,80,19,149,451.52,1125,726.56,2,51
CP II 32,35,41.6,0.33,90,19,156,472.73,1117,697.81,2,51
CP II 32,35,41.6,0.33,100,19,163,493.94,1110,668.09,2,51
CP II 32,35,41.6,0.33,110,19,169,512.12,1101,645.5,2,51
CP II 32,35,41.6,0.33,120,19,176,533.33,1093,616.74,2,51
CP II 32,35,41.6,0.33,130,19,183,554.55,1084,588.94,2,51
CP II 32,35,41.6,0.33,140,19,190,575.76,1076,560.19,2,51
CP II 32,35,41.6,0.33,70,25,133,403.03,1146,789.69,2,51
CP II 32,35,41.6,0.33,80,25,140,424.24,1137,761.89,2,51
CP II 32,35,41.6,0.33,90,25,148,448.48,1128,728.89,2,51
CP II 32,35,41.6,0.33,100,25,155,469.7,1119,701.09,2,51
CP II 32,35,41.6,0.33,110,25,163,493.94,1110,668.09,2,51
CP II 32,35,41.6,0.33,120,25,170,515.15,1101,640.3,2,51
CP II 32,35,41.6,0.33,130,25,178,539.39,1092,607.3,2,51
CP II 32,35,41.6,0.33,140,25,185,560.61,1083,579.5,2,51
CP II 32,35,41.6,0.33,70,9.5,160,484.85,1135,659.79,2,50
CP II 32,35,41.6,0.33,80,9.5,165,500,1129,639.52,2,50
CP II 32,35,41.6,0.33,90,9.5,170,515.15,1123,619.26,2,50
CP II 32,35,41.6,0.33,100,9.5,175,530.3,1117,598.99,2,50
CP II 32,35,41.6,0.33,110,9.5,180,545.45,1111,578.72,2,50
CP II 32,35,41.6,0.33,120,9.5,185,560.61,1105,558.46,2,50
CP II 32,35,41.6,0.33,130,9.5,190,575.76,1099,538.19,2,50
CP II 32,35,41.6,0.33,140,9.5,195,590.91,1093,517.92,2,50
CP II 32,35,41.6,0.33,70,12.5,148,448.48,1151,706.9,2,50
CP II 32,35,41.6,0.33,80,12.5,155,469.7,1142,679.1,2,50
CP II 32,35,41.6,0.33,90,12.5,161,487.88,1135,654.59,2,50
CP II 32,35,41.6,0.33,100,12.5,167,506.06,1127,631.03,2,50
CP II 32,35,41.6,0.33,110,12.5,173,524.24,1119,607.48,2,50
CP II 32,35,41.6,0.33,120,12.5,180,545.45,1112,577.77,2,50
CP II 32,35,41.6,0.33,130,12.5,186,563.64,1103,555.17,2,50
CP II 32,35,41.6,0.33,140,12.5,192,581.82,1097,529.7,2,50
CP II 32,35,41.6,0.33,70,19,142,430.3,1158,731.41,2,50
CP II 32,35,41.6,0.33,80,19,149,451.52,1150,702.65,2,50
CP II 32,35,41.6,0.33,90,19,156,472.73,1141,674.85,2,50
CP II 32,35,41.6,0.33,100,19,163,493.94,1132.67,646.42,2,50
CP II 32,35,41.6,0.33,110,19,169,512.12,1124.17,623.34,2,50
CP II 32,35,41.6,0.33,120,19,176,533.33,1115.67,595.06,2,50
CP II 32,35,41.6,0.33,130,19,183,554.55,1107.17,566.79,2,50
CP II 32,35,41.6,0.33,140,19,190,575.76,1098.67,538.51,2,50
CP II 32,35,41.6,0.33,70,25,133,403.03,1168,768.65,2,50
CP II 32,35,41.6,0.33,80,25,140,424.24,1160,739.9,2,50
CP II 32,35,41.6,0.33,90,25,148,448.48,1151,706.9,2,50
CP II 32,35,41.6,0.33,100,25,155,469.7,1142.67,678.46,2,50
CP II 32,35,41.6,0.33,110,25,163,493.94,1133,646.1,2,50
CP II 32,35,41.6,0.33,120,25,170,515.15,1123,619.26,2,50
CP II 32,35,41.6,0.33,130,25,178,539.39,1113,587.21,2,50
CP II 32,35,41.6,0.33,140,25,185,560.61,1105,558.46,2,50
CP II 32,35,41.6,0.33,70,9.5,160,484.85,1158,637.79,2,49
CP II 32,35,41.6,0.33,80,9.5,165,500,1153,616.57,2,49
CP II 32,35,41.6,0.33,90,9.5,170,515.15,1146,597.26,2,49
CP II 32,35,41.6,0.33,100,9.5,175,530.3,1140.33,576.67,2,49
CP II 32,35,41.6,0.33,110,9.5,180,545.45,1134.33,556.41,2,49
CP II 32,35,41.6,0.33,120,9.5,185,560.61,1126,538.37,2,49
CP II 32,35,41.6,0.33,130,9.5,190,575.76,1120,518.11,2,49
CP II 32,35,41.6,0.33,140,9.5,195,590.91,1114,497.84,2,49
CP II 32,35,41.6,0.33,70,12.5,148,448.48,1173,685.86,2,49
CP II 32,35,41.6,0.33,80,12.5,155,469.7,1165,657.1,2,49
CP II 32,35,41.6,0.33,90,12.5,161,487.88,1157,633.55,2,49
CP II 32,35,41.6,0.33,100,12.5,167,506.06,1149,609.99,2,49
CP II 32,35,41.6,0.33,110,12.5,173,524.24,1143,584.53,2,49
CP II 32,35,41.6,0.33,120,12.5,180,545.45,1133,557.68,2,49
CP II 32,35,41.6,0.33,130,12.5,186,563.64,1125,534.13,2,49
CP II 32,35,41.6,0.33,140,12.5,192,581.82,1119,508.66,2,49
CP II 32,35,41.6,0.33,70,19,142,430.3,1180,710.37,2,49
CP II 32,35,41.6,0.33,80,19,149,451.52,1173,680.66,2,49
CP II 32,35,41.6,0.33,90,19,156,472.73,1163,653.81,2,49
CP II 32,35,41.6,0.33,100,19,163,493.94,1155,625.06,2,49
CP II 32,35,41.6,0.33,110,19,169,512.12,1146.5,601.98,2,49
CP II 32,35,41.6,0.33,120,19,176,533.33,1138,573.71,2,49
CP II 32,35,41.6,0.33,130,19,183,554.55,1129.5,545.43,2,49
CP II 32,35,41.6,0.33,140,19,190,575.76,1121,517.15,2,49
CP II 32,35,41.6,0.33,70,25,133,403.03,1192,745.7,2,49
CP II 32,35,41.6,0.33,80,25,140,424.24,1184,716.94,2,49
CP II 32,35,41.6,0.33,90,25,148,448.48,1173,685.86,2,49
CP II 32,35,41.6,0.33,100,25,155,469.7,1164,658.06,2,49
CP II 32,35,41.6,0.33,110,25,163,493.94,1154.5,625.54,2,49
CP II 32,35,41.6,0.33,120,25,170,515.15,1145,598.22,2,49
CP II 32,35,41.6,0.33,130,25,178,539.39,1135.5,565.69,2,49
CP II 32,35,41.6,0.33,140,25,185,560.61,1126,538.37,2,49
CP II 32,35,41.6,0.33,70,9.5,160,484.85,1182,614.84,2,48
CP II 32,35,41.6,0.33,80,9.5,165,500,1175,595.53,2,48
CP II 32,35,41.6,0.33,90,9.5,170,515.15,1168,576.22,2,48
CP II 32,35,41.6,0.33,100,9.5,175,530.3,1163,555,2,48
CP II 32,35,41.6,0.33,110,9.5,180,545.45,1156,535.69,2,48
CP II 32,35,41.6,0.33,120,9.5,185,560.61,1149,516.38,2,48
CP II 32,35,41.6,0.33,130,9.5,190,575.76,1142,497.07,2,48
CP II 32,35,41.6,0.33,140,9.5,195,590.91,1137,475.84,2,48
CP II 32,35,41.6,0.33,70,12.5,148,448.48,1197,662.9,2,48
CP II 32,35,41.6,0.33,80,12.5,155,469.7,1189,634.15,2,48
CP II 32,35,41.6,0.33,90,12.5,161,487.88,1179,612.51,2,48
CP II 32,35,41.6,0.33,100,12.5,167,506.06,1172,588,2,48
CP II 32,35,41.6,0.33,110,12.5,173,524.24,1164,564.44,2,48
CP II 32,35,41.6,0.33,120,12.5,180,545.45,1155,536.64,2,48
CP II 32,35,41.6,0.33,130,12.5,186,563.64,1147,513.09,2,48
CP II 32,35,41.6,0.33,140,12.5,192,581.82,1140,488.58,2,48
CP II 32,35,41.6,0.33,70,19,142,430.3,1205,686.46,2,48
CP II 32,35,41.6,0.33,80,19,149,451.52,1195,659.62,2,48
CP II 32,35,41.6,0.33,90,19,156,472.73,1187,630.86,2,48
CP II 32,35,41.6,0.33,100,19,163,493.94,1177.67,603.38,2,48
CP II 32,35,41.6,0.33,110,19,169,512.12,1171,578.55,2,48
CP II 32,35,41.6,0.33,120,19,176,533.33,1162,550.75,2,48
CP II 32,35,41.6,0.33,130,19,183,554.55,1153,522.95,2,48
CP II 32,35,41.6,0.33,140,19,190,575.76,1144,495.15,2,48
CP II 32,35,41.6,0.33,70,25,133,403.03,1215,723.7,2,48
CP II 32,35,41.6,0.33,80,25,140,424.24,1207,694.95,2,48
CP II 32,35,41.6,0.33,90,25,148,448.48,1197,662.9,2,48
CP II 32,35,41.6,0.33,100,25,155,469.7,1188.33,634.79,2,48
CP II 32,35,41.6,0.33,110,25,163,493.94,1177,604.02,2,48
CP II 32,35,41.6,0.33,120,25,170,515.15,1168,576.22,2,48
CP II 32,35,41.6,0.33,130,25,178,539.39,1159,543.22,2,48
CP II 32,35,41.6,0.33,140,25,185,560.61,1150,515.42,2,48
CP II 32,35,41.6,0.33,70,9.5,160,484.85,1204,593.8,2,47
CP II 32,35,41.6,0.33,80,9.5,165,500,1198,573.53,2,47
CP II 32,35,41.6,0.33,90,9.5,170,515.15,1192,553.27,2,47
CP II 32,35,41.6,0.33,100,9.5,175,530.3,1184,534.91,2,47
CP II 32,35,41.6,0.33,110,9.5,180,545.45,1178,514.65,2,47
CP II 32,35,41.6,0.33,120,9.5,185,560.61,1172,494.38,2,47
CP II 32,35,41.6,0.33,130,9.5,190,575.76,1166,474.11,2,47
CP II 32,35,41.6,0.33,140,9.5,195,590.91,1159,454.8,2,47
CP II 32,35,41.6,0.33,70,12.5,148,448.48,1219,641.86,2,47
CP II 32,35,41.6,0.33,80,12.5,155,469.7,1211,613.11,2,47
CP II 32,35,41.6,0.33,90,12.5,161,487.88,1203,589.55,2,47
CP II 32,35,41.6,0.33,100,12.5,167,506.06,1195,566,2,47
CP II 32,35,41.6,0.33,110,12.5,173,524.24,1187,542.45,2,47
CP II 32,35,41.6,0.33,120,12.5,180,545.45,1179,513.69,2,47
CP II 32,35,41.6,0.33,130,12.5,186,563.64,1171,490.14,2,47
CP II 32,35,41.6,0.33,140,12.5,192,581.82,1163,466.58,2,47
CP II 32,35,41.6,0.33,70,19,142,430.3,1227,665.42,2,47
CP II 32,35,41.6,0.33,80,19,149,451.52,1219,636.66,2,47
CP II 32,35,41.6,0.33,90,19,156,472.73,1209,609.82,2,47
CP II 32,35,41.6,0.33,100,19,163,493.94,1200.33,581.7,2,47
CP II 32,35,41.6,0.33,110,19,169,512.12,1193,557.51,2,47
CP II 32,35,41.6,0.33,120,19,176,533.33,1184,529.71,2,47
CP II 32,35,41.6,0.33,130,19,183,554.55,1173.33,503.51,2,47
CP II 32,35,41.6,0.33,140,19,190,575.76,1164.33,475.71,2,47
CP II 32,35,41.6,0.33,70,25,133,403.03,1239,700.75,2,47
CP II 32,35,41.6,0.33,80,25,140,424.24,1231,671.99,2,47
CP II 32,35,41.6,0.33,90,25,148,448.48,1221,639.95,2,47
CP II 32,35,41.6,0.33,100,25,155,469.7,1210,614.07,2,47
CP II 32,35,41.6,0.33,110,25,163,493.94,1201,581.07,2,47
CP II 32,35,41.6,0.33,120,25,170,515.15,1192,553.27,2,47
CP II 32,35,41.6,0.33,130,25,178,539.39,1180,523.14,2,47
CP II 32,35,41.6,0.33,140,25,185,560.61,1172,494.38,2,47
CP II 32,35,41.6,0.33,70,9.5,160,484.85,1227,571.8,2,46
CP II 32,35,41.6,0.33,80,9.5,165,500,1221,551.54,2,46
CP II 32,35,41.6,0.33,90,9.5,170,515.15,1215,531.27,2,46
CP II 32,35,41.6,0.33,100,9.5,175,530.3,1207,512.92,2,46
CP II 32,35,41.6,0.33,110,9.5,180,545.45,1201,492.65,2,46
CP II 32,35,41.6,0.33,120,9.5,185,560.61,1195,472.38,2,46
CP II 32,35,41.6,0.33,130,9.5,190,575.76,1187,454.03,2,46
CP II 32,35,41.6,0.33,140,9.5,195,590.91,1181,433.76,2,46
CP II 32,35,41.6,0.33,70,12.5,148,448.48,1243,618.91,2,46
CP II 32,35,41.6,0.33,80,12.5,155,469.7,1235,590.16,2,46
CP II 32,35,41.6,0.33,90,12.5,161,487.88,1227,566.6,2,46
CP II 32,35,41.6,0.33,100,12.5,167,506.06,1219,543.05,2,46
CP II 32,35,41.6,0.33,110,12.5,173,524.24,1211,519.49,2,46
CP II 32,35,41.6,0.33,120,12.5,180,545.45,1201,492.65,2,46
CP II 32,35,41.6,0.33,130,12.5,186,563.64,1193,469.1,2,46
CP II 32,35,41.6,0.33,140,12.5,192,581.82,1185,445.54,2,46
CP II 32,35,41.6,0.33,70,19,142,430.3,1251,642.47,2,46
CP II 32,35,41.6,0.33,80,19,149,451.52,1243,613.71,2,46
CP II 32,35,41.6,0.33,90,19,156,472.73,1233,586.87,2,46
CP II 32,35,41.6,0.33,100,19,163,493.94,1224.33,558.75,2,46
CP II 32,35,41.6,0.33,110,19,169,512.12,1215.33,536.15,2,46
CP II 32,35,41.6,0.33,120,19,176,533.33,1206.33,508.35,2,46
CP II 32,35,41.6,0.33,130,19,183,554.55,1197.33,480.55,2,46
CP II 32,35,41.6,0.33,140,19,190,575.76,1188.33,452.76,2,46
CP II 32,35,41.6,0.33,70,25,133,403.03,1263,677.8,2,46
CP II 32,35,41.6,0.33,80,25,140,424.24,1255,649.04,2,46
CP II 32,35,41.6,0.33,90,25,148,448.48,1243,618.91,2,46
CP II 32,35,41.6,0.33,100,25,155,469.7,1233.67,591.43,2,46
CP II 32,35,41.6,0.33,110,25,163,493.94,1223.67,559.39,2,46
CP II 32,35,41.6,0.33,120,25,170,515.15,1213.67,532.55,2,46
CP II 32,35,41.6,0.33,130,25,178,539.39,1203.67,500.5,2,46
CP II 32,35,41.6,0.33,140,25,185,560.61,1193.67,473.66,2,46
CP II 32,35,41.6,0.33,70,9.5,160,484.85,1251,548.85,2,45
CP II 32,35,41.6,0.33,80,9.5,165,500,1243,530.5,2,45
CP II 32,35,41.6,0.33,90,9.5,170,515.15,1237,510.23,2,45
CP II 32,35,41.6,0.33,100,9.5,175,530.3,1229.67,491.24,2,45
CP II 32,35,41.6,0.33,110,9.5,180,545.45,1222.67,471.93,2,45
CP II 32,35,41.6,0.33,120,9.5,185,560.61,1215.67,452.62,2,45
CP II 32,35,41.6,0.33,130,9.5,190,575.76,1208.67,433.31,2,45
CP II 32,35,41.6,0.33,140,9.5,195,590.91,1203,412.72,2,45
CP II 32,35,41.6,0.33,70,12.5,148,448.48,1267,595.96,2,45
CP II 32,35,41.6,0.33,80,12.5,155,469.7,1257,569.12,2,45
CP II 32,35,41.6,0.33,90,12.5,161,487.88,1249,545.56,2,45
CP II 32,35,41.6,0.33,100,12.5,167,506.06,1241,522.01,2,45
CP II 32,35,41.6,0.33,110,12.5,173,524.24,1233,498.45,2,45
CP II 32,35,41.6,0.33,120,12.5,180,545.45,1224,470.65,2,45
CP II 32,35,41.6,0.33,130,12.5,186,563.64,1215,448.06,2,45
CP II 32,35,41.6,0.33,140,12.5,192,581.82,1206,425.46,2,46
CP II 32,35,41.6,0.33,70,19,142,430.3,1274,620.47,2,45
CP II 32,35,41.6,0.33,80,19,149,451.52,1265,592.67,2,45
CP II 32,35,41.6,0.33,90,19,156,472.73,1256,564.87,2,45
CP II 32,35,41.6,0.33,100,19,163,493.94,1247,537.07,2,45
CP II 32,35,41.6,0.33,110,19,169,512.12,1238,514.47,2,45
CP II 32,35,41.6,0.33,120,19,176,533.33,1229,486.68,2,45
CP II 32,35,41.6,0.33,130,19,183,554.55,1220,458.88,2,45
CP II 32,35,41.6,0.33,140,19,190,575.76,1209,432.99,2,45
CP II 32,35,41.6,0.33,70,25,133,403.03,1287,654.84,2,45
CP II 32,35,41.6,0.33,80,25,140,424.24,1277,628,2,45
CP II 32,35,41.6,0.33,90,25,148,448.48,1267,595.96,2,45
CP II 32,35,41.6,0.33,100,25,155,469.7,1257,569.12,2,45
CP II 32,35,41.6,0.33,110,25,163,493.94,1247,537.07,2,45
CP II 32,35,41.6,0.33,120,25,170,515.15,1237,510.23,2,45
CP II 32,35,41.6,0.33,130,25,178,539.39,1227,478.19,2,45
CP II 32,35,41.6,0.33,140,25,185,560.61,1217,451.34,2,45
CP II 32,40,46.6,0.27,70,9.5,160,592.59,914,779.74,2,60
CP II 32,40,46.6,0.27,80,9.5,165,611.11,908,756.61,2,60
CP II 32,40,46.6,0.27,90,9.5,170,629.63,904,731.58,2,60
CP II 32,40,46.6,0.27,100,9.5,175,648.15,898.67,707.82,2,60
CP II 32,40,46.6,0.27,110,9.5,180,666.67,893.67,683.74,2,60
CP II 32,40,46.6,0.27,120,9.5,185,685.19,888.67,659.66,2,60
CP II 32,40,46.6,0.27,130,9.5,190,703.7,883.67,635.58,2,60
CP II 32,40,46.6,0.27,140,9.5,195,722.22,878.67,611.5,2,60
CP II 32,40,46.6,0.27,70,12.5,148,548.15,924,839.44,2,60
CP II 32,40,46.6,0.27,80,12.5,155,574.07,919,803.81,2,60
CP II 32,40,46.6,0.27,90,12.5,161,596.3,912,775.88,2,60
CP II 32,40,46.6,0.27,100,12.5,167,618.52,907,746.03,2,60
CP II 32,40,46.6,0.27,110,12.5,173,640.74,900,718.09,2,60
CP II 32,40,46.6,0.27,120,12.5,180,666.67,893,684.38,2,60
CP II 32,40,46.6,0.27,130,12.5,186,688.89,887,655.48,2,60
CP II 32,40,46.6,0.27,140,12.5,192,711.11,883,624.67,2,60
CP II 32,40,46.6,0.27,70,19,142,525.93,929,869.29,2,60
CP II 32,40,46.6,0.27,80,19,149,551.85,923,834.62,2,60
CP II 32,40,46.6,0.27,90,19,156,577.78,917,799.96,2,60
CP II 32,40,46.6,0.27,100,19,163,603.7,910.33,765.93,2,60
CP II 32,40,46.6,0.27,110,19,169,625.93,905,736.39,2,60
CP II 32,40,46.6,0.27,120,19,176,651.85,898,702.68,2,60
CP II 32,40,46.6,0.27,130,19,183,677.78,891,668.97,2,60
CP II 32,40,46.6,0.27,140,19,190,703.7,884,635.26,2,60
CP II 32,40,46.6,0.27,70,25,133,492.59,937,913.59,2,60
CP II 32,40,46.6,0.27,80,25,140,518.52,928,881.79,2,60
CP II 32,40,46.6,0.27,90,25,148,548.15,925,838.48,2,60
CP II 32,40,46.6,0.27,100,25,155,574.07,919,803.81,2,60
CP II 32,40,46.6,0.27,110,25,163,603.7,911,765.29,2,60
CP II 32,40,46.6,0.27,120,25,170,629.63,903,732.53,2,60
CP II 32,40,46.6,0.27,130,25,178,659.26,895,694.01,2,60
CP II 32,40,46.6,0.27,140,25,185,685.19,889,659.34,2,60
CP II 32,40,46.6,0.27,70,9.5,160,592.59,936,758.7,2,59
CP II 32,40,46.6,0.27,80,9.5,165,611.11,931,734.62,2,59
CP II 32,40,46.6,0.27,90,9.5,170,629.63,926,710.54,2,59
CP II 32,40,46.6,0.27,100,9.5,175,648.15,921,686.46,2,59
CP II 32,40,46.6,0.27,110,9.5,180,666.67,916,662.38,2,59
CP II 32,40,46.6,0.27,120,9.5,185,685.19,911,638.3,2,59
CP II 32,40,46.6,0.27,130,9.5,190,703.7,906,614.22,2,59
CP II 32,40,46.6,0.27,140,9.5,195,722.22,901,590.14,2,59
CP II 32,40,46.6,0.27,70,12.5,148,548.15,949,815.53,2,59
CP II 32,40,46.6,0.27,80,12.5,155,574.07,941,782.77,2,59
CP II 32,40,46.6,0.27,90,12.5,161,596.3,935,753.88,2,59
CP II 32,40,46.6,0.27,100,12.5,167,618.52,930,724.03,2,59
CP II 32,40,46.6,0.27,110,12.5,173,640.74,923,696.09,2,59
CP II 32,40,46.6,0.27,120,12.5,180,666.67,917,661.42,2,59
CP II 32,40,46.6,0.27,130,12.5,186,688.89,909,634.44,2,59
CP II 32,40,46.6,0.27,140,12.5,192,711.11,903,605.55,2,59
CP II 32,40,46.6,0.27,70,19,142,525.93,955,844.42,2,59
CP II 32,40,46.6,0.27,80,19,149,551.85,947,811.67,2,59
CP II 32,40,46.6,0.27,90,19,156,577.78,941,777,2,59
CP II 32,40,46.6,0.27,100,19,163,603.7,933.67,743.61,2,59
CP II 32,40,46.6,0.27,110,19,169,625.93,926.67,715.67,2,59
CP II 32,40,46.6,0.27,120,19,176,651.85,919.67,681.96,2,59
CP II 32,40,46.6,0.27,130,19,183,677.78,912.67,648.25,2,59
CP II 32,40,46.6,0.27,140,19,190,703.7,905.67,614.54,2,59
CP II 32,40,46.6,0.27,70,25,133,492.59,961,890.64,2,59
CP II 32,40,46.6,0.27,80,25,140,518.52,955,855.97,2,59
CP II 32,40,46.6,0.27,90,25,148,548.15,949,815.53,2,59
CP II 32,40,46.6,0.27,100,25,155,574.07,942.33,781.5,2,59
CP II 32,40,46.6,0.27,110,25,163,603.7,934,743.29,2,59
CP II 32,40,46.6,0.27,120,25,170,629.63,926,710.54,2,59
CP II 32,40,46.6,0.27,130,25,178,659.26,919,671.05,2,59
CP II 32,40,46.6,0.27,140,25,185,685.19,911,638.3,2,59
CP II 32,40,46.6,0.27,70,9.5,160,592.59,959,736.7,2,58
CP II 32,40,46.6,0.27,80,9.5,165,611.11,953,713.58,2,58
CP II 32,40,46.6,0.27,90,9.5,170,629.63,949,688.54,2,58
CP II 32,40,46.6,0.27,100,9.5,175,648.15,943.67,664.78,2,58
CP II 32,40,46.6,0.27,110,9.5,180,666.67,938.67,640.7,2,58
CP II 32,40,46.6,0.27,120,9.5,185,685.19,933.67,616.62,2,58
CP II 32,40,46.6,0.27,130,9.5,190,703.7,928.67,592.54,2,58
CP II 32,40,46.6,0.27,140,9.5,195,722.22,923.67,568.46,2,58
CP II 32,40,46.6,0.27,70,12.5,148,548.15,972,793.53,2,58
CP II 32,40,46.6,0.27,80,12.5,155,574.07,963,761.73,2,58
CP II 32,40,46.6,0.27,90,12.5,161,596.3,957,732.84,2,58
CP II 32,40,46.6,0.27,100,12.5,167,618.52,951,703.95,2,58
CP II 32,40,46.6,0.27,110,12.5,173,640.74,945,675.05,2,58
CP II 32,40,46.6,0.27,120,12.5,180,666.67,938,641.34,2,58
CP II 32,40,46.6,0.27,130,12.5,186,688.89,933,611.49,2,58
CP II 32,40,46.6,0.27,140,12.5,192,711.11,926,583.55,2,58
CP II 32,40,46.6,0.27,70,19,142,525.93,978,822.43,2,58
CP II 32,40,46.6,0.27,80,19,149,551.85,971,788.72,2,58
CP II 32,40,46.6,0.27,90,19,156,577.78,963,755.96,2,58
CP II 32,40,46.6,0.27,100,19,163,603.7,955.67,722.57,2,58
CP II 32,40,46.6,0.27,110,19,169,625.93,950,693.36,2,58
CP II 32,40,46.6,0.27,120,19,176,651.85,943,659.65,2,58
CP II 32,40,46.6,0.27,130,19,183,677.78,935,626.89,2,58
CP II 32,40,46.6,0.27,140,19,190,703.7,928,593.18,2,58
CP II 32,40,46.6,0.27,70,25,133,492.59,986,866.73,2,58
CP II 32,40,46.6,0.27,80,25,140,518.52,979,833.02,2,58
CP II 32,40,46.6,0.27,90,25,148,548.15,971,794.49,2,58
CP II 32,40,46.6,0.27,100,25,155,574.07,963.67,761.1,2,58
CP II 32,40,46.6,0.27,110,25,163,603.7,956.17,722.09,2,58
CP II 32,40,46.6,0.27,120,25,170,629.63,948.67,688.86,2,58
CP II 32,40,46.6,0.27,130,25,178,659.26,941.17,649.86,2,58
CP II 32,40,46.6,0.27,140,25,185,685.19,933.67,616.62,2,58
CP II 32,40,46.6,0.27,70,9.5,160,592.59,982,714.7,2,57
CP II 32,40,46.6,0.27,80,9.5,165,611.11,976,691.58,2,57
CP II 32,40,46.6,0.27,90,9.5,170,629.63,971,667.5,2,57
CP II 32,40,46.6,0.27,100,9.5,175,648.15,965.33,644.06,2,57
CP II 32,40,46.6,0.27,110,9.5,180,666.67,959.83,620.46,2,57
CP II 32,40,46.6,0.27,120,9.5,185,685.19,954.33,596.86,2,57
CP II 32,40,46.6,0.27,130,9.5,190,703.7,951,571.19,2,57
CP II 32,40,46.6,0.27,140,9.5,195,722.22,945,548.06,2,57
CP II 32,40,46.6,0.27,70,12.5,148,548.15,994,772.49,2,57
CP II 32,40,46.6,0.27,80,12.5,155,574.07,988,737.83,2,57
CP II 32,40,46.6,0.27,90,12.5,161,596.3,981,709.89,2,57
CP II 32,40,46.6,0.27,100,12.5,167,618.52,974.67,681.31,2,57
CP II 32,40,46.6,0.27,110,12.5,173,640.74,968.17,652.89,2,57
CP II 32,40,46.6,0.27,120,12.5,180,666.67,961.67,618.71,2,57
CP II 32,40,46.6,0.27,130,12.5,186,688.89,955.17,590.29,2,57
CP II 32,40,46.6,0.27,140,12.5,192,711.11,948.67,561.87,2,57
CP II 32,40,46.6,0.27,70,19,142,525.93,1001,800.43,2,57
CP II 32,40,46.6,0.27,80,19,149,551.85,994,766.72,2,57
CP II 32,40,46.6,0.27,90,19,156,577.78,986,733.97,2,57
CP II 32,40,46.6,0.27,100,19,163,603.7,978.67,700.57,2,57
CP II 32,40,46.6,0.27,110,19,169,625.93,971.17,673.11,2,57
CP II 32,40,46.6,0.27,120,19,176,651.85,965,638.61,2,57
CP II 32,40,46.6,0.27,130,19,183,677.78,958,604.9,2,57
CP II 32,40,46.6,0.27,140,19,190,703.7,951,571.19,2,57
CP II 32,40,46.6,0.27,70,25,133,492.59,1009,844.73,2,57
CP II 32,40,46.6,0.27,80,25,140,518.52,1003,810.06,2,57
CP II 32,40,46.6,0.27,90,25,148,548.15,995,771.54,2,57
CP II 32,40,46.6,0.27,100,25,155,574.07,987,738.78,2,57
CP II 32,40,46.6,0.27,110,25,163,603.7,979,700.26,2,57
CP II 32,40,46.6,0.27,120,25,170,629.63,971,667.5,2,57
CP II 32,40,46.6,0.27,130,25,178,659.26,963,628.97,2,57
CP II 32,40,46.6,0.27,140,25,185,685.19,955,596.22,2,57
CP II 32,40,46.6,0.27,70,9.5,160,592.59,1005,692.71,2,56
CP II 32,40,46.6,0.27,80,9.5,165,611.11,998,670.54,2,56
CP II 32,40,46.6,0.27,90,9.5,170,629.63,993,646.46,2,56
CP II 32,40,46.6,0.27,100,9.5,175,648.15,989,621.43,2,56
CP II 32,40,46.6,0.27,110,9.5,180,666.67,983,598.3,2,56
CP II 32,40,46.6,0.27,120,9.5,185,685.19,977,575.18,2,56
CP II 32,40,46.6,0.27,130,9.5,190,703.7,972,551.1,2,56
CP II 32,40,46.6,0.27,140,9.5,195,722.22,966,527.98,2,56
CP II 32,40,46.6,0.27,70,12.5,148,548.15,1018,749.54,2,56
CP II 32,40,46.6,0.27,80,12.5,155,574.07,1009,717.74,2,56
CP II 32,40,46.6,0.27,90,12.5,161,596.3,1004,687.89,2,56
CP II 32,40,46.6,0.27,100,12.5,167,618.52,996.33,660.59,2,56
CP II 32,40,46.6,0.27,110,12.5,173,640.74,989.33,632.65,2,56
CP II 32,40,46.6,0.27,120,12.5,180,666.67,982.33,598.94,2,56
CP II 32,40,46.6,0.27,130,12.5,186,688.89,975.33,571,2,56
CP II 32,40,46.6,0.27,140,12.5,192,711.11,969,542.43,2,56
CP II 32,40,46.6,0.27,70,19,142,525.93,1024,778.43,2,56
CP II 32,40,46.6,0.27,80,19,149,551.85,1016,745.68,2,56
CP II 32,40,46.6,0.27,90,19,156,577.78,1008,712.93,2,56
CP II 32,40,46.6,0.27,100,19,163,603.7,1002,678.26,2,56
CP II 32,40,46.6,0.27,110,19,169,625.93,994,651.28,2,56
CP II 32,40,46.6,0.27,120,19,176,651.85,987,617.57,2,56
CP II 32,40,46.6,0.27,130,19,183,677.78,979,584.81,2,56
CP II 32,40,46.6,0.27,140,19,190,703.7,971,552.06,2,56
CP II 32,40,46.6,0.27,70,25,133,492.59,1034,820.82,2,56
CP II 32,40,46.6,0.27,80,25,140,518.52,1026,788.07,2,56
CP II 32,40,46.6,0.27,90,25,148,548.15,1018,749.54,2,56
CP II 32,40,46.6,0.27,100,25,155,574.07,1010,716.79,2,56
CP II 32,40,46.6,0.27,110,25,163,603.7,1002,678.26,2,56
CP II 32,40,46.6,0.27,120,25,170,629.63,994,645.5,2,56
CP II 32,40,46.6,0.27,130,25,178,659.26,986,606.98,2,56
CP II 32,40,46.6,0.27,140,25,185,685.19,978,574.22,2,56
CP II 32,40,46.6,0.27,70,9.5,160,592.59,1027,671.67,2,55
CP II 32,40,46.6,0.27,80,9.5,165,611.11,1021,648.54,2,55
CP II 32,40,46.6,0.27,90,9.5,170,629.63,1016,624.46,2,55
CP II 32,40,46.6,0.27,100,9.5,175,648.15,1010.33,601.02,2,55
CP II 32,40,46.6,0.27,110,9.5,180,666.67,1004.83,577.42,2,55
CP II 32,40,46.6,0.27,120,9.5,185,685.19,999.33,553.82,2,55
CP II 32,40,46.6,0.27,130,9.5,190,703.7,993.83,530.22,2,55
CP II 32,40,46.6,0.27,140,9.5,195,722.22,988.33,506.62,2,55
CP II 32,40,46.6,0.27,70,12.5,148,548.15,1041,727.54,2,55
CP II 32,40,46.6,0.27,80,12.5,155,574.07,1033,694.79,2,55
CP II 32,40,46.6,0.27,90,12.5,161,596.3,1025,667.81,2,55
CP II 32,40,46.6,0.27,100,12.5,167,618.52,1019,638.91,2,55
CP II 32,40,46.6,0.27,110,12.5,173,640.74,1014,609.06,2,55
CP II 32,40,46.6,0.27,120,12.5,180,666.67,1006,576.31,2,55
CP II 32,40,46.6,0.27,130,12.5,186,688.89,999,548.37,2,55
CP II 32,40,46.6,0.27,140,12.5,192,711.11,991,521.39,2,55
CP II 32,40,46.6,0.27,70,19,142,525.93,1047,756.44,2,55
CP II 32,40,46.6,0.27,80,19,149,551.85,1039,723.68,2,55
CP II 32,40,46.6,0.27,90,19,156,577.78,1031,690.93,2,55
CP II 32,40,46.6,0.27,100,19,163,603.7,1023,658.18,2,55
CP II 32,40,46.6,0.27,110,19,169,625.93,1017,629.28,2,55
CP II 32,40,46.6,0.27,120,19,176,651.85,1010,595.57,2,55
CP II 32,40,46.6,0.27,130,19,183,677.78,1002,562.82,2,55
CP II 32,40,46.6,0.27,140,19,190,703.7,995,529.11,2,55
CP II 32,40,46.6,0.27,70,25,133,492.59,1056,799.78,2,55
CP II 32,40,46.6,0.27,80,25,140,518.52,1049,766.07,2,55
CP II 32,40,46.6,0.27,90,25,148,548.15,1041,727.54,2,55
CP II 32,40,46.6,0.27,100,25,155,574.07,1033.67,694.15,2,55
CP II 32,40,46.6,0.27,110,25,163,603.7,1024,657.22,2,55
CP II 32,40,46.6,0.27,120,25,170,629.63,1016,624.46,2,55
CP II 32,40,46.6,0.27,130,25,178,659.26,1008,585.94,2,55
CP II 32,40,46.6,0.27,140,25,185,685.19,999,554.14,2,55
CP II 32,40,46.6,0.27,70,9.5,160,592.59,1051,648.71,2,54
CP II 32,40,46.6,0.27,80,9.5,165,611.11,1044,626.55,2,54
CP II 32,40,46.6,0.27,90,9.5,170,629.63,1038,603.42,2,54
CP II 32,40,46.6,0.27,100,9.5,175,648.15,1033,579.35,2,54
CP II 32,40,46.6,0.27,110,9.5,180,666.67,1027,556.22,2,54
CP II 32,40,46.6,0.27,120,9.5,185,685.19,1021,533.1,2,54
CP II 32,40,46.6,0.27,130,9.5,190,703.7,1016,509.02,2,54
CP II 32,40,46.6,0.27,140,9.5,195,722.22,1011,484.94,2,54
CP II 32,40,46.6,0.27,70,12.5,148,548.15,1064,705.55,2,54
CP II 32,40,46.6,0.27,80,12.5,155,574.07,1056,672.79,2,54
CP II 32,40,46.6,0.27,90,12.5,161,596.3,1048,645.81,2,54
CP II 32,40,46.6,0.27,100,12.5,167,618.52,1042,616.92,2,54
CP II 32,40,46.6,0.27,110,12.5,173,640.74,1036,588.02,2,54
CP II 32,40,46.6,0.27,120,12.5,180,666.67,1027,556.22,2,54
CP II 32,40,46.6,0.27,130,12.5,186,688.89,1020,528.28,2,54
CP II 32,40,46.6,0.27,140,12.5,192,711.11,1020,493.65,2,54
CP II 32,40,46.6,0.27,70,19,142,525.93,1071,733.49,2,54
CP II 32,40,46.6,0.27,80,19,149,551.85,1062,701.69,2,54
CP II 32,40,46.6,0.27,90,19,156,577.78,1054,668.93,2,54
CP II 32,40,46.6,0.27,100,19,163,603.7,1047,635.22,2,54
CP II 32,40,46.6,0.27,110,19,169,625.93,1039,608.24,2,54
CP II 32,40,46.6,0.27,120,19,176,651.85,1031,575.49,2,54
CP II 32,40,46.6,0.27,130,19,183,677.78,1023,542.73,2,54
CP II 32,40,46.6,0.27,140,19,190,703.7,1016,509.02,2,54
CP II 32,40,46.6,0.27,70,25,133,492.59,1081,775.87,2,54
CP II 32,40,46.6,0.27,80,25,140,518.52,1073,743.12,2,54
CP II 32,40,46.6,0.27,90,25,148,548.15,1063,706.5,2,54
CP II 32,40,46.6,0.27,100,25,155,574.07,1056,672.79,2,54
CP II 32,40,46.6,0.27,110,25,163,603.7,1047,635.22,2,54
CP II 32,40,46.6,0.27,120,25,170,629.63,1038,603.42,2,54
CP II 32,40,46.6,0.27,130,25,178,659.26,1029,565.85,2,54
CP II 32,40,46.6,0.27,140,25,185,685.19,1021,533.1,2,54
CP II 32,40,46.6,0.27,70,9.5,160,592.59,1074,626.72,2,53
CP II 32,40,46.6,0.27,80,9.5,165,611.11,1067,604.55,2,53
CP II 32,40,46.6,0.27,90,9.5,170,629.63,1061,581.43,2,53
CP II 32,40,46.6,0.27,100,9.5,175,648.15,1056,557.35,2,53
CP II 32,40,46.6,0.27,110,9.5,180,666.67,1050,534.23,2,53
CP II 32,40,46.6,0.27,120,9.5,185,685.19,1043,512.06,2,53
CP II 32,40,46.6,0.27,130,9.5,190,703.7,1038,487.98,2,53
CP II 32,40,46.6,0.27,140,9.5,195,722.22,1040,457.21,2,53
CP II 32,40,46.6,0.27,70,12.5,148,548.15,1087,683.55,2,53
CP II 32,40,46.6,0.27,80,12.5,155,574.07,1078,651.75,2,53
CP II 32,40,46.6,0.27,90,12.5,161,596.3,1071,623.81,2,53
CP II 32,40,46.6,0.27,100,12.5,167,618.52,1065,594.92,2,53
CP II 32,40,46.6,0.27,110,12.5,173,640.74,1057,567.94,2,53
CP II 32,40,46.6,0.27,120,12.5,180,666.67,1049,535.18,2,53
CP II 32,40,46.6,0.27,130,12.5,186,688.89,1042,507.24,2,53
CP II 32,40,46.6,0.27,140,12.5,192,711.11,1040,474.52,2,53
CP II 32,40,46.6,0.27,70,19,142,525.93,1094,711.49,2,53
CP II 32,40,46.6,0.27,80,19,149,551.85,1086,678.74,2,53
CP II 32,40,46.6,0.27,90,19,156,577.78,1077,646.94,2,53
CP II 32,40,46.6,0.27,100,19,163,603.7,1068.67,614.5,2,53
CP II 32,40,46.6,0.27,110,19,169,625.93,1062,586.24,2,53
CP II 32,40,46.6,0.27,120,19,176,651.85,1054,553.49,2,53
CP II 32,40,46.6,0.27,130,19,183,677.78,1046,520.74,2,53
CP II 32,40,46.6,0.27,140,19,190,703.7,1038,487.98,2,53
CP II 32,40,46.6,0.27,70,25,133,492.59,1105,752.92,2,53
CP II 32,40,46.6,0.27,80,25,140,518.52,1095,722.08,2,53
CP II 32,40,46.6,0.27,90,25,148,548.15,1087,683.55,2,53
CP II 32,40,46.6,0.27,100,25,155,574.07,1077.67,652.07,2,53
CP II 32,40,46.6,0.27,110,25,163,603.7,1068.67,614.5,2,53
CP II 32,40,46.6,0.27,120,25,170,629.63,1061,581.43,2,53
CP II 32,40,46.6,0.27,130,25,178,659.26,1053,542.9,2,53
CP II 32,40,46.6,0.27,140,25,185,685.19,1043,512.06,2,53
CP II 32,40,46.6,0.27,70,9.5,160,592.59,1096,605.68,2,52
CP II 32,40,46.6,0.27,80,9.5,165,611.11,1089,583.51,2,52
CP II 32,40,46.6,0.27,90,9.5,170,629.63,1087,556.56,2,52
CP II 32,40,46.6,0.27,100,9.5,175,648.15,1085,529.61,2,52
CP II 32,40,46.6,0.27,110,9.5,180,666.67,1081,504.58,2,52
CP II 32,40,46.6,0.27,120,9.5,185,685.19,1070,486.24,2,52
CP II 32,40,46.6,0.27,130,9.5,190,703.7,1070,457.38,2,52
CP II 32,40,46.6,0.27,140,9.5,195,722.22,1065,433.3,2,52
CP II 32,40,46.6,0.27,70,12.5,148,548.15,1111,660.6,2,52
CP II 32,40,46.6,0.27,80,12.5,155,574.07,1101,629.76,2,52
CP II 32,40,46.6,0.27,90,12.5,161,596.3,1094,601.82,2,52
CP II 32,40,46.6,0.27,100,12.5,167,618.52,1087,573.88,2,52
CP II 32,40,46.6,0.27,110,12.5,173,640.74,1081,544.98,2,52
CP II 32,40,46.6,0.27,120,12.5,180,666.67,1073,512.23,2,52
CP II 32,40,46.6,0.27,130,12.5,186,688.89,1065,485.25,2,52
CP II 32,40,46.6,0.27,140,12.5,192,711.11,1057,458.27,2,53
CP II 32,40,46.6,0.27,70,19,142,525.93,1117,689.49,2,52
CP II 32,40,46.6,0.27,80,19,149,551.85,1108,657.7,2,52
CP II 32,40,46.6,0.27,90,19,156,577.78,1100,624.94,2,52
CP II 32,40,46.6,0.27,100,19,163,603.7,1091.33,592.82,2,52
CP II 32,40,46.6,0.27,110,19,169,625.93,1085,564.25,2,52
CP II 32,40,46.6,0.27,120,19,176,651.85,1076,532.45,2,52
CP II 32,40,46.6,0.27,130,19,183,677.78,1068,499.7,2,52
CP II 32,40,46.6,0.27,140,19,190,703.7,1065,462.16,2,52
CP II 32,40,46.6,0.27,70,25,133,492.59,1127,731.88,2,52
CP II 32,40,46.6,0.27,80,25,140,518.52,1119,699.12,2,52
CP II 32,40,46.6,0.27,90,25,148,548.15,1109,662.51,2,52
CP II 32,40,46.6,0.27,100,25,155,574.07,1101,629.76,2,52
CP II 32,40,46.6,0.27,110,25,163,603.7,1091.33,592.82,2,52
CP II 32,40,46.6,0.27,120,25,170,629.63,1084,559.43,2,52
CP II 32,40,46.6,0.27,130,25,178,659.26,1075,521.86,2,52
CP II 32,40,46.6,0.27,140,25,185,685.19,1066,490.06,2,52
CP II 32,40,46.6,0.27,70,9.5,160,592.59,1119,583.68,2,51
CP II 32,40,46.6,0.27,80,9.5,165,611.11,1113,560.56,2,51
CP II 32,40,46.6,0.27,90,9.5,170,629.63,1106,538.39,2,51
CP II 32,40,46.6,0.27,100,9.5,175,648.15,1099.67,515.59,2,51
CP II 32,40,46.6,0.27,110,9.5,180,666.67,1094,492.15,2,51
CP II 32,40,46.6,0.27,120,9.5,185,685.19,1089,468.07,2,51
CP II 32,40,46.6,0.27,130,9.5,190,703.7,1085,443.03,2,51
CP II 32,40,46.6,0.27,140,9.5,195,722.22,1076,422.78,2,52
CP II 32,40,46.6,0.27,70,12.5,148,548.15,1132,640.51,2,51
CP II 32,40,46.6,0.27,80,12.5,155,574.07,1124,607.76,2,51
CP II 32,40,46.6,0.27,90,12.5,161,596.3,1118,578.87,2,51
CP II 32,40,46.6,0.27,100,12.5,167,618.52,1110.67,551.25,2,51
CP II 32,40,46.6,0.27,110,12.5,173,640.74,1103.67,523.31,2,51
CP II 32,40,46.6,0.27,120,12.5,180,666.67,1095,491.19,2,51
CP II 32,40,46.6,0.27,130,12.5,186,688.89,1092,459.43,2,51
CP II 32,40,46.6,0.27,140,12.5,192,711.11,1090,426.71,2,51
CP II 32,40,46.6,0.27,70,19,142,525.93,1139,668.45,2,51
CP II 32,40,46.6,0.27,80,19,149,551.85,1131,635.7,2,51
CP II 32,40,46.6,0.27,90,19,156,577.78,1123,602.94,2,51
CP II 32,40,46.6,0.27,100,19,163,603.7,1116,569.23,2,51
CP II 32,40,46.6,0.27,110,19,169,625.93,1107,543.21,2,51
CP II 32,40,46.6,0.27,120,19,176,651.85,1102,507.58,2,51
CP II 32,40,46.6,0.27,130,19,183,677.78,1100,469.09,2,51
CP II 32,40,46.6,0.27,140,19,190,703.7,1082,445.9,2,52
CP II 32,40,46.6,0.27,70,25,133,492.59,1152,707.97,2,51
CP II 32,40,46.6,0.27,80,25,140,518.52,1141,678.08,2,51
CP II 32,40,46.6,0.27,90,25,148,548.15,1132,640.51,2,51
CP II 32,40,46.6,0.27,100,25,155,574.07,1125,606.8,2,51
CP II 32,40,46.6,0.27,110,25,163,603.7,1116,569.23,2,51
CP II 32,40,46.6,0.27,120,25,170,629.63,1107,537.44,2,51
CP II 32,40,46.6,0.27,130,25,178,659.26,1098,499.87,2,51
CP II 32,40,46.6,0.27,140,25,185,685.19,1089,468.07,2,51
CP II 32,40,46.6,0.27,70,9.5,160,592.59,1141,562.64,2,50
CP II 32,40,46.6,0.27,80,9.5,165,611.11,1135,539.52,2,50
CP II 32,40,46.6,0.27,90,9.5,170,629.63,1129,516.4,2,50
CP II 32,40,46.6,0.27,100,9.5,175,648.15,1123,493.27,2,50
CP II 32,40,46.6,0.27,110,9.5,180,666.67,1117,470.15,2,50
CP II 32,40,46.6,0.27,120,9.5,185,685.19,1116,442.25,2,50
CP II 32,40,46.6,0.27,130,9.5,190,703.7,1114,415.3,2,50
CP II 32,40,46.6,0.27,140,9.5,195,722.22,1099,400.78,2,51
CP II 32,40,46.6,0.27,70,12.5,148,548.15,1157,616.61,2,50
CP II 32,40,46.6,0.27,80,12.5,155,574.07,1148,584.81,2,50
CP II 32,40,46.6,0.27,90,12.5,161,596.3,1141,556.87,2,50
CP II 32,40,46.6,0.27,100,12.5,167,618.52,1133,529.89,2,50
CP II 32,40,46.6,0.27,110,12.5,173,640.74,1125,502.9,2,50
CP II 32,40,46.6,0.27,120,12.5,180,666.67,1118,469.19,2,50
CP II 32,40,46.6,0.27,130,12.5,186,688.89,1115,437.43,2,50
CP II 32,40,46.6,0.27,140,12.5,192,711.11,1110,407.58,2,50
CP II 32,40,46.6,0.27,70,19,142,525.93,1162,646.46,2,50
CP II 32,40,46.6,0.27,80,19,149,551.85,1156,611.79,2,50
CP II 32,40,46.6,0.27,90,19,156,577.78,1147,579.99,2,50
CP II 32,40,46.6,0.27,100,19,163,603.7,1138.67,547.56,2,50
CP II 32,40,46.6,0.27,110,19,169,625.93,1130.17,521.05,2,50
CP II 32,40,46.6,0.27,120,19,176,651.85,1121.67,488.78,2,50
CP II 32,40,46.6,0.27,130,19,183,677.78,1119,450.92,2,50
CP II 32,40,46.6,0.27,140,19,190,703.7,1104.67,424.22,2,51
CP II 32,40,46.6,0.27,70,25,133,492.59,1174,686.93,2,50
CP II 32,40,46.6,0.27,80,25,140,518.52,1166,654.18,2,50
CP II 32,40,46.6,0.27,90,25,148,548.15,1157,616.61,2,50
CP II 32,40,46.6,0.27,100,25,155,574.07,1148.67,584.17,2,50
CP II 32,40,46.6,0.27,110,25,163,603.7,1139,547.24,2,50
CP II 32,40,46.6,0.27,120,25,170,629.63,1129,516.4,2,50
CP II 32,40,46.6,0.27,130,25,178,659.26,1119,479.78,2,50
CP II 32,40,46.6,0.27,140,25,185,685.19,1111,447.03,2,50
CP II 32,40,46.6,0.27,70,9.5,160,592.59,1164,540.64,2,49
CP II 32,40,46.6,0.27,80,9.5,165,611.11,1159,516.57,2,49
CP II 32,40,46.6,0.27,90,9.5,170,629.63,1152,494.4,2,49
CP II 32,40,46.6,0.27,100,9.5,175,648.15,1146.33,470.96,2,49
CP II 32,40,46.6,0.27,110,9.5,180,666.67,1140.33,447.84,2,49
CP II 32,40,46.6,0.27,120,9.5,185,685.19,1140,419.29,2,49
CP II 32,40,46.6,0.27,130,9.5,190,703.7,1135,395.21,2,49
CP II 32,40,46.6,0.27,140,9.5,195,722.22,1130,371.14,2,49
CP II 32,40,46.6,0.27,70,12.5,148,548.15,1179,595.57,2,49
CP II 32,40,46.6,0.27,80,12.5,155,574.07,1171,562.81,2,49
CP II 32,40,46.6,0.27,90,12.5,161,596.3,1163,535.83,2,49
CP II 32,40,46.6,0.27,100,12.5,167,618.52,1155,508.85,2,49
CP II 32,40,46.6,0.27,110,12.5,173,640.74,1149,479.95,2,49
CP II 32,40,46.6,0.27,120,12.5,180,666.67,1145,443.37,2,49
CP II 32,40,46.6,0.27,130,12.5,186,688.89,1140,413.52,2,49
CP II 32,40,46.6,0.27,140,12.5,192,711.11,1132,386.54,2,49
CP II 32,40,46.6,0.27,70,19,142,525.93,1186,623.5,2,49
CP II 32,40,46.6,0.27,80,19,149,551.85,1179,589.79,2,49
CP II 32,40,46.6,0.27,90,19,156,577.78,1169,558.95,2,49
CP II 32,40,46.6,0.27,100,19,163,603.7,1161,526.2,2,49
CP II 32,40,46.6,0.27,110,19,169,625.93,1152.5,499.69,2,49
CP II 32,40,46.6,0.27,120,19,176,651.85,1150,461.68,2,49
CP II 32,40,46.6,0.27,130,19,183,677.78,1140,430.84,2,49
CP II 32,40,46.6,0.27,140,19,190,703.7,1135,395.21,2,49
CP II 32,40,46.6,0.27,70,25,133,492.59,1198,663.98,2,49
CP II 32,40,46.6,0.27,80,25,140,518.52,1190,631.22,2,49
CP II 32,40,46.6,0.27,90,25,148,548.15,1184,590.78,2,49
CP II 32,40,46.6,0.27,100,25,155,574.07,1175,558.99,2,49
CP II 32,40,46.6,0.27,110,25,163,603.7,1165.5,521.89,2,49
CP II 32,40,46.6,0.27,120,25,170,629.63,1156,490.57,2,49
CP II 32,40,46.6,0.27,130,25,178,659.26,1146.5,453.48,2,49
CP II 32,40,46.6,0.27,140,25,185,685.19,1137,422.16,2,49
CP II 32,40,46.6,0.27,70,9.5,160,592.59,1193,512.91,2,48
CP II 32,40,46.6,0.27,80,9.5,165,611.11,1186,490.74,2,48
CP II 32,40,46.6,0.27,90,9.5,170,629.63,1179,468.58,2,48
CP II 32,40,46.6,0.27,100,9.5,175,648.15,1174,444.5,2,48
CP II 32,40,46.6,0.27,110,9.5,180,666.67,1167,422.33,2,48
CP II 32,40,46.6,0.27,120,9.5,185,685.19,1160,400.17,2,48
CP II 32,40,46.6,0.27,130,9.5,190,703.7,1153,378,2,48
CP II 32,40,46.6,0.27,140,9.5,195,722.22,1148,353.92,2,48
CP II 32,40,46.6,0.27,70,12.5,148,548.15,1208,567.83,2,48
CP II 32,40,46.6,0.27,80,12.5,155,574.07,1200,535.08,2,48
CP II 32,40,46.6,0.27,90,12.5,161,596.3,1190,510.01,2,48
CP II 32,40,46.6,0.27,100,12.5,167,618.52,1183,482.07,2,48
CP II 32,40,46.6,0.27,110,12.5,173,640.74,1175,455.09,2,48
CP II 32,40,46.6,0.27,120,12.5,180,666.67,1166,423.29,2,48
CP II 32,40,46.6,0.27,130,12.5,186,688.89,1158,396.31,2,48
CP II 32,40,46.6,0.27,140,12.5,192,711.11,1151,368.37,2,48
CP II 32,40,46.6,0.27,70,19,142,525.93,1216,594.81,2,48
CP II 32,40,46.6,0.27,80,19,149,551.85,1206,563.97,2,48
CP II 32,40,46.6,0.27,90,19,156,577.78,1198,531.22,2,48
CP II 32,40,46.6,0.27,100,19,163,603.7,1188.67,499.74,2,48
CP II 32,40,46.6,0.27,110,19,169,625.93,1182,471.48,2,48
CP II 32,40,46.6,0.27,120,19,176,651.85,1173,439.68,2,48
CP II 32,40,46.6,0.27,130,19,183,677.78,1164,407.88,2,48
CP II 32,40,46.6,0.27,140,19,190,703.7,1155,376.09,2,48
CP II 32,40,46.6,0.27,70,25,133,492.59,1226,637.2,2,48
CP II 32,40,46.6,0.27,80,25,140,518.52,1218,604.44,2,48
CP II 32,40,46.6,0.27,90,25,148,548.15,1208,567.83,2,48
CP II 32,40,46.6,0.27,100,25,155,574.07,1199.33,535.71,2,48
CP II 32,40,46.6,0.27,110,25,163,603.7,1188,500.38,2,48
CP II 32,40,46.6,0.27,120,25,170,629.63,1179,468.58,2,48
CP II 32,40,46.6,0.27,130,25,178,659.26,1170,431.01,2,48
CP II 32,40,46.6,0.27,140,25,185,685.19,1161,399.21,2,48
CP II 32,40,46.6,0.27,70,9.5,160,592.59,1215,491.87,2,47
CP II 32,40,46.6,0.27,80,9.5,165,611.11,1209,468.75,2,47
CP II 32,40,46.6,0.27,90,9.5,170,629.63,1203,445.62,2,47
CP II 32,40,46.6,0.27,100,9.5,175,648.15,1195,424.41,2,47
CP II 32,40,46.6,0.27,110,9.5,180,666.67,1189,401.29,2,47
CP II 32,40,46.6,0.27,120,9.5,185,685.19,1183,378.17,2,47
CP II 32,40,46.6,0.27,130,9.5,190,703.7,1177,355.05,2,47
CP II 32,40,46.6,0.27,140,9.5,195,722.22,1170,332.88,2,47
CP II 32,40,46.6,0.27,70,12.5,148,548.15,1230,546.79,2,47
CP II 32,40,46.6,0.27,80,12.5,155,574.07,1222,514.04,2,47
CP II 32,40,46.6,0.27,90,12.5,161,596.3,1214,487.05,2,47
CP II 32,40,46.6,0.27,100,12.5,167,618.52,1206,460.07,2,47
CP II 32,40,46.6,0.27,110,12.5,173,640.74,1198,433.09,2,47
CP II 32,40,46.6,0.27,120,12.5,180,666.67,1190,400.34,2,47
CP II 32,40,46.6,0.27,130,12.5,186,688.89,1182,373.35,2,47
CP II 32,40,46.6,0.27,140,12.5,192,711.11,1174,346.37,2,47
CP II 32,40,46.6,0.27,70,19,142,525.93,1238,573.77,2,47
CP II 32,40,46.6,0.27,80,19,149,551.85,1230,541.02,2,47
CP II 32,40,46.6,0.27,90,19,156,577.78,1220,510.18,2,47
CP II 32,40,46.6,0.27,100,19,163,603.7,1211.33,478.06,2,47
CP II 32,40,46.6,0.27,110,19,169,625.93,1204,450.44,2,47
CP II 32,40,46.6,0.27,120,19,176,651.85,1195,418.64,2,47
CP II 32,40,46.6,0.27,130,19,183,677.78,1184.33,388.44,2,47
CP II 32,40,46.6,0.27,140,19,190,703.7,1175.33,356.64,2,47
CP II 32,40,46.6,0.27,70,25,133,492.59,1250,614.25,2,47
CP II 32,40,46.6,0.27,80,25,140,518.52,1242,581.49,2,47
CP II 32,40,46.6,0.27,90,25,148,548.15,1232,544.88,2,47
CP II 32,40,46.6,0.27,100,25,155,574.07,1221,514.99,2,47
CP II 32,40,46.6,0.27,110,25,163,603.7,1212,477.42,2,47
CP II 32,40,46.6,0.27,120,25,170,629.63,1203,445.62,2,47
CP II 32,40,46.6,0.27,130,25,178,659.26,1191,410.92,2,47
CP II 32,40,46.6,0.27,140,25,185,685.19,1183,378.17,2,47
CP II 32,40,46.6,0.27,70,9.5,160,592.59,1238,469.87,2,46
CP II 32,40,46.6,0.27,80,9.5,165,611.11,1232,446.75,2,46
CP II 32,40,46.6,0.27,90,9.5,170,629.63,1226,423.63,2,46
CP II 32,40,46.6,0.27,100,9.5,175,648.15,1218,402.42,2,46
CP II 32,40,46.6,0.27,110,9.5,180,666.67,1212,379.3,2,46
CP II 32,40,46.6,0.27,120,9.5,185,685.19,1206,356.17,2,46
CP II 32,40,46.6,0.27,130,9.5,190,703.7,1198,334.96,2,46
CP II 32,40,46.6,0.27,140,9.5,195,722.22,1200,304.19,2,46
CP II 32,40,46.6,0.27,70,12.5,148,548.15,1254,523.84,2,46
CP II 32,40,46.6,0.27,80,12.5,155,574.07,1246,491.08,2,46
CP II 32,40,46.6,0.27,90,12.5,161,596.3,1238,464.1,2,46
CP II 32,40,46.6,0.27,100,12.5,167,618.52,1230,437.12,2,46
CP II 32,40,46.6,0.27,110,12.5,173,640.74,1222,410.14,2,46
CP II 32,40,46.6,0.27,120,12.5,180,666.67,1212,379.3,2,46
CP II 32,40,46.6,0.27,130,12.5,186,688.89,1204,352.31,2,46
CP II 32,40,46.6,0.27,140,12.5,192,711.11,1196,325.33,2,46
CP II 32,40,46.6,0.27,70,19,142,525.93,1262,550.82,2,46
CP II 32,40,46.6,0.27,80,19,149,551.85,1254,518.07,2,46
CP II 32,40,46.6,0.27,90,19,156,577.78,1244,487.22,2,46
CP II 32,40,46.6,0.27,100,19,163,603.7,1235.33,455.11,2,46
CP II 32,40,46.6,0.27,110,19,169,625.93,1226.33,429.08,2,46
CP II 32,40,46.6,0.27,120,19,176,651.85,1217.33,397.28,2,46
CP II 32,40,46.6,0.27,130,19,183,677.78,1208.33,365.49,2,46
CP II 32,40,46.6,0.27,140,19,190,703.7,1199.33,333.69,2,46
CP II 32,40,46.6,0.27,70,25,133,492.59,1274,591.29,2,46
CP II 32,40,46.6,0.27,80,25,140,518.52,1266,558.54,2,46
CP II 32,40,46.6,0.27,90,25,148,548.15,1254,523.84,2,46
CP II 32,40,46.6,0.27,100,25,155,574.07,1244.67,492.36,2,46
CP II 32,40,46.6,0.27,110,25,163,603.7,1234.67,455.75,2,46
CP II 32,40,46.6,0.27,120,25,170,629.63,1224.67,424.9,2,46
CP II 32,40,46.6,0.27,130,25,178,659.26,1214.67,388.29,2,46
CP II 32,40,46.6,0.27,140,25,185,685.19,1204.67,357.45,2,46
CP II 32,40,46.6,0.27,70,9.5,160,592.59,1262,446.92,2,45
CP II 32,40,46.6,0.27,80,9.5,165,611.11,1254,425.71,2,45
CP II 32,40,46.6,0.27,90,9.5,170,629.63,1248,402.59,2,45
CP II 32,40,46.6,0.27,100,9.5,175,648.15,1240.67,380.74,2,45
CP II 32,40,46.6,0.27,110,9.5,180,666.67,1233.67,358.57,2,45
CP II 32,40,46.6,0.27,120,9.5,185,685.19,1226.67,336.41,2,45
CP II 32,40,46.6,0.27,130,9.5,190,703.7,1230,304.36,2,45
CP II 32,40,46.6,0.27,140,9.5,195,722.22,1220,285.06,2,45
CP II 32,40,46.6,0.27,70,12.5,148,548.15,1278,500.89,2,45
CP II 32,40,46.6,0.27,80,12.5,155,574.07,1268,470.04,2,45
CP II 32,40,46.6,0.27,90,12.5,161,596.3,1260,443.06,2,45
CP II 32,40,46.6,0.27,100,12.5,167,618.52,1252,416.08,2,45
CP II 32,40,46.6,0.27,110,12.5,173,640.74,1244,389.1,2,45
CP II 32,40,46.6,0.27,120,12.5,180,666.67,1235,357.3,2,45
CP II 32,40,46.6,0.27,130,12.5,186,688.89,1226,331.27,2,45
CP II 32,40,46.6,0.27,140,12.5,192,711.11,1225,297.6,2,45
CP II 32,40,46.6,0.27,70,19,142,525.93,1285,528.82,2,45
CP II 32,40,46.6,0.27,80,19,149,551.85,1276,497.03,2,45
CP II 32,40,46.6,0.27,90,19,156,577.78,1267,465.23,2,45
CP II 32,40,46.6,0.27,100,19,163,603.7,1258,433.43,2,45
CP II 32,40,46.6,0.27,110,19,169,625.93,1249,407.4,2,45
CP II 32,40,46.6,0.27,120,19,176,651.85,1240,375.61,2,45
CP II 32,40,46.6,0.27,130,19,183,677.78,1231,343.81,2,45
CP II 32,40,46.6,0.27,140,19,190,703.7,1220,313.92,2,45
CP II 32,40,46.6,0.27,70,25,133,492.59,1298,568.34,2,45
CP II 32,40,46.6,0.27,80,25,140,518.52,1288,537.5,2,45
CP II 32,40,46.6,0.27,90,25,148,548.15,1278,500.89,2,45
CP II 32,40,46.6,0.27,100,25,155,574.07,1268,470.04,2,45
CP II 32,40,46.6,0.27,110,25,163,603.7,1258,433.43,2,45
CP II 32,40,46.6,0.27,120,25,170,629.63,1248,402.59,2,45
CP II 32,40,46.6,0.27,130,25,178,659.26,1238,365.97,2,45
CP II 32,40,46.6,0.27,140,25,185,685.19,1228,335.13,2,45
CP II 40,10,16.6,0.77,70,9.5,160,207.79,889,1130.1,2,60
CP II 40,10,16.6,0.77,80,9.5,165,214.29,883,1117.18,2,60
CP II 40,10,16.6,0.77,90,9.5,170,220.78,879,1102.35,2,60
CP II 40,10,16.6,0.77,100,9.5,175,227.27,873.67,1088.79,2,60
CP II 40,10,16.6,0.77,110,9.5,180,233.77,868.67,1074.91,2,60
CP II 40,10,16.6,0.77,120,9.5,185,240.26,863.67,1061.04,2,60
CP II 40,10,16.6,0.77,130,9.5,190,246.75,858.67,1047.16,2,60
CP II 40,10,16.6,0.77,140,9.5,195,253.25,853.67,1033.28,2,60
CP II 40,10,16.6,0.77,70,12.5,148,192.21,901,1163.41,2,60
CP II 40,10,16.6,0.77,80,12.5,155,201.3,894,1143.98,2,60
CP II 40,10,16.6,0.77,90,12.5,161,209.09,887,1128.29,2,60
CP II 40,10,16.6,0.77,100,12.5,167,216.88,882,1110.68,2,60
CP II 40,10,16.6,0.77,110,12.5,173,224.68,875,1094.98,2,60
CP II 40,10,16.6,0.77,120,12.5,180,233.77,868,1075.55,2,60
CP II 40,10,16.6,0.77,130,12.5,186,241.56,862,1058.9,2,60
CP II 40,10,16.6,0.77,140,12.5,192,249.35,858,1040.33,2,60
CP II 40,10,16.6,0.77,70,19,142,184.42,906,1181.02,2,60
CP II 40,10,16.6,0.77,80,19,149,193.51,900,1160.63,2,60
CP II 40,10,16.6,0.77,90,19,156,202.6,892,1142.16,2,60
CP II 40,10,16.6,0.77,100,19,163,211.69,885.33,1122.42,2,60
CP II 40,10,16.6,0.77,110,19,169,219.48,880,1105.13,2,60
CP II 40,10,16.6,0.77,120,19,176,228.57,873,1085.7,2,60
CP II 40,10,16.6,0.77,130,19,183,237.66,866,1066.27,2,60
CP II 40,10,16.6,0.77,140,19,190,246.75,859,1046.84,2,60
CP II 40,10,16.6,0.77,70,25,133,172.73,916,1205.04,2,60
CP II 40,10,16.6,0.77,80,25,140,181.82,908,1186.57,2,60
CP II 40,10,16.6,0.77,90,25,148,192.21,900,1164.37,2,60
CP II 40,10,16.6,0.77,100,25,155,201.3,894,1143.98,2,60
CP II 40,10,16.6,0.77,110,25,163,211.69,886,1121.78,2,60
CP II 40,10,16.6,0.77,120,25,170,220.78,878,1103.31,2,60
CP II 40,10,16.6,0.77,130,25,178,231.17,870,1081.1,2,60
CP II 40,10,16.6,0.77,140,25,185,240.26,864,1060.72,2,60
CP II 40,10,16.6,0.77,70,9.5,160,207.79,911,1109.06,2,59
CP II 40,10,16.6,0.77,80,9.5,165,214.29,906,1095.19,2,59
CP II 40,10,16.6,0.77,90,9.5,170,220.78,901,1081.31,2,59
CP II 40,10,16.6,0.77,100,9.5,175,227.27,896,1067.43,2,59
CP II 40,10,16.6,0.77,110,9.5,180,233.77,891,1053.56,2,59
CP II 40,10,16.6,0.77,120,9.5,185,240.26,886,1039.68,2,59
CP II 40,10,16.6,0.77,130,9.5,190,246.75,881,1025.8,2,59
CP II 40,10,16.6,0.77,140,9.5,195,253.25,876,1011.92,2,59
CP II 40,10,16.6,0.77,70,12.5,148,192.21,924,1141.41,2,59
CP II 40,10,16.6,0.77,80,12.5,155,201.3,916,1122.94,2,59
CP II 40,10,16.6,0.77,90,12.5,161,209.09,910,1106.29,2,59
CP II 40,10,16.6,0.77,100,12.5,167,216.88,905,1088.68,2,59
CP II 40,10,16.6,0.77,110,12.5,173,224.68,898,1072.98,2,59
CP II 40,10,16.6,0.77,120,12.5,180,233.77,892,1052.6,2,59
CP II 40,10,16.6,0.77,130,12.5,186,241.56,884,1037.86,2,59
CP II 40,10,16.6,0.77,140,12.5,192,249.35,878,1021.21,2,59
CP II 40,10,16.6,0.77,70,19,142,184.42,930,1158.07,2,59
CP II 40,10,16.6,0.77,80,19,149,193.51,922,1139.59,2,59
CP II 40,10,16.6,0.77,90,19,156,202.6,916,1119.21,2,59
CP II 40,10,16.6,0.77,100,19,163,211.69,908.67,1100.1,2,59
CP II 40,10,16.6,0.77,110,19,169,219.48,901.67,1084.4,2,59
CP II 40,10,16.6,0.77,120,19,176,228.57,894.67,1064.98,2,59
CP II 40,10,16.6,0.77,130,19,183,237.66,887.67,1045.55,2,59
CP II 40,10,16.6,0.77,140,19,190,246.75,880.67,1026.12,2,59
CP II 40,10,16.6,0.77,70,25,133,172.73,938,1184,2,59
CP II 40,10,16.6,0.77,80,25,140,181.82,932,1163.62,2,59
CP II 40,10,16.6,0.77,90,25,148,192.21,924,1141.41,2,59
CP II 40,10,16.6,0.77,100,25,155,201.3,917.33,1121.67,2,59
CP II 40,10,16.6,0.77,110,25,163,211.69,909,1099.78,2,59
CP II 40,10,16.6,0.77,120,25,170,220.78,901,1081.31,2,59
CP II 40,10,16.6,0.77,130,25,178,231.17,894,1058.15,2,59
CP II 40,10,16.6,0.77,140,25,185,240.26,886,1039.68,2,59
CP II 40,10,16.6,0.77,70,9.5,160,207.79,934,1087.07,2,58
CP II 40,10,16.6,0.77,80,9.5,165,214.29,928,1074.15,2,58
CP II 40,10,16.6,0.77,90,9.5,170,220.78,924,1059.31,2,58
CP II 40,10,16.6,0.77,100,9.5,175,227.27,918.67,1045.76,2,58
CP II 40,10,16.6,0.77,110,9.5,180,233.77,913.67,1031.88,2,58
CP II 40,10,16.6,0.77,120,9.5,185,240.26,908.67,1018,2,58
CP II 40,10,16.6,0.77,130,9.5,190,246.75,903.67,1004.12,2,58
CP II 40,10,16.6,0.77,140,9.5,195,253.25,898.67,990.25,2,58
CP II 40,10,16.6,0.77,70,12.5,148,192.21,947,1119.42,2,58
CP II 40,10,16.6,0.77,80,12.5,155,201.3,938,1101.9,2,58
CP II 40,10,16.6,0.77,90,12.5,161,209.09,932,1085.25,2,58
CP II 40,10,16.6,0.77,100,12.5,167,216.88,926,1068.6,2,58
CP II 40,10,16.6,0.77,110,12.5,173,224.68,920,1051.94,2,58
CP II 40,10,16.6,0.77,120,12.5,180,233.77,913,1032.52,2,58
CP II 40,10,16.6,0.77,130,12.5,186,241.56,908,1014.91,2,58
CP II 40,10,16.6,0.77,140,12.5,192,249.35,901,999.21,2,58
CP II 40,10,16.6,0.77,70,19,142,184.42,953,1136.07,2,58
CP II 40,10,16.6,0.77,80,19,149,193.51,946,1116.64,2,58
CP II 40,10,16.6,0.77,90,19,156,202.6,938,1098.17,2,58
CP II 40,10,16.6,0.77,100,19,163,211.69,930.67,1079.06,2,58
CP II 40,10,16.6,0.77,110,19,169,219.48,925,1062.09,2,58
CP II 40,10,16.6,0.77,120,19,176,228.57,918,1042.66,2,58
CP II 40,10,16.6,0.77,130,19,183,237.66,910,1024.19,2,58
CP II 40,10,16.6,0.77,140,19,190,246.75,903,1004.76,2,58
CP II 40,10,16.6,0.77,70,25,133,172.73,961,1162,2,58
CP II 40,10,16.6,0.77,80,25,140,181.82,954,1142.58,2,58
CP II 40,10,16.6,0.77,90,25,148,192.21,946,1120.37,2,58
CP II 40,10,16.6,0.77,100,25,155,201.3,938.67,1101.26,2,58
CP II 40,10,16.6,0.77,110,25,163,211.69,931.17,1078.58,2,58
CP II 40,10,16.6,0.77,120,25,170,220.78,923.67,1059.63,2,58
CP II 40,10,16.6,0.77,130,25,178,231.17,916.17,1036.95,2,58
CP II 40,10,16.6,0.77,140,25,185,240.26,908.67,1018,2,58
CP II 40,10,16.6,0.77,70,9.5,160,207.79,957,1065.07,2,57
CP II 40,10,16.6,0.77,80,9.5,165,214.29,951,1052.15,2,57
CP II 40,10,16.6,0.77,90,9.5,170,220.78,946,1038.27,2,57
CP II 40,10,16.6,0.77,100,9.5,175,227.27,940.33,1025.03,2,57
CP II 40,10,16.6,0.77,110,9.5,180,233.77,934.83,1011.64,2,57
CP II 40,10,16.6,0.77,120,9.5,185,240.26,929.33,998.24,2,57
CP II 40,10,16.6,0.77,130,9.5,190,246.75,926,982.77,2,57
CP II 40,10,16.6,0.77,140,9.5,195,253.25,920,969.84,2,57
CP II 40,10,16.6,0.77,70,12.5,148,192.21,969,1098.38,2,57
CP II 40,10,16.6,0.77,80,12.5,155,201.3,963,1077.99,2,57
CP II 40,10,16.6,0.77,90,12.5,161,209.09,956,1062.3,2,57
CP II 40,10,16.6,0.77,100,12.5,167,216.88,949.67,1045.96,2,57
CP II 40,10,16.6,0.77,110,12.5,173,224.68,943.17,1029.79,2,57
CP II 40,10,16.6,0.77,120,12.5,180,233.77,936.67,1009.88,2,57
CP II 40,10,16.6,0.77,130,12.5,186,241.56,930.17,993.71,2,57
CP II 40,10,16.6,0.77,140,12.5,192,249.35,923.67,977.53,2,57
CP II 40,10,16.6,0.77,70,19,142,184.42,976,1114.07,2,57
CP II 40,10,16.6,0.77,80,19,149,193.51,969,1094.65,2,57
CP II 40,10,16.6,0.77,90,19,156,202.6,961,1076.17,2,57
CP II 40,10,16.6,0.77,100,19,163,211.69,953.67,1057.06,2,57
CP II 40,10,16.6,0.77,110,19,169,219.48,946.17,1041.85,2,57
CP II 40,10,16.6,0.77,120,19,176,228.57,940,1021.62,2,57
CP II 40,10,16.6,0.77,130,19,183,237.66,933,1002.19,2,57
CP II 40,10,16.6,0.77,140,19,190,246.75,926,982.77,2,57
CP II 40,10,16.6,0.77,70,25,133,172.73,986,1138.1,2,57
CP II 40,10,16.6,0.77,80,25,140,181.82,978,1119.62,2,57
CP II 40,10,16.6,0.77,90,25,148,192.21,970,1097.42,2,57
CP II 40,10,16.6,0.77,100,25,155,201.3,962,1078.95,2,57
CP II 40,10,16.6,0.77,110,25,163,211.69,954,1056.75,2,57
CP II 40,10,16.6,0.77,120,25,170,220.78,946,1038.27,2,57
CP II 40,10,16.6,0.77,130,25,178,231.17,938,1016.07,2,57
CP II 40,10,16.6,0.77,140,25,185,240.26,930,997.6,2,57
CP II 40,10,16.6,0.77,70,9.5,160,207.79,980,1043.08,2,56
CP II 40,10,16.6,0.77,80,9.5,165,214.29,973,1031.11,2,56
CP II 40,10,16.6,0.77,90,9.5,170,220.78,968,1017.23,2,56
CP II 40,10,16.6,0.77,100,9.5,175,227.27,964,1002.4,2,56
CP II 40,10,16.6,0.77,110,9.5,180,233.77,958,989.48,2,56
CP II 40,10,16.6,0.77,120,9.5,185,240.26,952,976.56,2,56
CP II 40,10,16.6,0.77,130,9.5,190,246.75,947,962.68,2,56
CP II 40,10,16.6,0.77,140,9.5,195,253.25,941,949.76,2,56
CP II 40,10,16.6,0.77,70,12.5,148,192.21,993,1075.42,2,56
CP II 40,10,16.6,0.77,80,12.5,155,201.3,984,1057.91,2,56
CP II 40,10,16.6,0.77,90,12.5,161,209.09,979,1040.3,2,56
CP II 40,10,16.6,0.77,100,12.5,167,216.88,971.33,1025.24,2,56
CP II 40,10,16.6,0.77,110,12.5,173,224.68,964.33,1009.55,2,56
CP II 40,10,16.6,0.77,120,12.5,180,233.77,957.33,990.12,2,56
CP II 40,10,16.6,0.77,130,12.5,186,241.56,950.33,974.42,2,56
CP II 40,10,16.6,0.77,140,12.5,192,249.35,944,958.09,2,56
CP II 40,10,16.6,0.77,70,19,142,184.42,999,1092.08,2,56
CP II 40,10,16.6,0.77,80,19,149,193.51,991,1073.61,2,56
CP II 40,10,16.6,0.77,90,19,156,202.6,983,1055.13,2,56
CP II 40,10,16.6,0.77,100,19,163,211.69,977,1034.75,2,56
CP II 40,10,16.6,0.77,110,19,169,219.48,969,1020.01,2,56
CP II 40,10,16.6,0.77,120,19,176,228.57,962,1000.58,2,56
CP II 40,10,16.6,0.77,130,19,183,237.66,954,982.11,2,56
CP II 40,10,16.6,0.77,140,19,190,246.75,946,963.64,2,56
CP II 40,10,16.6,0.77,70,25,133,172.73,1009,1116.1,2,56
CP II 40,10,16.6,0.77,80,25,140,181.82,1001,1097.63,2,56
CP II 40,10,16.6,0.77,90,25,148,192.21,993,1075.42,2,56
CP II 40,10,16.6,0.77,100,25,155,201.3,985,1056.95,2,56
CP II 40,10,16.6,0.77,110,25,163,211.69,977,1034.75,2,56
CP II 40,10,16.6,0.77,120,25,170,220.78,969,1016.28,2,56
CP II 40,10,16.6,0.77,130,25,178,231.17,961,994.07,2,56
CP II 40,10,16.6,0.77,140,25,185,240.26,953,975.6,2,56
CP II 40,10,16.6,0.77,70,9.5,160,207.79,1002,1022.04,2,55
CP II 40,10,16.6,0.77,80,9.5,165,214.29,996,1009.11,2,55
CP II 40,10,16.6,0.77,90,9.5,170,220.78,991,995.24,2,55
CP II 40,10,16.6,0.77,100,9.5,175,227.27,985.33,982,2,55
CP II 40,10,16.6,0.77,110,9.5,180,233.77,979.83,968.6,2,55
CP II 40,10,16.6,0.77,120,9.5,185,240.26,974.33,955.2,2,55
CP II 40,10,16.6,0.77,130,9.5,190,246.75,968.83,941.8,2,55
CP II 40,10,16.6,0.77,140,9.5,195,253.25,963.33,928.4,2,55
CP II 40,10,16.6,0.77,70,12.5,148,192.21,1016,1053.43,2,55
CP II 40,10,16.6,0.77,80,12.5,155,201.3,1008,1034.96,2,55
CP II 40,10,16.6,0.77,90,12.5,161,209.09,1000,1020.22,2,55
CP II 40,10,16.6,0.77,100,12.5,167,216.88,994,1003.56,2,55
CP II 40,10,16.6,0.77,110,12.5,173,224.68,989,985.95,2,55
CP II 40,10,16.6,0.77,120,12.5,180,233.77,981,967.48,2,55
CP II 40,10,16.6,0.77,130,12.5,186,241.56,974,951.79,2,55
CP II 40,10,16.6,0.77,140,12.5,192,249.35,966,937.05,2,55
CP II 40,10,16.6,0.77,70,19,142,184.42,1022,1070.08,2,55
CP II 40,10,16.6,0.77,80,19,149,193.51,1014,1051.61,2,55
CP II 40,10,16.6,0.77,90,19,156,202.6,1006,1033.14,2,55
CP II 40,10,16.6,0.77,100,19,163,211.69,998,1014.67,2,55
CP II 40,10,16.6,0.77,110,19,169,219.48,992,998.01,2,55
CP II 40,10,16.6,0.77,120,19,176,228.57,985,978.58,2,55
CP II 40,10,16.6,0.77,130,19,183,237.66,977,960.11,2,55
CP II 40,10,16.6,0.77,140,19,190,246.75,970,940.69,2,55
CP II 40,10,16.6,0.77,70,25,133,172.73,1031,1095.06,2,55
CP II 40,10,16.6,0.77,80,25,140,181.82,1024,1075.63,2,55
CP II 40,10,16.6,0.77,90,25,148,192.21,1016,1053.43,2,55
CP II 40,10,16.6,0.77,100,25,155,201.3,1008.67,1034.32,2,55
CP II 40,10,16.6,0.77,110,25,163,211.69,999,1013.71,2,55
CP II 40,10,16.6,0.77,120,25,170,220.78,991,995.24,2,55
CP II 40,10,16.6,0.77,130,25,178,231.17,983,973.03,2,55
CP II 40,10,16.6,0.77,140,25,185,240.26,974,955.52,2,55
CP II 40,10,16.6,0.77,70,9.5,160,207.79,1026,999.08,2,54
CP II 40,10,16.6,0.77,80,9.5,165,214.29,1019,987.12,2,54
CP II 40,10,16.6,0.77,90,9.5,170,220.78,1013,974.2,2,54
CP II 40,10,16.6,0.77,100,9.5,175,227.27,1008,960.32,2,54
CP II 40,10,16.6,0.77,110,9.5,180,233.77,1002,947.4,2,54
CP II 40,10,16.6,0.77,120,9.5,185,240.26,996,934.48,2,54
CP II 40,10,16.6,0.77,130,9.5,190,246.75,991,920.6,2,54
CP II 40,10,16.6,0.77,140,9.5,195,253.25,986,906.72,2,54
CP II 40,10,16.6,0.77,70,12.5,148,192.21,1039,1031.43,2,54
CP II 40,10,16.6,0.77,80,12.5,155,201.3,1031,1012.96,2,54
CP II 40,10,16.6,0.77,90,12.5,161,209.09,1023,998.22,2,54
CP II 40,10,16.6,0.77,100,12.5,167,216.88,1017,981.57,2,54
CP II 40,10,16.6,0.77,110,12.5,173,224.68,1011,964.91,2,54
CP II 40,10,16.6,0.77,120,12.5,180,233.77,1002,947.4,2,54
CP II 40,10,16.6,0.77,130,12.5,186,241.56,995,931.7,2,54
CP II 40,10,16.6,0.77,140,12.5,192,249.35,988,916.01,2,54
CP II 40,10,16.6,0.77,70,19,142,184.42,1046,1047.13,2,54
CP II 40,10,16.6,0.77,80,19,149,193.51,1037,1029.61,2,54
CP II 40,10,16.6,0.77,90,19,156,202.6,1029,1011.14,2,54
CP II 40,10,16.6,0.77,100,19,163,211.69,1022,991.71,2,54
CP II 40,10,16.6,0.77,110,19,169,219.48,1014,976.97,2,54
CP II 40,10,16.6,0.77,120,19,176,228.57,1006,958.5,2,54
CP II 40,10,16.6,0.77,130,19,183,237.66,998,940.03,2,54
CP II 40,10,16.6,0.77,140,19,190,246.75,991,920.6,2,54
CP II 40,10,16.6,0.77,70,25,133,172.73,1056,1071.15,2,54
CP II 40,10,16.6,0.77,80,25,140,181.82,1048,1052.68,2,54
CP II 40,10,16.6,0.77,90,25,148,192.21,1038,1032.39,2,54
CP II 40,10,16.6,0.77,100,25,155,201.3,1031,1012.96,2,54
CP II 40,10,16.6,0.77,110,25,163,211.69,1022,991.71,2,54
CP II 40,10,16.6,0.77,120,25,170,220.78,1013,974.2,2,54
CP II 40,10,16.6,0.77,130,25,178,231.17,1004,952.95,2,54
CP II 40,10,16.6,0.77,140,25,185,240.26,996,934.48,2,54
CP II 40,10,16.6,0.77,70,9.5,160,207.79,1049,977.09,2,53
CP II 40,10,16.6,0.77,80,9.5,165,214.29,1042,965.12,2,53
CP II 40,10,16.6,0.77,90,9.5,170,220.78,1036,952.2,2,53
CP II 40,10,16.6,0.77,100,9.5,175,227.27,1031,938.32,2,53
CP II 40,10,16.6,0.77,110,9.5,180,233.77,1025,925.4,2,53
CP II 40,10,16.6,0.77,120,9.5,185,240.26,1018,913.44,2,53
CP II 40,10,16.6,0.77,130,9.5,190,246.75,1013,899.56,2,53
CP II 40,10,16.6,0.77,140,9.5,195,253.25,1007,886.64,2,53
CP II 40,10,16.6,0.77,70,12.5,148,192.21,1062,1009.44,2,53
CP II 40,10,16.6,0.77,80,12.5,155,201.3,1053,991.92,2,53
CP II 40,10,16.6,0.77,90,12.5,161,209.09,1046,976.22,2,53
CP II 40,10,16.6,0.77,100,12.5,167,216.88,1040,959.57,2,53
CP II 40,10,16.6,0.77,110,12.5,173,224.68,1032,944.83,2,53
CP II 40,10,16.6,0.77,120,12.5,180,233.77,1024,926.36,2,53
CP II 40,10,16.6,0.77,130,12.5,186,241.56,1017,910.66,2,53
CP II 40,10,16.6,0.77,140,12.5,192,249.35,1010,894.97,2,53
CP II 40,10,16.6,0.77,70,19,142,184.42,1069,1025.13,2,53
CP II 40,10,16.6,0.77,80,19,149,193.51,1061,1006.66,2,53
CP II 40,10,16.6,0.77,90,19,156,202.6,1052,989.14,2,53
CP II 40,10,16.6,0.77,100,19,163,211.69,1043.67,970.99,2,53
CP II 40,10,16.6,0.77,110,19,169,219.48,1037,954.98,2,53
CP II 40,10,16.6,0.77,120,19,176,228.57,1029,936.5,2,53
CP II 40,10,16.6,0.77,130,19,183,237.66,1021,918.03,2,53
CP II 40,10,16.6,0.77,140,19,190,246.75,1013,899.56,2,53
CP II 40,10,16.6,0.77,70,25,133,172.73,1080,1048.2,2,53
CP II 40,10,16.6,0.77,80,25,140,181.82,1070,1031.64,2,53
CP II 40,10,16.6,0.77,90,25,148,192.21,1062,1009.44,2,53
CP II 40,10,16.6,0.77,100,25,155,201.3,1052.67,992.24,2,53
CP II 40,10,16.6,0.77,110,25,163,211.69,1043.67,970.99,2,53
CP II 40,10,16.6,0.77,120,25,170,220.78,1036,952.2,2,53
CP II 40,10,16.6,0.77,130,25,178,231.17,1028,930,2,53
CP II 40,10,16.6,0.77,140,25,185,240.26,1018,913.44,2,53
CP II 40,10,16.6,0.77,70,9.5,160,207.79,1071,956.05,2,52
CP II 40,10,16.6,0.77,80,9.5,165,214.29,1064,944.08,2,52
CP II 40,10,16.6,0.77,90,9.5,170,220.78,1058,931.16,2,52
CP II 40,10,16.6,0.77,100,9.5,175,227.27,1053,917.28,2,52
CP II 40,10,16.6,0.77,110,9.5,180,233.77,1047,904.36,2,52
CP II 40,10,16.6,0.77,120,9.5,185,240.26,1041,891.44,2,52
CP II 40,10,16.6,0.77,130,9.5,190,246.75,1035,878.52,2,52
CP II 40,10,16.6,0.77,140,9.5,195,253.25,1030,864.64,2,52
CP II 40,10,16.6,0.77,70,12.5,148,192.21,1086,986.48,2,52
CP II 40,10,16.6,0.77,80,12.5,155,201.3,1076,969.92,2,52
CP II 40,10,16.6,0.77,90,12.5,161,209.09,1069,954.23,2,52
CP II 40,10,16.6,0.77,100,12.5,167,216.88,1062,938.53,2,52
CP II 40,10,16.6,0.77,110,12.5,173,224.68,1056,921.88,2,52
CP II 40,10,16.6,0.77,120,12.5,180,233.77,1048,903.41,2,52
CP II 40,10,16.6,0.77,130,12.5,186,241.56,1040,888.67,2,52
CP II 40,10,16.6,0.77,140,12.5,192,249.35,1032,873.93,2,52
CP II 40,10,16.6,0.77,70,19,142,184.42,1092,1003.14,2,52
CP II 40,10,16.6,0.77,80,19,149,193.51,1083,985.62,2,52
CP II 40,10,16.6,0.77,90,19,156,202.6,1075,967.15,2,52
CP II 40,10,16.6,0.77,100,19,163,211.69,1066.33,949.31,2,52
CP II 40,10,16.6,0.77,110,19,169,219.48,1060,932.98,2,52
CP II 40,10,16.6,0.77,120,19,176,228.57,1051,915.46,2,52
CP II 40,10,16.6,0.77,130,19,183,237.66,1043,896.99,2,52
CP II 40,10,16.6,0.77,140,19,190,246.75,1035,878.52,2,52
CP II 40,10,16.6,0.77,70,25,133,172.73,1102,1027.16,2,52
CP II 40,10,16.6,0.77,80,25,140,181.82,1094,1008.69,2,52
CP II 40,10,16.6,0.77,90,25,148,192.21,1084,988.4,2,52
CP II 40,10,16.6,0.77,100,25,155,201.3,1076,969.92,2,52
CP II 40,10,16.6,0.77,110,25,163,211.69,1066.33,949.31,2,52
CP II 40,10,16.6,0.77,120,25,170,220.78,1059,930.2,2,52
CP II 40,10,16.6,0.77,130,25,178,231.17,1050,908.96,2,52
CP II 40,10,16.6,0.77,140,25,185,240.26,1041,891.44,2,52
CP II 40,10,16.6,0.77,70,9.5,160,207.79,1094,934.05,2,51
CP II 40,10,16.6,0.77,80,9.5,165,214.29,1088,921.13,2,51
CP II 40,10,16.6,0.77,90,9.5,170,220.78,1081,909.16,2,51
CP II 40,10,16.6,0.77,100,9.5,175,227.27,1074.67,896.56,2,51
CP II 40,10,16.6,0.77,110,9.5,180,233.77,1069,883.32,2,51
CP II 40,10,16.6,0.77,120,9.5,185,240.26,1064,869.45,2,51
CP II 40,10,16.6,0.77,130,9.5,190,246.75,1057,857.48,2,51
CP II 40,10,16.6,0.77,140,9.5,195,253.25,1051,844.56,2,51
CP II 40,10,16.6,0.77,70,12.5,148,192.21,1107,966.4,2,51
CP II 40,10,16.6,0.77,80,12.5,155,201.3,1099,947.93,2,51
CP II 40,10,16.6,0.77,90,12.5,161,209.09,1093,931.27,2,51
CP II 40,10,16.6,0.77,100,12.5,167,216.88,1085.67,915.9,2,51
CP II 40,10,16.6,0.77,110,12.5,173,224.68,1078.67,900.2,2,51
CP II 40,10,16.6,0.77,120,12.5,180,233.77,1070,882.37,2,51
CP II 40,10,16.6,0.77,130,12.5,186,241.56,1063,866.67,2,51
CP II 40,10,16.6,0.77,140,12.5,192,249.35,1056,850.97,2,51
CP II 40,10,16.6,0.77,70,19,142,184.42,1116,980.18,2,51
CP II 40,10,16.6,0.77,80,19,149,193.51,1106,963.62,2,51
CP II 40,10,16.6,0.77,90,19,156,202.6,1098,945.15,2,51
CP II 40,10,16.6,0.77,100,19,163,211.69,1091,925.72,2,51
CP II 40,10,16.6,0.77,110,19,169,219.48,1082,911.94,2,51
CP II 40,10,16.6,0.77,120,19,176,228.57,1074,893.47,2,51
CP II 40,10,16.6,0.77,130,19,183,237.66,1065,875.95,2,51
CP II 40,10,16.6,0.77,140,19,190,246.75,1057,857.48,2,51
CP II 40,10,16.6,0.77,70,25,133,172.73,1127,1003.25,2,51
CP II 40,10,16.6,0.77,80,25,140,181.82,1118,985.73,2,51
CP II 40,10,16.6,0.77,90,25,148,192.21,1109,964.49,2,51
CP II 40,10,16.6,0.77,100,25,155,201.3,1100,946.97,2,51
CP II 40,10,16.6,0.77,110,25,163,211.69,1091,925.72,2,51
CP II 40,10,16.6,0.77,120,25,170,220.78,1082,908.21,2,51
CP II 40,10,16.6,0.77,130,25,178,231.17,1073,886.96,2,51
CP II 40,10,16.6,0.77,140,25,185,240.26,1064,869.45,2,51
CP II 40,10,16.6,0.77,70,9.5,160,207.79,1116,913.01,2,50
CP II 40,10,16.6,0.77,80,9.5,165,214.29,1110,900.09,2,50
CP II 40,10,16.6,0.77,90,9.5,170,220.78,1104,887.17,2,50
CP II 40,10,16.6,0.77,100,9.5,175,227.27,1098,874.25,2,50
CP II 40,10,16.6,0.77,110,9.5,180,233.77,1092,861.33,2,50
CP II 40,10,16.6,0.77,120,9.5,185,240.26,1086,848.41,2,50
CP II 40,10,16.6,0.77,130,9.5,190,246.75,1080,835.49,2,50
CP II 40,10,16.6,0.77,140,9.5,195,253.25,1074,822.56,2,50
CP II 40,10,16.6,0.77,70,12.5,148,192.21,1132,942.49,2,50
CP II 40,10,16.6,0.77,80,12.5,155,201.3,1123,924.97,2,50
CP II 40,10,16.6,0.77,90,12.5,161,209.09,1116,909.28,2,50
CP II 40,10,16.6,0.77,100,12.5,167,216.88,1108,894.54,2,50
CP II 40,10,16.6,0.77,110,12.5,173,224.68,1100,879.8,2,50
CP II 40,10,16.6,0.77,120,12.5,180,233.77,1093,860.37,2,50
CP II 40,10,16.6,0.77,130,12.5,186,241.56,1084,846.59,2,50
CP II 40,10,16.6,0.77,140,12.5,192,249.35,1078,829.93,2,50
CP II 40,10,16.6,0.77,70,19,142,184.42,1139,958.19,2,50
CP II 40,10,16.6,0.77,80,19,149,193.51,1131,939.71,2,50
CP II 40,10,16.6,0.77,90,19,156,202.6,1122,922.2,2,50
CP II 40,10,16.6,0.77,100,19,163,211.69,1113.67,904.05,2,50
CP II 40,10,16.6,0.77,110,19,169,219.48,1105.17,889.78,2,50
CP II 40,10,16.6,0.77,120,19,176,228.57,1096.67,871.79,2,50
CP II 40,10,16.6,0.77,130,19,183,237.66,1088.17,853.8,2,50
CP II 40,10,16.6,0.77,140,19,190,246.75,1079.67,835.8,2,50
CP II 40,10,16.6,0.77,70,25,133,172.73,1149,982.21,2,50
CP II 40,10,16.6,0.77,80,25,140,181.82,1141,963.74,2,50
CP II 40,10,16.6,0.77,90,25,148,192.21,1132,942.49,2,50
CP II 40,10,16.6,0.77,100,25,155,201.3,1123.67,924.34,2,50
CP II 40,10,16.6,0.77,110,25,163,211.69,1114,903.73,2,50
CP II 40,10,16.6,0.77,120,25,170,220.78,1104,887.17,2,50
CP II 40,10,16.6,0.77,130,25,178,231.17,1094,866.88,2,50
CP II 40,10,16.6,0.77,140,25,185,240.26,1086,848.41,2,50
CP II 40,10,16.6,0.77,70,9.5,160,207.79,1139,891.01,2,49
CP II 40,10,16.6,0.77,80,9.5,165,214.29,1134,877.14,2,49
CP II 40,10,16.6,0.77,90,9.5,170,220.78,1127,865.17,2,49
CP II 40,10,16.6,0.77,100,9.5,175,227.27,1121.33,851.93,2,49
CP II 40,10,16.6,0.77,110,9.5,180,233.77,1115.33,839.01,2,49
CP II 40,10,16.6,0.77,120,9.5,185,240.26,1107,828.32,2,49
CP II 40,10,16.6,0.77,130,9.5,190,246.75,1101,815.4,2,49
CP II 40,10,16.6,0.77,140,9.5,195,253.25,1095,802.48,2,49
CP II 40,10,16.6,0.77,70,12.5,148,192.21,1154,921.45,2,49
CP II 40,10,16.6,0.77,80,12.5,155,201.3,1146,902.98,2,49
CP II 40,10,16.6,0.77,90,12.5,161,209.09,1138,888.24,2,49
CP II 40,10,16.6,0.77,100,12.5,167,216.88,1130,873.5,2,49
CP II 40,10,16.6,0.77,110,12.5,173,224.68,1124,856.85,2,49
CP II 40,10,16.6,0.77,120,12.5,180,233.77,1114,840.29,2,49
CP II 40,10,16.6,0.77,130,12.5,186,241.56,1106,825.55,2,49
CP II 40,10,16.6,0.77,140,12.5,192,249.35,1100,808.89,2,49
CP II 40,10,16.6,0.77,70,19,142,184.42,1161,937.15,2,49
CP II 40,10,16.6,0.77,80,19,149,193.51,1154,917.72,2,49
CP II 40,10,16.6,0.77,90,19,156,202.6,1144,901.16,2,49
CP II 40,10,16.6,0.77,100,19,163,211.69,1136,882.69,2,49
CP II 40,10,16.6,0.77,110,19,169,219.48,1127.5,868.43,2,49
CP II 40,10,16.6,0.77,120,19,176,228.57,1119,850.43,2,49
CP II 40,10,16.6,0.77,130,19,183,237.66,1110.5,832.44,2,49
CP II 40,10,16.6,0.77,140,19,190,246.75,1102,814.45,2,49
CP II 40,10,16.6,0.77,70,25,133,172.73,1173,959.26,2,49
CP II 40,10,16.6,0.77,80,25,140,181.82,1165,940.78,2,49
CP II 40,10,16.6,0.77,90,25,148,192.21,1154,921.45,2,49
CP II 40,10,16.6,0.77,100,25,155,201.3,1145,903.93,2,49
CP II 40,10,16.6,0.77,110,25,163,211.69,1135.5,883.17,2,49
CP II 40,10,16.6,0.77,120,25,170,220.78,1126,866.13,2,49
CP II 40,10,16.6,0.77,130,25,178,231.17,1116.5,845.36,2,49
CP II 40,10,16.6,0.77,140,25,185,240.26,1107,828.32,2,49
CP II 40,10,16.6,0.77,70,9.5,160,207.79,1163,868.06,2,48
CP II 40,10,16.6,0.77,80,9.5,165,214.29,1156,856.1,2,48
CP II 40,10,16.6,0.77,90,9.5,170,220.78,1149,844.13,2,48
CP II 40,10,16.6,0.77,100,9.5,175,227.27,1144,830.25,2,48
CP II 40,10,16.6,0.77,110,9.5,180,233.77,1137,818.29,2,48
CP II 40,10,16.6,0.77,120,9.5,185,240.26,1130,806.33,2,48
CP II 40,10,16.6,0.77,130,9.5,190,246.75,1123,794.36,2,48
CP II 40,10,16.6,0.77,140,9.5,195,253.25,1118,780.48,2,48
CP II 40,10,16.6,0.77,70,12.5,148,192.21,1178,898.5,2,48
CP II 40,10,16.6,0.77,80,12.5,155,201.3,1170,880.03,2,48
CP II 40,10,16.6,0.77,90,12.5,161,209.09,1160,867.2,2,48
CP II 40,10,16.6,0.77,100,12.5,167,216.88,1153,851.5,2,48
CP II 40,10,16.6,0.77,110,12.5,173,224.68,1145,836.76,2,48
CP II 40,10,16.6,0.77,120,12.5,180,233.77,1136,819.25,2,48
CP II 40,10,16.6,0.77,130,12.5,186,241.56,1128,804.51,2,48
CP II 40,10,16.6,0.77,140,12.5,192,249.35,1121,788.81,2,48
CP II 40,10,16.6,0.77,70,19,142,184.42,1186,913.24,2,48
CP II 40,10,16.6,0.77,80,19,149,193.51,1176,896.68,2,48
CP II 40,10,16.6,0.77,90,19,156,202.6,1168,878.21,2,48
CP II 40,10,16.6,0.77,100,19,163,211.69,1158.67,861.01,2,48
CP II 40,10,16.6,0.77,110,19,169,219.48,1152,844.99,2,48
CP II 40,10,16.6,0.77,120,19,176,228.57,1143,827.48,2,48
CP II 40,10,16.6,0.77,130,19,183,237.66,1134,809.96,2,48
CP II 40,10,16.6,0.77,140,19,190,246.75,1125,792.45,2,48
CP II 40,10,16.6,0.77,70,25,133,172.73,1196,937.26,2,48
CP II 40,10,16.6,0.77,80,25,140,181.82,1188,918.79,2,48
CP II 40,10,16.6,0.77,90,25,148,192.21,1178,898.5,2,48
CP II 40,10,16.6,0.77,100,25,155,201.3,1169.33,880.66,2,48
CP II 40,10,16.6,0.77,110,25,163,211.69,1158,861.65,2,48
CP II 40,10,16.6,0.77,120,25,170,220.78,1149,844.13,2,48
CP II 40,10,16.6,0.77,130,25,178,231.17,1140,822.88,2,48
CP II 40,10,16.6,0.77,140,25,185,240.26,1131,805.37,2,48
CP II 40,10,16.6,0.77,70,9.5,160,207.79,1185,847.02,2,47
CP II 40,10,16.6,0.77,80,9.5,165,214.29,1179,834.1,2,47
CP II 40,10,16.6,0.77,90,9.5,170,220.78,1173,821.18,2,47
CP II 40,10,16.6,0.77,100,9.5,175,227.27,1165,810.17,2,47
CP II 40,10,16.6,0.77,110,9.5,180,233.77,1159,797.25,2,47
CP II 40,10,16.6,0.77,120,9.5,185,240.26,1153,784.33,2,47
CP II 40,10,16.6,0.77,130,9.5,190,246.75,1147,771.41,2,47
CP II 40,10,16.6,0.77,140,9.5,195,253.25,1140,759.44,2,47
CP II 40,10,16.6,0.77,70,12.5,148,192.21,1200,877.46,2,47
CP II 40,10,16.6,0.77,80,12.5,155,201.3,1192,858.99,2,47
CP II 40,10,16.6,0.77,90,12.5,161,209.09,1184,844.25,2,47
CP II 40,10,16.6,0.77,100,12.5,167,216.88,1176,829.51,2,47
CP II 40,10,16.6,0.77,110,12.5,173,224.68,1168,814.77,2,47
CP II 40,10,16.6,0.77,120,12.5,180,233.77,1160,796.29,2,47
CP II 40,10,16.6,0.77,130,12.5,186,241.56,1152,781.55,2,47
CP II 40,10,16.6,0.77,140,12.5,192,249.35,1144,766.81,2,47
CP II 40,10,16.6,0.77,70,19,142,184.42,1208,892.2,2,47
CP II 40,10,16.6,0.77,80,19,149,193.51,1200,873.73,2,47
CP II 40,10,16.6,0.77,90,19,156,202.6,1190,857.17,2,47
CP II 40,10,16.6,0.77,100,19,163,211.69,1181.33,839.33,2,47
CP II 40,10,16.6,0.77,110,19,169,219.48,1174,823.95,2,47
CP II 40,10,16.6,0.77,120,19,176,228.57,1165,806.44,2,47
CP II 40,10,16.6,0.77,130,19,183,237.66,1154.33,790.52,2,47
CP II 40,10,16.6,0.77,140,19,190,246.75,1145.33,773,2,47
CP II 40,10,16.6,0.77,70,25,133,172.73,1220,914.31,2,47
CP II 40,10,16.6,0.77,80,25,140,181.82,1212,895.84,2,47
CP II 40,10,16.6,0.77,90,25,148,192.21,1202,875.54,2,47
CP II 40,10,16.6,0.77,100,25,155,201.3,1191,859.94,2,47
CP II 40,10,16.6,0.77,110,25,163,211.69,1182,838.69,2,47
CP II 40,10,16.6,0.77,120,25,170,220.78,1173,821.18,2,47
CP II 40,10,16.6,0.77,130,25,178,231.17,1161,802.8,2,47
CP II 40,10,16.6,0.77,140,25,185,240.26,1153,784.33,2,47
CP II 40,10,16.6,0.77,70,9.5,160,207.79,1208,825.02,2,46
CP II 40,10,16.6,0.77,80,9.5,165,214.29,1202,812.1,2,46
CP II 40,10,16.6,0.77,90,9.5,170,220.78,1196,799.18,2,46
CP II 40,10,16.6,0.77,100,9.5,175,227.27,1188,788.17,2,46
CP II 40,10,16.6,0.77,110,9.5,180,233.77,1182,775.25,2,46
CP II 40,10,16.6,0.77,120,9.5,185,240.26,1176,762.33,2,46
CP II 40,10,16.6,0.77,130,9.5,190,246.75,1168,751.33,2,46
CP II 40,10,16.6,0.77,140,9.5,195,253.25,1162,738.4,2,46
CP II 40,10,16.6,0.77,70,12.5,148,192.21,1224,854.5,2,46
CP II 40,10,16.6,0.77,80,12.5,155,201.3,1216,836.03,2,46
CP II 40,10,16.6,0.77,90,12.5,161,209.09,1208,821.29,2,46
CP II 40,10,16.6,0.77,100,12.5,167,216.88,1200,806.55,2,46
CP II 40,10,16.6,0.77,110,12.5,173,224.68,1192,791.81,2,46
CP II 40,10,16.6,0.77,120,12.5,180,233.77,1182,775.25,2,46
CP II 40,10,16.6,0.77,130,12.5,186,241.56,1174,760.51,2,46
CP II 40,10,16.6,0.77,140,12.5,192,249.35,1166,745.77,2,46
CP II 40,10,16.6,0.77,70,19,142,184.42,1232,869.24,2,46
CP II 40,10,16.6,0.77,80,19,149,193.51,1224,850.77,2,46
CP II 40,10,16.6,0.77,90,19,156,202.6,1214,834.21,2,46
CP II 40,10,16.6,0.77,100,19,163,211.69,1205.33,816.38,2,46
CP II 40,10,16.6,0.77,110,19,169,219.48,1196.33,802.6,2,46
CP II 40,10,16.6,0.77,120,19,176,228.57,1187.33,785.08,2,46
CP II 40,10,16.6,0.77,130,19,183,237.66,1178.33,767.57,2,46
CP II 40,10,16.6,0.77,140,19,190,246.75,1169.33,750.05,2,46
CP II 40,10,16.6,0.77,70,25,133,172.73,1244,891.35,2,46
CP II 40,10,16.6,0.77,80,25,140,181.82,1236,872.88,2,46
CP II 40,10,16.6,0.77,90,25,148,192.21,1224,854.5,2,46
CP II 40,10,16.6,0.77,100,25,155,201.3,1214.67,837.31,2,46
CP II 40,10,16.6,0.77,110,25,163,211.69,1204.67,817.02,2,46
CP II 40,10,16.6,0.77,120,25,170,220.78,1194.67,800.46,2,46
CP II 40,10,16.6,0.77,130,25,178,231.17,1184.67,780.17,2,46
CP II 40,10,16.6,0.77,140,25,185,240.26,1174.67,763.61,2,46
CP II 40,10,16.6,0.77,70,9.5,160,207.79,1232,802.07,2,45
CP II 40,10,16.6,0.77,80,9.5,165,214.29,1224,791.06,2,45
CP II 40,10,16.6,0.77,90,9.5,170,220.78,1218,778.14,2,45
CP II 40,10,16.6,0.77,100,9.5,175,227.27,1210.67,766.5,2,45
CP II 40,10,16.6,0.77,110,9.5,180,233.77,1203.67,754.53,2,45
CP II 40,10,16.6,0.77,120,9.5,185,240.26,1196.67,742.57,2,45
CP II 40,10,16.6,0.77,130,9.5,190,246.75,1189.67,730.6,2,45
CP II 40,10,16.6,0.77,140,9.5,195,253.25,1184,717.36,2,45
CP II 40,10,16.6,0.77,70,12.5,148,192.21,1248,831.55,2,45
CP II 40,10,16.6,0.77,80,12.5,155,201.3,1238,814.99,2,45
CP II 40,10,16.6,0.77,90,12.5,161,209.09,1230,800.25,2,45
CP II 40,10,16.6,0.77,100,12.5,167,216.88,1222,785.51,2,45
CP II 40,10,16.6,0.77,110,12.5,173,224.68,1214,770.77,2,45
CP II 40,10,16.6,0.77,120,12.5,180,233.77,1205,753.26,2,45
CP II 40,10,16.6,0.77,130,12.5,186,241.56,1196,739.47,2,45
CP II 40,10,16.6,0.77,140,12.5,192,249.35,1187,725.69,2,45
CP II 40,10,16.6,0.77,70,19,142,184.42,1255,847.25,2,45
CP II 40,10,16.6,0.77,80,19,149,193.51,1246,829.73,2,45
CP II 40,10,16.6,0.77,90,19,156,202.6,1237,812.22,2,45
CP II 40,10,16.6,0.77,100,19,163,211.69,1228,794.7,2,45
CP II 40,10,16.6,0.77,110,19,169,219.48,1219,780.92,2,45
CP II 40,10,16.6,0.77,120,19,176,228.57,1210,763.4,2,45
CP II 40,10,16.6,0.77,130,19,183,237.66,1201,745.89,2,45
CP II 40,10,16.6,0.77,140,19,190,246.75,1190,730.29,2,45
CP II 40,10,16.6,0.77,70,25,133,172.73,1268,868.4,2,45
CP II 40,10,16.6,0.77,80,25,140,181.82,1258,851.84,2,45
CP II 40,10,16.6,0.77,90,25,148,192.21,1248,831.55,2,45
CP II 40,10,16.6,0.77,100,25,155,201.3,1238,814.99,2,45
CP II 40,10,16.6,0.77,110,25,163,211.69,1228,794.7,2,45
CP II 40,10,16.6,0.77,120,25,170,220.78,1218,778.14,2,45
CP II 40,10,16.6,0.77,130,25,178,231.17,1208,757.85,2,45
CP II 40,10,16.6,0.77,140,25,185,240.26,1198,741.29,2,45
CP II 40,15,21.6,0.68,70,9.5,160,235.29,889,1106.77,2,60
CP II 40,15,21.6,0.68,80,9.5,165,242.65,883,1093.12,2,60
CP II 40,15,21.6,0.68,90,9.5,170,250,879,1077.56,2,60
CP II 40,15,21.6,0.68,100,9.5,175,257.35,873.67,1063.27,2,60
CP II 40,15,21.6,0.68,110,9.5,180,264.71,868.67,1048.67,2,60
CP II 40,15,21.6,0.68,120,9.5,185,272.06,863.67,1034.06,2,60
CP II 40,15,21.6,0.68,130,9.5,190,279.41,858.67,1019.45,2,60
CP II 40,15,21.6,0.68,140,9.5,195,286.76,853.67,1004.85,2,60
CP II 40,15,21.6,0.68,70,12.5,148,217.65,901,1141.83,2,60
CP II 40,15,21.6,0.68,80,12.5,155,227.94,894,1121.38,2,60
CP II 40,15,21.6,0.68,90,12.5,161,236.76,887,1104.81,2,60
CP II 40,15,21.6,0.68,100,12.5,167,245.59,882,1086.32,2,60
CP II 40,15,21.6,0.68,110,12.5,173,254.41,875,1069.75,2,60
CP II 40,15,21.6,0.68,120,12.5,180,264.71,868,1049.3,2,60
CP II 40,15,21.6,0.68,130,12.5,186,273.53,862,1031.78,2,60
CP II 40,15,21.6,0.68,140,12.5,192,282.35,858,1012.34,2,60
CP II 40,15,21.6,0.68,70,19,142,208.82,906,1160.31,2,60
CP II 40,15,21.6,0.68,80,19,149,219.12,900,1138.91,2,60
CP II 40,15,21.6,0.68,90,19,156,229.41,892,1119.41,2,60
CP II 40,15,21.6,0.68,100,19,163,239.71,885.33,1098.65,2,60
CP II 40,15,21.6,0.68,110,19,169,248.53,880,1080.48,2,60
CP II 40,15,21.6,0.68,120,19,176,258.82,873,1060.03,2,60
CP II 40,15,21.6,0.68,130,19,183,269.12,866,1039.58,2,60
CP II 40,15,21.6,0.68,140,19,190,279.41,859,1019.13,2,60
CP II 40,15,21.6,0.68,70,25,133,195.59,916,1185.65,2,60
CP II 40,15,21.6,0.68,80,25,140,205.88,908,1166.15,2,60
CP II 40,15,21.6,0.68,90,25,148,217.65,900,1142.78,2,60
CP II 40,15,21.6,0.68,100,25,155,227.94,894,1121.38,2,60
CP II 40,15,21.6,0.68,110,25,163,239.71,886,1098.01,2,60
CP II 40,15,21.6,0.68,120,25,170,250,878,1078.52,2,60
CP II 40,15,21.6,0.68,130,25,178,261.76,870,1055.15,2,60
CP II 40,15,21.6,0.68,140,25,185,272.06,864,1033.74,2,60
CP II 40,15,21.6,0.68,70,9.5,160,235.29,911,1085.73,2,59
CP II 40,15,21.6,0.68,80,9.5,165,242.65,906,1071.13,2,59
CP II 40,15,21.6,0.68,90,9.5,170,250,901,1056.52,2,59
CP II 40,15,21.6,0.68,100,9.5,175,257.35,896,1041.91,2,59
CP II 40,15,21.6,0.68,110,9.5,180,264.71,891,1027.31,2,59
CP II 40,15,21.6,0.68,120,9.5,185,272.06,886,1012.7,2,59
CP II 40,15,21.6,0.68,130,9.5,190,279.41,881,998.09,2,59
CP II 40,15,21.6,0.68,140,9.5,195,286.76,876,983.49,2,59
CP II 40,15,21.6,0.68,70,12.5,148,217.65,924,1119.83,2,59
CP II 40,15,21.6,0.68,80,12.5,155,227.94,916,1100.34,2,59
CP II 40,15,21.6,0.68,90,12.5,161,236.76,910,1082.81,2,59
CP II 40,15,21.6,0.68,100,12.5,167,245.59,905,1064.33,2,59
CP II 40,15,21.6,0.68,110,12.5,173,254.41,898,1047.76,2,59
CP II 40,15,21.6,0.68,120,12.5,180,264.71,892,1026.35,2,59
CP II 40,15,21.6,0.68,130,12.5,186,273.53,884,1010.74,2,59
CP II 40,15,21.6,0.68,140,12.5,192,282.35,878,993.21,2,59
CP II 40,15,21.6,0.68,70,19,142,208.82,930,1137.36,2,59
CP II 40,15,21.6,0.68,80,19,149,219.12,922,1117.87,2,59
CP II 40,15,21.6,0.68,90,19,156,229.41,916,1096.46,2,59
CP II 40,15,21.6,0.68,100,19,163,239.71,908.67,1076.33,2,59
CP II 40,15,21.6,0.68,110,19,169,248.53,901.67,1059.76,2,59
CP II 40,15,21.6,0.68,120,19,176,258.82,894.67,1039.31,2,59
CP II 40,15,21.6,0.68,130,19,183,269.12,887.67,1018.86,2,59
CP II 40,15,21.6,0.68,140,19,190,279.41,880.67,998.41,2,59
CP II 40,15,21.6,0.68,70,25,133,195.59,938,1164.61,2,59
CP II 40,15,21.6,0.68,80,25,140,205.88,932,1143.2,2,59
CP II 40,15,21.6,0.68,90,25,148,217.65,924,1119.83,2,59
CP II 40,15,21.6,0.68,100,25,155,227.94,917.33,1099.06,2,59
CP II 40,15,21.6,0.68,110,25,163,239.71,909,1076.01,2,59
CP II 40,15,21.6,0.68,120,25,170,250,901,1056.52,2,59
CP II 40,15,21.6,0.68,130,25,178,261.76,894,1032.19,2,59
CP II 40,15,21.6,0.68,140,25,185,272.06,886,1012.7,2,59
CP II 40,15,21.6,0.68,70,9.5,160,235.29,934,1063.74,2,58
CP II 40,15,21.6,0.68,80,9.5,165,242.65,928,1050.09,2,58
CP II 40,15,21.6,0.68,90,9.5,170,250,924,1034.52,2,58
CP II 40,15,21.6,0.68,100,9.5,175,257.35,918.67,1020.24,2,58
CP II 40,15,21.6,0.68,110,9.5,180,264.71,913.67,1005.63,2,58
CP II 40,15,21.6,0.68,120,9.5,185,272.06,908.67,991.02,2,58
CP II 40,15,21.6,0.68,130,9.5,190,279.41,903.67,976.42,2,58
CP II 40,15,21.6,0.68,140,9.5,195,286.76,898.67,961.81,2,58
CP II 40,15,21.6,0.68,70,12.5,148,217.65,947,1097.83,2,58
CP II 40,15,21.6,0.68,80,12.5,155,227.94,938,1079.3,2,58
CP II 40,15,21.6,0.68,90,12.5,161,236.76,932,1061.77,2,58
CP II 40,15,21.6,0.68,100,12.5,167,245.59,926,1044.24,2,58
CP II 40,15,21.6,0.68,110,12.5,173,254.41,920,1026.72,2,58
CP II 40,15,21.6,0.68,120,12.5,180,264.71,913,1006.27,2,58
CP II 40,15,21.6,0.68,130,12.5,186,273.53,908,987.78,2,58
CP II 40,15,21.6,0.68,140,12.5,192,282.35,901,971.21,2,58
CP II 40,15,21.6,0.68,70,19,142,208.82,953,1115.36,2,58
CP II 40,15,21.6,0.68,80,19,149,219.12,946,1094.91,2,58
CP II 40,15,21.6,0.68,90,19,156,229.41,938,1075.42,2,58
CP II 40,15,21.6,0.68,100,19,163,239.71,930.67,1055.29,2,58
CP II 40,15,21.6,0.68,110,19,169,248.53,925,1037.44,2,58
CP II 40,15,21.6,0.68,120,19,176,258.82,918,1017,2,58
CP II 40,15,21.6,0.68,130,19,183,269.12,910,997.5,2,58
CP II 40,15,21.6,0.68,140,19,190,279.41,903,977.05,2,58
CP II 40,15,21.6,0.68,70,25,133,195.59,961,1142.61,2,58
CP II 40,15,21.6,0.68,80,25,140,205.88,954,1122.16,2,58
CP II 40,15,21.6,0.68,90,25,148,217.65,946,1098.79,2,58
CP II 40,15,21.6,0.68,100,25,155,227.94,938.67,1078.66,2,58
CP II 40,15,21.6,0.68,110,25,163,239.71,931.17,1054.81,2,58
CP II 40,15,21.6,0.68,120,25,170,250,923.67,1034.84,2,58
CP II 40,15,21.6,0.68,130,25,178,261.76,916.17,1010.99,2,58
CP II 40,15,21.6,0.68,140,25,185,272.06,908.67,991.02,2,58
CP II 40,15,21.6,0.68,70,9.5,160,235.29,957,1041.74,2,57
CP II 40,15,21.6,0.68,80,9.5,165,242.65,951,1028.09,2,57
CP II 40,15,21.6,0.68,90,9.5,170,250,946,1013.48,2,57
CP II 40,15,21.6,0.68,100,9.5,175,257.35,940.33,999.51,2,57
CP II 40,15,21.6,0.68,110,9.5,180,264.71,934.83,985.39,2,57
CP II 40,15,21.6,0.68,120,9.5,185,272.06,929.33,971.26,2,57
CP II 40,15,21.6,0.68,130,9.5,190,279.41,926,955.06,2,57
CP II 40,15,21.6,0.68,140,9.5,195,286.76,920,941.41,2,57
CP II 40,15,21.6,0.68,70,12.5,148,217.65,969,1076.79,2,57
CP II 40,15,21.6,0.68,80,12.5,155,227.94,963,1055.39,2,57
CP II 40,15,21.6,0.68,90,12.5,161,236.76,956,1038.82,2,57
CP II 40,15,21.6,0.68,100,12.5,167,245.59,949.67,1021.61,2,57
CP II 40,15,21.6,0.68,110,12.5,173,254.41,943.17,1004.56,2,57
CP II 40,15,21.6,0.68,120,12.5,180,264.71,936.67,983.63,2,57
CP II 40,15,21.6,0.68,130,12.5,186,273.53,930.17,966.58,2,57
CP II 40,15,21.6,0.68,140,12.5,192,282.35,923.67,949.53,2,57
CP II 40,15,21.6,0.68,70,19,142,208.82,976,1093.37,2,57
CP II 40,15,21.6,0.68,80,19,149,219.12,969,1072.92,2,57
CP II 40,15,21.6,0.68,90,19,156,229.41,961,1053.42,2,57
CP II 40,15,21.6,0.68,100,19,163,239.71,953.67,1033.29,2,57
CP II 40,15,21.6,0.68,110,19,169,248.53,946.17,1017.2,2,57
CP II 40,15,21.6,0.68,120,19,176,258.82,940,995.96,2,57
CP II 40,15,21.6,0.68,130,19,183,269.12,933,975.51,2,57
CP II 40,15,21.6,0.68,140,19,190,279.41,926,955.06,2,57
CP II 40,15,21.6,0.68,70,25,133,195.59,986,1118.7,2,57
CP II 40,15,21.6,0.68,80,25,140,205.88,978,1099.21,2,57
CP II 40,15,21.6,0.68,90,25,148,217.65,970,1075.84,2,57
CP II 40,15,21.6,0.68,100,25,155,227.94,962,1056.35,2,57
CP II 40,15,21.6,0.68,110,25,163,239.71,954,1032.98,2,57
CP II 40,15,21.6,0.68,120,25,170,250,946,1013.48,2,57
CP II 40,15,21.6,0.68,130,25,178,261.76,938,990.11,2,57
CP II 40,15,21.6,0.68,140,25,185,272.06,930,970.62,2,57
CP II 40,15,21.6,0.68,70,9.5,160,235.29,980,1019.74,2,56
CP II 40,15,21.6,0.68,80,9.5,165,242.65,973,1007.05,2,56
CP II 40,15,21.6,0.68,90,9.5,170,250,968,992.44,2,56
CP II 40,15,21.6,0.68,100,9.5,175,257.35,964,976.88,2,56
CP II 40,15,21.6,0.68,110,9.5,180,264.71,958,963.23,2,56
CP II 40,15,21.6,0.68,120,9.5,185,272.06,952,949.58,2,56
CP II 40,15,21.6,0.68,130,9.5,190,279.41,947,934.97,2,56
CP II 40,15,21.6,0.68,140,9.5,195,286.76,941,921.32,2,56
CP II 40,15,21.6,0.68,70,12.5,148,217.65,993,1053.84,2,56
CP II 40,15,21.6,0.68,80,12.5,155,227.94,984,1035.31,2,56
CP II 40,15,21.6,0.68,90,12.5,161,236.76,979,1016.82,2,56
CP II 40,15,21.6,0.68,100,12.5,167,245.59,971.33,1000.89,2,56
CP II 40,15,21.6,0.68,110,12.5,173,254.41,964.33,984.32,2,56
CP II 40,15,21.6,0.68,120,12.5,180,264.71,957.33,963.87,2,56
CP II 40,15,21.6,0.68,130,12.5,186,273.53,950.33,947.3,2,56
CP II 40,15,21.6,0.68,140,12.5,192,282.35,944,930.09,2,56
CP II 40,15,21.6,0.68,70,19,142,208.82,999,1071.37,2,56
CP II 40,15,21.6,0.68,80,19,149,219.12,991,1051.88,2,56
CP II 40,15,21.6,0.68,90,19,156,229.41,983,1032.38,2,56
CP II 40,15,21.6,0.68,100,19,163,239.71,977,1010.98,2,56
CP II 40,15,21.6,0.68,110,19,169,248.53,969,995.36,2,56
CP II 40,15,21.6,0.68,120,19,176,258.82,962,974.92,2,56
CP II 40,15,21.6,0.68,130,19,183,269.12,954,955.42,2,56
CP II 40,15,21.6,0.68,140,19,190,279.41,946,935.93,2,56
CP II 40,15,21.6,0.68,70,25,133,195.59,1009,1096.7,2,56
CP II 40,15,21.6,0.68,80,25,140,205.88,1001,1077.21,2,56
CP II 40,15,21.6,0.68,90,25,148,217.65,993,1053.84,2,56
CP II 40,15,21.6,0.68,100,25,155,227.94,985,1034.35,2,56
CP II 40,15,21.6,0.68,110,25,163,239.71,977,1010.98,2,56
CP II 40,15,21.6,0.68,120,25,170,250,969,991.49,2,56
CP II 40,15,21.6,0.68,130,25,178,261.76,961,968.12,2,56
CP II 40,15,21.6,0.68,140,25,185,272.06,953,948.62,2,56
CP II 40,15,21.6,0.68,70,9.5,160,235.29,1002,998.7,2,55
CP II 40,15,21.6,0.68,80,9.5,165,242.65,996,985.05,2,55
CP II 40,15,21.6,0.68,90,9.5,170,250,991,970.45,2,55
CP II 40,15,21.6,0.68,100,9.5,175,257.35,985.33,956.48,2,55
CP II 40,15,21.6,0.68,110,9.5,180,264.71,979.83,942.35,2,55
CP II 40,15,21.6,0.68,120,9.5,185,272.06,974.33,928.22,2,55
CP II 40,15,21.6,0.68,130,9.5,190,279.41,968.83,914.09,2,55
CP II 40,15,21.6,0.68,140,9.5,195,286.76,963.33,899.97,2,55
CP II 40,15,21.6,0.68,70,12.5,148,217.65,1016,1031.85,2,55
CP II 40,15,21.6,0.68,80,12.5,155,227.94,1008,1012.35,2,55
CP II 40,15,21.6,0.68,90,12.5,161,236.76,1000,996.74,2,55
CP II 40,15,21.6,0.68,100,12.5,167,245.59,994,979.21,2,55
CP II 40,15,21.6,0.68,110,12.5,173,254.41,989,960.73,2,55
CP II 40,15,21.6,0.68,120,12.5,180,264.71,981,941.23,2,55
CP II 40,15,21.6,0.68,130,12.5,186,273.53,974,924.66,2,55
CP II 40,15,21.6,0.68,140,12.5,192,282.35,966,909.05,2,55
CP II 40,15,21.6,0.68,70,19,142,208.82,1022,1049.37,2,55
CP II 40,15,21.6,0.68,80,19,149,219.12,1014,1029.88,2,55
CP II 40,15,21.6,0.68,90,19,156,229.41,1006,1010.39,2,55
CP II 40,15,21.6,0.68,100,19,163,239.71,998,990.9,2,55
CP II 40,15,21.6,0.68,110,19,169,248.53,992,973.37,2,55
CP II 40,15,21.6,0.68,120,19,176,258.82,985,952.92,2,55
CP II 40,15,21.6,0.68,130,19,183,269.12,977,933.43,2,55
CP II 40,15,21.6,0.68,140,19,190,279.41,970,912.98,2,55
CP II 40,15,21.6,0.68,70,25,133,195.59,1031,1075.66,2,55
CP II 40,15,21.6,0.68,80,25,140,205.88,1024,1055.22,2,55
CP II 40,15,21.6,0.68,90,25,148,217.65,1016,1031.85,2,55
CP II 40,15,21.6,0.68,100,25,155,227.94,1008.67,1011.72,2,55
CP II 40,15,21.6,0.68,110,25,163,239.71,999,989.94,2,55
CP II 40,15,21.6,0.68,120,25,170,250,991,970.45,2,55
CP II 40,15,21.6,0.68,130,25,178,261.76,983,947.08,2,55
CP II 40,15,21.6,0.68,140,25,185,272.06,974,928.54,2,55
CP II 40,15,21.6,0.68,70,9.5,160,235.29,1026,975.75,2,54
CP II 40,15,21.6,0.68,80,9.5,165,242.65,1019,963.06,2,54
CP II 40,15,21.6,0.68,90,9.5,170,250,1013,949.41,2,54
CP II 40,15,21.6,0.68,100,9.5,175,257.35,1008,934.8,2,54
CP II 40,15,21.6,0.68,110,9.5,180,264.71,1002,921.15,2,54
CP II 40,15,21.6,0.68,120,9.5,185,272.06,996,907.5,2,54
CP II 40,15,21.6,0.68,130,9.5,190,279.41,991,892.89,2,54
CP II 40,15,21.6,0.68,140,9.5,195,286.76,986,878.29,2,54
CP II 40,15,21.6,0.68,70,12.5,148,217.65,1039,1009.85,2,54
CP II 40,15,21.6,0.68,80,12.5,155,227.94,1031,990.36,2,54
CP II 40,15,21.6,0.68,90,12.5,161,236.76,1023,974.74,2,54
CP II 40,15,21.6,0.68,100,12.5,167,245.59,1017,957.21,2,54
CP II 40,15,21.6,0.68,110,12.5,173,254.41,1011,939.69,2,54
CP II 40,15,21.6,0.68,120,12.5,180,264.71,1002,921.15,2,54
CP II 40,15,21.6,0.68,130,12.5,186,273.53,995,904.58,2,54
CP II 40,15,21.6,0.68,140,12.5,192,282.35,988,888.01,2,54
CP II 40,15,21.6,0.68,70,19,142,208.82,1046,1026.42,2,54
CP II 40,15,21.6,0.68,80,19,149,219.12,1037,1007.88,2,54
CP II 40,15,21.6,0.68,90,19,156,229.41,1029,988.39,2,54
CP II 40,15,21.6,0.68,100,19,163,239.71,1022,967.94,2,54
CP II 40,15,21.6,0.68,110,19,169,248.53,1014,952.33,2,54
CP II 40,15,21.6,0.68,120,19,176,258.82,1006,932.84,2,54
CP II 40,15,21.6,0.68,130,19,183,269.12,998,913.34,2,54
CP II 40,15,21.6,0.68,140,19,190,279.41,991,892.89,2,54
CP II 40,15,21.6,0.68,70,25,133,195.59,1056,1051.76,2,54
CP II 40,15,21.6,0.68,80,25,140,205.88,1048,1032.26,2,54
CP II 40,15,21.6,0.68,90,25,148,217.65,1038,1010.81,2,54
CP II 40,15,21.6,0.68,100,25,155,227.94,1031,990.36,2,54
CP II 40,15,21.6,0.68,110,25,163,239.71,1022,967.94,2,54
CP II 40,15,21.6,0.68,120,25,170,250,1013,949.41,2,54
CP II 40,15,21.6,0.68,130,25,178,261.76,1004,926.99,2,54
CP II 40,15,21.6,0.68,140,25,185,272.06,996,907.5,2,54
CP II 40,15,21.6,0.68,70,9.5,160,235.29,1049,953.75,2,53
CP II 40,15,21.6,0.68,80,9.5,165,242.65,1042,941.06,2,53
CP II 40,15,21.6,0.68,90,9.5,170,250,1036,927.41,2,53
CP II 40,15,21.6,0.68,100,9.5,175,257.35,1031,912.8,2,53
CP II 40,15,21.6,0.68,110,9.5,180,264.71,1025,899.15,2,53
CP II 40,15,21.6,0.68,120,9.5,185,272.06,1018,886.46,2,53
CP II 40,15,21.6,0.68,130,9.5,190,279.41,1013,871.85,2,53
CP II 40,15,21.6,0.68,140,9.5,195,286.76,1007,858.2,2,53
CP II 40,15,21.6,0.68,70,12.5,148,217.65,1062,987.85,2,53
CP II 40,15,21.6,0.68,80,12.5,155,227.94,1053,969.32,2,53
CP II 40,15,21.6,0.68,90,12.5,161,236.76,1046,952.75,2,53
CP II 40,15,21.6,0.68,100,12.5,167,245.59,1040,935.22,2,53
CP II 40,15,21.6,0.68,110,12.5,173,254.41,1032,919.6,2,53
CP II 40,15,21.6,0.68,120,12.5,180,264.71,1024,900.11,2,53
CP II 40,15,21.6,0.68,130,12.5,186,273.53,1017,883.54,2,53
CP II 40,15,21.6,0.68,140,12.5,192,282.35,1010,866.97,2,53
CP II 40,15,21.6,0.68,70,19,142,208.82,1069,1004.42,2,53
CP II 40,15,21.6,0.68,80,19,149,219.12,1061,984.93,2,53
CP II 40,15,21.6,0.68,90,19,156,229.41,1052,966.4,2,53
CP II 40,15,21.6,0.68,100,19,163,239.71,1043.67,947.22,2,53
CP II 40,15,21.6,0.68,110,19,169,248.53,1037,930.33,2,53
CP II 40,15,21.6,0.68,120,19,176,258.82,1029,910.84,2,53
CP II 40,15,21.6,0.68,130,19,183,269.12,1021,891.35,2,53
CP II 40,15,21.6,0.68,140,19,190,279.41,1013,871.85,2,53
CP II 40,15,21.6,0.68,70,25,133,195.59,1080,1028.8,2,53
CP II 40,15,21.6,0.68,80,25,140,205.88,1070,1011.22,2,53
CP II 40,15,21.6,0.68,90,25,148,217.65,1062,987.85,2,53
CP II 40,15,21.6,0.68,100,25,155,227.94,1052.67,969.64,2,53
CP II 40,15,21.6,0.68,110,25,163,239.71,1043.67,947.22,2,53
CP II 40,15,21.6,0.68,120,25,170,250,1036,927.41,2,53
CP II 40,15,21.6,0.68,130,25,178,261.76,1028,904.04,2,53
CP II 40,15,21.6,0.68,140,25,185,272.06,1018,886.46,2,53
CP II 40,15,21.6,0.68,70,9.5,160,235.29,1071,932.71,2,52
CP II 40,15,21.6,0.68,80,9.5,165,242.65,1064,920.02,2,52
CP II 40,15,21.6,0.68,90,9.5,170,250,1058,906.37,2,52
CP II 40,15,21.6,0.68,100,9.5,175,257.35,1053,891.76,2,52
CP II 40,15,21.6,0.68,110,9.5,180,264.71,1047,878.11,2,52
CP II 40,15,21.6,0.68,120,9.5,185,272.06,1041,864.46,2,52
CP II 40,15,21.6,0.68,130,9.5,190,279.41,1035,850.81,2,52
CP II 40,15,21.6,0.68,140,9.5,195,286.76,1030,836.21,2,52
CP II 40,15,21.6,0.68,70,12.5,148,217.65,1086,964.9,2,52
CP II 40,15,21.6,0.68,80,12.5,155,227.94,1076,947.32,2,52
CP II 40,15,21.6,0.68,90,12.5,161,236.76,1069,930.75,2,52
CP II 40,15,21.6,0.68,100,12.5,167,245.59,1062,914.18,2,52
CP II 40,15,21.6,0.68,110,12.5,173,254.41,1056,896.65,2,52
CP II 40,15,21.6,0.68,120,12.5,180,264.71,1048,877.16,2,52
CP II 40,15,21.6,0.68,130,12.5,186,273.53,1040,861.54,2,52
CP II 40,15,21.6,0.68,140,12.5,192,282.35,1032,845.93,2,52
CP II 40,15,21.6,0.68,70,19,142,208.82,1092,982.43,2,52
CP II 40,15,21.6,0.68,80,19,149,219.12,1083,963.89,2,52
CP II 40,15,21.6,0.68,90,19,156,229.41,1075,944.4,2,52
CP II 40,15,21.6,0.68,100,19,163,239.71,1066.33,925.54,2,52
CP II 40,15,21.6,0.68,110,19,169,248.53,1060,908.34,2,52
CP II 40,15,21.6,0.68,120,19,176,258.82,1051,889.8,2,52
CP II 40,15,21.6,0.68,130,19,183,269.12,1043,870.31,2,52
CP II 40,15,21.6,0.68,140,19,190,279.41,1035,850.81,2,52
CP II 40,15,21.6,0.68,70,25,133,195.59,1102,1007.76,2,52
CP II 40,15,21.6,0.68,80,25,140,205.88,1094,988.27,2,52
CP II 40,15,21.6,0.68,90,25,148,217.65,1084,966.81,2,52
CP II 40,15,21.6,0.68,100,25,155,227.94,1076,947.32,2,52
CP II 40,15,21.6,0.68,110,25,163,239.71,1066.33,925.54,2,52
CP II 40,15,21.6,0.68,120,25,170,250,1059,905.41,2,52
CP II 40,15,21.6,0.68,130,25,178,261.76,1050,883,2,52
CP II 40,15,21.6,0.68,140,25,185,272.06,1041,864.46,2,52
CP II 40,15,21.6,0.68,70,9.5,160,235.29,1094,910.72,2,51
CP II 40,15,21.6,0.68,80,9.5,165,242.65,1088,897.07,2,51
CP II 40,15,21.6,0.68,90,9.5,170,250,1081,884.37,2,51
CP II 40,15,21.6,0.68,100,9.5,175,257.35,1074.67,871.04,2,51
CP II 40,15,21.6,0.68,110,9.5,180,264.71,1069,857.07,2,51
CP II 40,15,21.6,0.68,120,9.5,185,272.06,1064,842.47,2,51
CP II 40,15,21.6,0.68,130,9.5,190,279.41,1057,829.77,2,51
CP II 40,15,21.6,0.68,140,9.5,195,286.76,1051,816.12,2,51
CP II 40,15,21.6,0.68,70,12.5,148,217.65,1107,944.82,2,51
CP II 40,15,21.6,0.68,80,12.5,155,227.94,1099,925.32,2,51
CP II 40,15,21.6,0.68,90,12.5,161,236.76,1093,907.8,2,51
CP II 40,15,21.6,0.68,100,12.5,167,245.59,1085.67,891.54,2,51
CP II 40,15,21.6,0.68,110,12.5,173,254.41,1078.67,874.97,2,51
CP II 40,15,21.6,0.68,120,12.5,180,264.71,1070,856.12,2,51
CP II 40,15,21.6,0.68,130,12.5,186,273.53,1063,839.55,2,51
CP II 40,15,21.6,0.68,140,12.5,192,282.35,1056,822.98,2,51
CP II 40,15,21.6,0.68,70,19,142,208.82,1116,959.47,2,51
CP II 40,15,21.6,0.68,80,19,149,219.12,1106,941.9,2,51
CP II 40,15,21.6,0.68,90,19,156,229.41,1098,922.4,2,51
CP II 40,15,21.6,0.68,100,19,163,239.71,1091,901.95,2,51
CP II 40,15,21.6,0.68,110,19,169,248.53,1082,887.3,2,51
CP II 40,15,21.6,0.68,120,19,176,258.82,1074,867.8,2,51
CP II 40,15,21.6,0.68,130,19,183,269.12,1065,849.27,2,51
CP II 40,15,21.6,0.68,140,19,190,279.41,1057,829.77,2,51
CP II 40,15,21.6,0.68,70,25,133,195.59,1127,983.85,2,51
CP II 40,15,21.6,0.68,80,25,140,205.88,1118,965.32,2,51
CP II 40,15,21.6,0.68,90,25,148,217.65,1109,942.9,2,51
CP II 40,15,21.6,0.68,100,25,155,227.94,1100,924.37,2,51
CP II 40,15,21.6,0.68,110,25,163,239.71,1091,901.95,2,51
CP II 40,15,21.6,0.68,120,25,170,250,1082,883.42,2,51
CP II 40,15,21.6,0.68,130,25,178,261.76,1073,861,2,51
CP II 40,15,21.6,0.68,140,25,185,272.06,1064,842.47,2,51
CP II 40,15,21.6,0.68,70,9.5,160,235.29,1116,889.68,2,50
CP II 40,15,21.6,0.68,80,9.5,165,242.65,1110,876.03,2,50
CP II 40,15,21.6,0.68,90,9.5,170,250,1104,862.38,2,50
CP II 40,15,21.6,0.68,100,9.5,175,257.35,1098,848.73,2,50
CP II 40,15,21.6,0.68,110,9.5,180,264.71,1092,835.08,2,50
CP II 40,15,21.6,0.68,120,9.5,185,272.06,1086,821.43,2,50
CP II 40,15,21.6,0.68,130,9.5,190,279.41,1080,807.78,2,50
CP II 40,15,21.6,0.68,140,9.5,195,286.76,1074,794.13,2,50
CP II 40,15,21.6,0.68,70,12.5,148,217.65,1132,920.91,2,50
CP II 40,15,21.6,0.68,80,12.5,155,227.94,1123,902.37,2,50
CP II 40,15,21.6,0.68,90,12.5,161,236.76,1116,885.8,2,50
CP II 40,15,21.6,0.68,100,12.5,167,245.59,1108,870.19,2,50
CP II 40,15,21.6,0.68,110,12.5,173,254.41,1100,854.57,2,50
CP II 40,15,21.6,0.68,120,12.5,180,264.71,1093,834.12,2,50
CP II 40,15,21.6,0.68,130,12.5,186,273.53,1084,819.46,2,50
CP II 40,15,21.6,0.68,140,12.5,192,282.35,1078,801.94,2,50
CP II 40,15,21.6,0.68,70,19,142,208.82,1139,937.48,2,50
CP II 40,15,21.6,0.68,80,19,149,219.12,1131,917.99,2,50
CP II 40,15,21.6,0.68,90,19,156,229.41,1122,899.45,2,50
CP II 40,15,21.6,0.68,100,19,163,239.71,1113.67,880.28,2,50
CP II 40,15,21.6,0.68,110,19,169,248.53,1105.17,865.14,2,50
CP II 40,15,21.6,0.68,120,19,176,258.82,1096.67,846.13,2,50
CP II 40,15,21.6,0.68,130,19,183,269.12,1088.17,827.11,2,50
CP II 40,15,21.6,0.68,140,19,190,279.41,1079.67,808.1,2,50
CP II 40,15,21.6,0.68,70,25,133,195.59,1149,962.81,2,50
CP II 40,15,21.6,0.68,80,25,140,205.88,1141,943.32,2,50
CP II 40,15,21.6,0.68,90,25,148,217.65,1132,920.91,2,50
CP II 40,15,21.6,0.68,100,25,155,227.94,1123.67,901.73,2,50
CP II 40,15,21.6,0.68,110,25,163,239.71,1114,879.96,2,50
CP II 40,15,21.6,0.68,120,25,170,250,1104,862.38,2,50
CP II 40,15,21.6,0.68,130,25,178,261.76,1094,840.92,2,50
CP II 40,15,21.6,0.68,140,25,185,272.06,1086,821.43,2,50
CP II 40,15,21.6,0.68,70,9.5,160,235.29,1139,867.68,2,49
CP II 40,15,21.6,0.68,80,9.5,165,242.65,1134,853.08,2,49
CP II 40,15,21.6,0.68,90,9.5,170,250,1127,840.38,2,49
CP II 40,15,21.6,0.68,100,9.5,175,257.35,1121.33,826.41,2,49
CP II 40,15,21.6,0.68,110,9.5,180,264.71,1115.33,812.76,2,49
CP II 40,15,21.6,0.68,120,9.5,185,272.06,1107,801.34,2,49
CP II 40,15,21.6,0.68,130,9.5,190,279.41,1101,787.69,2,49
CP II 40,15,21.6,0.68,140,9.5,195,286.76,1095,774.04,2,49
CP II 40,15,21.6,0.68,70,12.5,148,217.65,1154,899.87,2,49
CP II 40,15,21.6,0.68,80,12.5,155,227.94,1146,880.37,2,49
CP II 40,15,21.6,0.68,90,12.5,161,236.76,1138,864.76,2,49
CP II 40,15,21.6,0.68,100,12.5,167,245.59,1130,849.15,2,49
CP II 40,15,21.6,0.68,110,12.5,173,254.41,1124,831.62,2,49
CP II 40,15,21.6,0.68,120,12.5,180,264.71,1114,814.04,2,49
CP II 40,15,21.6,0.68,130,12.5,186,273.53,1106,798.42,2,49
CP II 40,15,21.6,0.68,140,12.5,192,282.35,1100,780.9,2,49
CP II 40,15,21.6,0.68,70,19,142,208.82,1161,916.44,2,49
CP II 40,15,21.6,0.68,80,19,149,219.12,1154,895.99,2,49
CP II 40,15,21.6,0.68,90,19,156,229.41,1144,878.41,2,49
CP II 40,15,21.6,0.68,100,19,163,239.71,1136,858.92,2,49
CP II 40,15,21.6,0.68,110,19,169,248.53,1127.5,843.78,2,49
CP II 40,15,21.6,0.68,120,19,176,258.82,1119,824.77,2,49
CP II 40,15,21.6,0.68,130,19,183,269.12,1110.5,805.75,2,49
CP II 40,15,21.6,0.68,140,19,190,279.41,1102,786.74,2,49
CP II 40,15,21.6,0.68,70,25,133,195.59,1173,939.86,2,49
CP II 40,15,21.6,0.68,80,25,140,205.88,1165,920.37,2,49
CP II 40,15,21.6,0.68,90,25,148,217.65,1154,899.87,2,49
CP II 40,15,21.6,0.68,100,25,155,227.94,1145,881.33,2,49
CP II 40,15,21.6,0.68,110,25,163,239.71,1135.5,859.4,2,49
CP II 40,15,21.6,0.68,120,25,170,250,1126,841.34,2,49
CP II 40,15,21.6,0.68,130,25,178,261.76,1116.5,819.4,2,49
CP II 40,15,21.6,0.68,140,25,185,272.06,1107,801.34,2,49
CP II 40,15,21.6,0.68,70,9.5,160,235.29,1163,844.73,2,48
CP II 40,15,21.6,0.68,80,9.5,165,242.65,1156,832.04,2,48
CP II 40,15,21.6,0.68,90,9.5,170,250,1149,819.34,2,48
CP II 40,15,21.6,0.68,100,9.5,175,257.35,1144,804.74,2,48
CP II 40,15,21.6,0.68,110,9.5,180,264.71,1137,792.04,2,48
CP II 40,15,21.6,0.68,120,9.5,185,272.06,1130,779.35,2,48
CP II 40,15,21.6,0.68,130,9.5,190,279.41,1123,766.65,2,48
CP II 40,15,21.6,0.68,140,9.5,195,286.76,1118,752.05,2,48
CP II 40,15,21.6,0.68,70,12.5,148,217.65,1178,876.91,2,48
CP II 40,15,21.6,0.68,80,12.5,155,227.94,1170,857.42,2,48
CP II 40,15,21.6,0.68,90,12.5,161,236.76,1160,843.72,2,48
CP II 40,15,21.6,0.68,100,12.5,167,245.59,1153,827.15,2,48
CP II 40,15,21.6,0.68,110,12.5,173,254.41,1145,811.53,2,48
CP II 40,15,21.6,0.68,120,12.5,180,264.71,1136,793,2,48
CP II 40,15,21.6,0.68,130,12.5,186,273.53,1128,777.38,2,48
CP II 40,15,21.6,0.68,140,12.5,192,282.35,1121,760.81,2,48
CP II 40,15,21.6,0.68,70,19,142,208.82,1186,892.53,2,48
CP II 40,15,21.6,0.68,80,19,149,219.12,1176,874.95,2,48
CP II 40,15,21.6,0.68,90,19,156,229.41,1168,855.46,2,48
CP II 40,15,21.6,0.68,100,19,163,239.71,1158.67,837.24,2,48
CP II 40,15,21.6,0.68,110,19,169,248.53,1152,820.35,2,48
CP II 40,15,21.6,0.68,120,19,176,258.82,1143,801.81,2,48
CP II 40,15,21.6,0.68,130,19,183,269.12,1134,783.28,2,48
CP II 40,15,21.6,0.68,140,19,190,279.41,1125,764.74,2,48
CP II 40,15,21.6,0.68,70,25,133,195.59,1196,917.86,2,48
CP II 40,15,21.6,0.68,80,25,140,205.88,1188,898.37,2,48
CP II 40,15,21.6,0.68,90,25,148,217.65,1178,876.91,2,48
CP II 40,15,21.6,0.68,100,25,155,227.94,1169.33,858.06,2,48
CP II 40,15,21.6,0.68,110,25,163,239.71,1158,837.88,2,48
CP II 40,15,21.6,0.68,120,25,170,250,1149,819.34,2,48
CP II 40,15,21.6,0.68,130,25,178,261.76,1140,796.93,2,48
CP II 40,15,21.6,0.68,140,25,185,272.06,1131,778.39,2,48
CP II 40,15,21.6,0.68,70,9.5,160,235.29,1185,823.69,2,47
CP II 40,15,21.6,0.68,80,9.5,165,242.65,1179,810.04,2,47
CP II 40,15,21.6,0.68,90,9.5,170,250,1173,796.39,2,47
CP II 40,15,21.6,0.68,100,9.5,175,257.35,1165,784.65,2,47
CP II 40,15,21.6,0.68,110,9.5,180,264.71,1159,771,2,47
CP II 40,15,21.6,0.68,120,9.5,185,272.06,1153,757.35,2,47
CP II 40,15,21.6,0.68,130,9.5,190,279.41,1147,743.7,2,47
CP II 40,15,21.6,0.68,140,9.5,195,286.76,1140,731.01,2,47
CP II 40,15,21.6,0.68,70,12.5,148,217.65,1200,855.87,2,47
CP II 40,15,21.6,0.68,80,12.5,155,227.94,1192,836.38,2,47
CP II 40,15,21.6,0.68,90,12.5,161,236.76,1184,820.77,2,47
CP II 40,15,21.6,0.68,100,12.5,167,245.59,1176,805.15,2,47
CP II 40,15,21.6,0.68,110,12.5,173,254.41,1168,789.54,2,47
CP II 40,15,21.6,0.68,120,12.5,180,264.71,1160,770.05,2,47
CP II 40,15,21.6,0.68,130,12.5,186,273.53,1152,754.43,2,47
CP II 40,15,21.6,0.68,140,12.5,192,282.35,1144,738.82,2,47
CP II 40,15,21.6,0.68,70,19,142,208.82,1208,871.49,2,47
CP II 40,15,21.6,0.68,80,19,149,219.12,1200,852,2,47
CP II 40,15,21.6,0.68,90,19,156,229.41,1190,834.42,2,47
CP II 40,15,21.6,0.68,100,19,163,239.71,1181.33,815.56,2,47
CP II 40,15,21.6,0.68,110,19,169,248.53,1174,799.31,2,47
CP II 40,15,21.6,0.68,120,19,176,258.82,1165,780.77,2,47
CP II 40,15,21.6,0.68,130,19,183,269.12,1154.33,763.83,2,47
CP II 40,15,21.6,0.68,140,19,190,279.41,1145.33,745.3,2,47
CP II 40,15,21.6,0.68,70,25,133,195.59,1220,894.91,2,47
CP II 40,15,21.6,0.68,80,25,140,205.88,1212,875.42,2,47
CP II 40,15,21.6,0.68,90,25,148,217.65,1202,853.96,2,47
CP II 40,15,21.6,0.68,100,25,155,227.94,1191,837.34,2,47
CP II 40,15,21.6,0.68,110,25,163,239.71,1182,814.92,2,47
CP II 40,15,21.6,0.68,120,25,170,250,1173,796.39,2,47
CP II 40,15,21.6,0.68,130,25,178,261.76,1161,776.84,2,47
CP II 40,15,21.6,0.68,140,25,185,272.06,1153,757.35,2,47
CP II 40,15,21.6,0.68,70,9.5,160,235.29,1208,801.69,2,46
CP II 40,15,21.6,0.68,80,9.5,165,242.65,1202,788.04,2,46
CP II 40,15,21.6,0.68,90,9.5,170,250,1196,774.39,2,46
CP II 40,15,21.6,0.68,100,9.5,175,257.35,1188,762.66,2,46
CP II 40,15,21.6,0.68,110,9.5,180,264.71,1182,749.01,2,46
CP II 40,15,21.6,0.68,120,9.5,185,272.06,1176,735.36,2,46
CP II 40,15,21.6,0.68,130,9.5,190,279.41,1168,723.62,2,46
CP II 40,15,21.6,0.68,140,9.5,195,286.76,1162,709.97,2,46
CP II 40,15,21.6,0.68,70,12.5,148,217.65,1224,832.92,2,46
CP II 40,15,21.6,0.68,80,12.5,155,227.94,1216,813.43,2,46
CP II 40,15,21.6,0.68,90,12.5,161,236.76,1208,797.81,2,46
CP II 40,15,21.6,0.68,100,12.5,167,245.59,1200,782.2,2,46
CP II 40,15,21.6,0.68,110,12.5,173,254.41,1192,766.58,2,46
CP II 40,15,21.6,0.68,120,12.5,180,264.71,1182,749.01,2,46
CP II 40,15,21.6,0.68,130,12.5,186,273.53,1174,733.39,2,46
CP II 40,15,21.6,0.68,140,12.5,192,282.35,1166,717.78,2,46
CP II 40,15,21.6,0.68,70,19,142,208.82,1232,848.54,2,46
CP II 40,15,21.6,0.68,80,19,149,219.12,1224,829.04,2,46
CP II 40,15,21.6,0.68,90,19,156,229.41,1214,811.46,2,46
CP II 40,15,21.6,0.68,100,19,163,239.71,1205.33,792.61,2,46
CP II 40,15,21.6,0.68,110,19,169,248.53,1196.33,777.95,2,46
CP II 40,15,21.6,0.68,120,19,176,258.82,1187.33,759.42,2,46
CP II 40,15,21.6,0.68,130,19,183,269.12,1178.33,740.88,2,46
CP II 40,15,21.6,0.68,140,19,190,279.41,1169.33,722.34,2,46
CP II 40,15,21.6,0.68,70,25,133,195.59,1244,871.96,2,46
CP II 40,15,21.6,0.68,80,25,140,205.88,1236,852.47,2,46
CP II 40,15,21.6,0.68,90,25,148,217.65,1224,832.92,2,46
CP II 40,15,21.6,0.68,100,25,155,227.94,1214.67,814.7,2,46
CP II 40,15,21.6,0.68,110,25,163,239.71,1204.67,793.25,2,46
CP II 40,15,21.6,0.68,120,25,170,250,1194.67,775.67,2,46
CP II 40,15,21.6,0.68,130,25,178,261.76,1184.67,754.21,2,46
CP II 40,15,21.6,0.68,140,25,185,272.06,1174.67,736.63,2,46
CP II 40,15,21.6,0.68,70,9.5,160,235.29,1232,778.74,2,45
CP II 40,15,21.6,0.68,80,9.5,165,242.65,1224,767,2,45
CP II 40,15,21.6,0.68,90,9.5,170,250,1218,753.35,2,45
CP II 40,15,21.6,0.68,100,9.5,175,257.35,1210.67,740.98,2,45
CP II 40,15,21.6,0.68,110,9.5,180,264.71,1203.67,728.28,2,45
CP II 40,15,21.6,0.68,120,9.5,185,272.06,1196.67,715.59,2,45
CP II 40,15,21.6,0.68,130,9.5,190,279.41,1189.67,702.9,2,45
CP II 40,15,21.6,0.68,140,9.5,195,286.76,1184,688.93,2,45
CP II 40,15,21.6,0.68,70,12.5,148,217.65,1248,809.97,2,45
CP II 40,15,21.6,0.68,80,12.5,155,227.94,1238,792.39,2,45
CP II 40,15,21.6,0.68,90,12.5,161,236.76,1230,776.77,2,45
CP II 40,15,21.6,0.68,100,12.5,167,245.59,1222,761.16,2,45
CP II 40,15,21.6,0.68,110,12.5,173,254.41,1214,745.54,2,45
CP II 40,15,21.6,0.68,120,12.5,180,264.71,1205,727.01,2,45
CP II 40,15,21.6,0.68,130,12.5,186,273.53,1196,712.35,2,45
CP II 40,15,21.6,0.68,140,12.5,192,282.35,1187,697.69,2,45
CP II 40,15,21.6,0.68,70,19,142,208.82,1255,826.54,2,45
CP II 40,15,21.6,0.68,80,19,149,219.12,1246,808,2,45
CP II 40,15,21.6,0.68,90,19,156,229.41,1237,789.47,2,45
CP II 40,15,21.6,0.68,100,19,163,239.71,1228,770.93,2,45
CP II 40,15,21.6,0.68,110,19,169,248.53,1219,756.27,2,45
CP II 40,15,21.6,0.68,120,19,176,258.82,1210,737.74,2,45
CP II 40,15,21.6,0.68,130,19,183,269.12,1201,719.2,2,45
CP II 40,15,21.6,0.68,140,19,190,279.41,1190,702.58,2,45
CP II 40,15,21.6,0.68,70,25,133,195.59,1268,849.01,2,45
CP II 40,15,21.6,0.68,80,25,140,205.88,1258,831.43,2,45
CP II 40,15,21.6,0.68,90,25,148,217.65,1248,809.97,2,45
CP II 40,15,21.6,0.68,100,25,155,227.94,1238,792.39,2,45
CP II 40,15,21.6,0.68,110,25,163,239.71,1228,770.93,2,45
CP II 40,15,21.6,0.68,120,25,170,250,1218,753.35,2,45
CP II 40,15,21.6,0.68,130,25,178,261.76,1208,731.89,2,45
CP II 40,15,21.6,0.68,140,25,185,272.06,1198,714.32,2,45
CP II 40,20,26.6,0.6,70,9.5,160,266.67,889,1080.16,2,60
CP II 40,20,26.6,0.6,80,9.5,165,275,883,1065.67,2,60
CP II 40,20,26.6,0.6,90,9.5,170,283.33,879,1049.28,2,60
CP II 40,20,26.6,0.6,100,9.5,175,291.67,873.67,1034.16,2,60
CP II 40,20,26.6,0.6,110,9.5,180,300,868.67,1018.72,2,60
CP II 40,20,26.6,0.6,120,9.5,185,308.33,863.67,1003.28,2,60
CP II 40,20,26.6,0.6,130,9.5,190,316.67,858.67,987.85,2,60
CP II 40,20,26.6,0.6,140,9.5,195,325,853.67,972.41,2,60
CP II 40,20,26.6,0.6,70,12.5,148,246.67,901,1117.21,2,60
CP II 40,20,26.6,0.6,80,12.5,155,258.33,894,1095.59,2,60
CP II 40,20,26.6,0.6,90,12.5,161,268.33,887,1078.02,2,60
CP II 40,20,26.6,0.6,100,12.5,167,278.33,882,1058.54,2,60
CP II 40,20,26.6,0.6,110,12.5,173,288.33,875,1040.97,2,60
CP II 40,20,26.6,0.6,120,12.5,180,300,868,1019.36,2,60
CP II 40,20,26.6,0.6,130,12.5,186,310,862,1000.83,2,60
CP II 40,20,26.6,0.6,140,12.5,192,320,858,980.4,2,60
CP II 40,20,26.6,0.6,70,19,142,236.67,906,1136.69,2,60
CP II 40,20,26.6,0.6,80,19,149,248.33,900,1114.12,2,60
CP II 40,20,26.6,0.6,90,19,156,260,892,1093.46,2,60
CP II 40,20,26.6,0.6,100,19,163,271.67,885.33,1071.53,2,60
CP II 40,20,26.6,0.6,110,19,169,281.67,880,1052.37,2,60
CP II 40,20,26.6,0.6,120,19,176,293.33,873,1030.75,2,60
CP II 40,20,26.6,0.6,130,19,183,305,866,1009.14,2,60
CP II 40,20,26.6,0.6,140,19,190,316.67,859,987.53,2,60
CP II 40,20,26.6,0.6,70,25,133,221.67,916,1163.52,2,60
CP II 40,20,26.6,0.6,80,25,140,233.33,908,1142.86,2,60
CP II 40,20,26.6,0.6,90,25,148,246.67,900,1118.16,2,60
CP II 40,20,26.6,0.6,100,25,155,258.33,894,1095.59,2,60
CP II 40,20,26.6,0.6,110,25,163,271.67,886,1070.89,2,60
CP II 40,20,26.6,0.6,120,25,170,283.33,878,1050.24,2,60
CP II 40,20,26.6,0.6,130,25,178,296.67,870,1025.54,2,60
CP II 40,20,26.6,0.6,140,25,185,308.33,864,1002.97,2,60
CP II 40,20,26.6,0.6,70,9.5,160,266.67,911,1059.12,2,59
CP II 40,20,26.6,0.6,80,9.5,165,275,906,1043.68,2,59
CP II 40,20,26.6,0.6,90,9.5,170,283.33,901,1028.24,2,59
CP II 40,20,26.6,0.6,100,9.5,175,291.67,896,1012.8,2,59
CP II 40,20,26.6,0.6,110,9.5,180,300,891,997.36,2,59
CP II 40,20,26.6,0.6,120,9.5,185,308.33,886,981.93,2,59
CP II 40,20,26.6,0.6,130,9.5,190,316.67,881,966.49,2,59
CP II 40,20,26.6,0.6,140,9.5,195,325,876,951.05,2,59
CP II 40,20,26.6,0.6,70,12.5,148,246.67,924,1095.21,2,59
CP II 40,20,26.6,0.6,80,12.5,155,258.33,916,1074.55,2,59
CP II 40,20,26.6,0.6,90,12.5,161,268.33,910,1056.03,2,59
CP II 40,20,26.6,0.6,100,12.5,167,278.33,905,1036.55,2,59
CP II 40,20,26.6,0.6,110,12.5,173,288.33,898,1018.98,2,59
CP II 40,20,26.6,0.6,120,12.5,180,300,892,996.41,2,59
CP II 40,20,26.6,0.6,130,12.5,186,310,884,979.79,2,59
CP II 40,20,26.6,0.6,140,12.5,192,320,878,961.27,2,59
CP II 40,20,26.6,0.6,70,19,142,236.67,930,1113.74,2,59
CP II 40,20,26.6,0.6,80,19,149,248.33,922,1093.08,2,59
CP II 40,20,26.6,0.6,90,19,156,260,916,1070.51,2,59
CP II 40,20,26.6,0.6,100,19,163,271.67,908.67,1049.22,2,59
CP II 40,20,26.6,0.6,110,19,169,281.67,901.67,1031.65,2,59
CP II 40,20,26.6,0.6,120,19,176,293.33,894.67,1010.03,2,59
CP II 40,20,26.6,0.6,130,19,183,305,887.67,988.42,2,59
CP II 40,20,26.6,0.6,140,19,190,316.67,880.67,966.81,2,59
CP II 40,20,26.6,0.6,70,25,133,221.67,938,1142.48,2,59
CP II 40,20,26.6,0.6,80,25,140,233.33,932,1119.91,2,59
CP II 40,20,26.6,0.6,90,25,148,246.67,924,1095.21,2,59
CP II 40,20,26.6,0.6,100,25,155,258.33,917.33,1073.28,2,59
CP II 40,20,26.6,0.6,110,25,163,271.67,909,1048.9,2,59
CP II 40,20,26.6,0.6,120,25,170,283.33,901,1028.24,2,59
CP II 40,20,26.6,0.6,130,25,178,296.67,894,1002.58,2,59
CP II 40,20,26.6,0.6,140,25,185,308.33,886,981.93,2,59
CP II 40,20,26.6,0.6,70,9.5,160,266.67,934,1037.12,2,58
CP II 40,20,26.6,0.6,80,9.5,165,275,928,1022.64,2,58
CP II 40,20,26.6,0.6,90,9.5,170,283.33,924,1006.24,2,58
CP II 40,20,26.6,0.6,100,9.5,175,291.67,918.67,991.12,2,58
CP II 40,20,26.6,0.6,110,9.5,180,300,913.67,975.69,2,58
CP II 40,20,26.6,0.6,120,9.5,185,308.33,908.67,960.25,2,58
CP II 40,20,26.6,0.6,130,9.5,190,316.67,903.67,944.81,2,58
CP II 40,20,26.6,0.6,140,9.5,195,325,898.67,929.37,2,58
CP II 40,20,26.6,0.6,70,12.5,148,246.67,947,1073.21,2,58
CP II 40,20,26.6,0.6,80,12.5,155,258.33,938,1053.51,2,58
CP II 40,20,26.6,0.6,90,12.5,161,268.33,932,1034.99,2,58
CP II 40,20,26.6,0.6,100,12.5,167,278.33,926,1016.46,2,58
CP II 40,20,26.6,0.6,110,12.5,173,288.33,920,997.94,2,58
CP II 40,20,26.6,0.6,120,12.5,180,300,913,976.32,2,58
CP II 40,20,26.6,0.6,130,12.5,186,310,908,956.84,2,58
CP II 40,20,26.6,0.6,140,12.5,192,320,901,939.27,2,58
CP II 40,20,26.6,0.6,70,19,142,236.67,953,1091.74,2,58
CP II 40,20,26.6,0.6,80,19,149,248.33,946,1070.13,2,58
CP II 40,20,26.6,0.6,90,19,156,260,938,1049.47,2,58
CP II 40,20,26.6,0.6,100,19,163,271.67,930.67,1028.18,2,58
CP II 40,20,26.6,0.6,110,19,169,281.67,925,1009.33,2,58
CP II 40,20,26.6,0.6,120,19,176,293.33,918,987.72,2,58
CP II 40,20,26.6,0.6,130,19,183,305,910,967.06,2,58
CP II 40,20,26.6,0.6,140,19,190,316.67,903,945.45,2,58
CP II 40,20,26.6,0.6,70,25,133,221.67,961,1120.49,2,58
CP II 40,20,26.6,0.6,80,25,140,233.33,954,1098.87,2,58
CP II 40,20,26.6,0.6,90,25,148,246.67,946,1074.17,2,58
CP II 40,20,26.6,0.6,100,25,155,258.33,938.67,1052.88,2,58
CP II 40,20,26.6,0.6,110,25,163,271.67,931.17,1027.7,2,58
CP II 40,20,26.6,0.6,120,25,170,283.33,923.67,1006.56,2,58
CP II 40,20,26.6,0.6,130,25,178,296.67,916.17,981.38,2,58
CP II 40,20,26.6,0.6,140,25,185,308.33,908.67,960.25,2,58
CP II 40,20,26.6,0.6,70,9.5,160,266.67,957,1015.12,2,57
CP II 40,20,26.6,0.6,80,9.5,165,275,951,1000.64,2,57
CP II 40,20,26.6,0.6,90,9.5,170,283.33,946,985.2,2,57
CP II 40,20,26.6,0.6,100,9.5,175,291.67,940.33,970.4,2,57
CP II 40,20,26.6,0.6,110,9.5,180,300,934.83,955.44,2,57
CP II 40,20,26.6,0.6,120,9.5,185,308.33,929.33,940.48,2,57
CP II 40,20,26.6,0.6,130,9.5,190,316.67,926,923.45,2,57
CP II 40,20,26.6,0.6,140,9.5,195,325,920,908.97,2,57
CP II 40,20,26.6,0.6,70,12.5,148,246.67,969,1052.17,2,57
CP II 40,20,26.6,0.6,80,12.5,155,258.33,963,1029.61,2,57
CP II 40,20,26.6,0.6,90,12.5,161,268.33,956,1012.04,2,57
CP II 40,20,26.6,0.6,100,12.5,167,278.33,949.67,993.83,2,57
CP II 40,20,26.6,0.6,110,12.5,173,288.33,943.17,975.78,2,57
CP II 40,20,26.6,0.6,120,12.5,180,300,936.67,953.69,2,57
CP II 40,20,26.6,0.6,130,12.5,186,310,930.17,935.64,2,57
CP II 40,20,26.6,0.6,140,12.5,192,320,923.67,917.59,2,57
CP II 40,20,26.6,0.6,70,19,142,236.67,976,1069.74,2,57
CP II 40,20,26.6,0.6,80,19,149,248.33,969,1048.13,2,57
CP II 40,20,26.6,0.6,90,19,156,260,961,1027.47,2,57
CP II 40,20,26.6,0.6,100,19,163,271.67,953.67,1006.18,2,57
CP II 40,20,26.6,0.6,110,19,169,281.67,946.17,989.09,2,57
CP II 40,20,26.6,0.6,120,19,176,293.33,940,966.68,2,57
CP II 40,20,26.6,0.6,130,19,183,305,933,945.06,2,57
CP II 40,20,26.6,0.6,140,19,190,316.67,926,923.45,2,57
CP II 40,20,26.6,0.6,70,25,133,221.67,986,1096.58,2,57
CP II 40,20,26.6,0.6,80,25,140,233.33,978,1075.92,2,57
CP II 40,20,26.6,0.6,90,25,148,246.67,970,1051.22,2,57
CP II 40,20,26.6,0.6,100,25,155,258.33,962,1030.56,2,57
CP II 40,20,26.6,0.6,110,25,163,271.67,954,1005.86,2,57
CP II 40,20,26.6,0.6,120,25,170,283.33,946,985.2,2,57
CP II 40,20,26.6,0.6,130,25,178,296.67,938,960.5,2,57
CP II 40,20,26.6,0.6,140,25,185,308.33,930,939.85,2,57
CP II 40,20,26.6,0.6,70,9.5,160,266.67,980,993.13,2,56
CP II 40,20,26.6,0.6,80,9.5,165,275,973,979.6,2,56
CP II 40,20,26.6,0.6,90,9.5,170,283.33,968,964.16,2,56
CP II 40,20,26.6,0.6,100,9.5,175,291.67,964,947.77,2,56
CP II 40,20,26.6,0.6,110,9.5,180,300,958,933.29,2,56
CP II 40,20,26.6,0.6,120,9.5,185,308.33,952,918.81,2,56
CP II 40,20,26.6,0.6,130,9.5,190,316.67,947,903.37,2,56
CP II 40,20,26.6,0.6,140,9.5,195,325,941,888.89,2,56
CP II 40,20,26.6,0.6,70,12.5,148,246.67,993,1029.22,2,56
CP II 40,20,26.6,0.6,80,12.5,155,258.33,984,1009.52,2,56
CP II 40,20,26.6,0.6,90,12.5,161,268.33,979,990.04,2,56
CP II 40,20,26.6,0.6,100,12.5,167,278.33,971.33,973.11,2,56
CP II 40,20,26.6,0.6,110,12.5,173,288.33,964.33,955.54,2,56
CP II 40,20,26.6,0.6,120,12.5,180,300,957.33,933.93,2,56
CP II 40,20,26.6,0.6,130,12.5,186,310,950.33,916.36,2,56
CP II 40,20,26.6,0.6,140,12.5,192,320,944,898.15,2,56
CP II 40,20,26.6,0.6,70,19,142,236.67,999,1047.75,2,56
CP II 40,20,26.6,0.6,80,19,149,248.33,991,1027.09,2,56
CP II 40,20,26.6,0.6,90,19,156,260,983,1006.43,2,56
CP II 40,20,26.6,0.6,100,19,163,271.67,977,983.86,2,56
CP II 40,20,26.6,0.6,110,19,169,281.67,969,967.25,2,56
CP II 40,20,26.6,0.6,120,19,176,293.33,962,945.64,2,56
CP II 40,20,26.6,0.6,130,19,183,305,954,924.98,2,56
CP II 40,20,26.6,0.6,140,19,190,316.67,946,904.32,2,56
CP II 40,20,26.6,0.6,70,25,133,221.67,1009,1074.58,2,56
CP II 40,20,26.6,0.6,80,25,140,233.33,1001,1053.92,2,56
CP II 40,20,26.6,0.6,90,25,148,246.67,993,1029.22,2,56
CP II 40,20,26.6,0.6,100,25,155,258.33,985,1008.57,2,56
CP II 40,20,26.6,0.6,110,25,163,271.67,977,983.86,2,56
CP II 40,20,26.6,0.6,120,25,170,283.33,969,963.21,2,56
CP II 40,20,26.6,0.6,130,25,178,296.67,961,938.51,2,56
CP II 40,20,26.6,0.6,140,25,185,308.33,953,917.85,2,56
CP II 40,20,26.6,0.6,70,9.5,160,266.67,1002,972.09,2,55
CP II 40,20,26.6,0.6,80,9.5,165,275,996,957.61,2,55
CP II 40,20,26.6,0.6,90,9.5,170,283.33,991,942.17,2,55
CP II 40,20,26.6,0.6,100,9.5,175,291.67,985.33,927.37,2,55
CP II 40,20,26.6,0.6,110,9.5,180,300,979.83,912.41,2,55
CP II 40,20,26.6,0.6,120,9.5,185,308.33,974.33,897.45,2,55
CP II 40,20,26.6,0.6,130,9.5,190,316.67,968.83,882.49,2,55
CP II 40,20,26.6,0.6,140,9.5,195,325,963.33,867.53,2,55
CP II 40,20,26.6,0.6,70,12.5,148,246.67,1016,1007.23,2,55
CP II 40,20,26.6,0.6,80,12.5,155,258.33,1008,986.57,2,55
CP II 40,20,26.6,0.6,90,12.5,161,268.33,1000,969.96,2,55
CP II 40,20,26.6,0.6,100,12.5,167,278.33,994,951.43,2,55
CP II 40,20,26.6,0.6,110,12.5,173,288.33,989,931.95,2,55
CP II 40,20,26.6,0.6,120,12.5,180,300,981,911.29,2,55
CP II 40,20,26.6,0.6,130,12.5,186,310,974,893.72,2,55
CP II 40,20,26.6,0.6,140,12.5,192,320,966,877.11,2,55
CP II 40,20,26.6,0.6,70,19,142,236.67,1022,1025.75,2,55
CP II 40,20,26.6,0.6,80,19,149,248.33,1014,1005.09,2,55
CP II 40,20,26.6,0.6,90,19,156,260,1006,984.44,2,55
CP II 40,20,26.6,0.6,100,19,163,271.67,998,963.78,2,55
CP II 40,20,26.6,0.6,110,19,169,281.67,992,945.25,2,55
CP II 40,20,26.6,0.6,120,19,176,293.33,985,923.64,2,55
CP II 40,20,26.6,0.6,130,19,183,305,977,902.98,2,55
CP II 40,20,26.6,0.6,140,19,190,316.67,970,881.37,2,55
CP II 40,20,26.6,0.6,70,25,133,221.67,1031,1053.54,2,55
CP II 40,20,26.6,0.6,80,25,140,233.33,1024,1031.93,2,55
CP II 40,20,26.6,0.6,90,25,148,246.67,1016,1007.23,2,55
CP II 40,20,26.6,0.6,100,25,155,258.33,1008.67,985.93,2,55
CP II 40,20,26.6,0.6,110,25,163,271.67,999,962.82,2,55
CP II 40,20,26.6,0.6,120,25,170,283.33,991,942.17,2,55
CP II 40,20,26.6,0.6,130,25,178,296.67,983,917.47,2,55
CP II 40,20,26.6,0.6,140,25,185,308.33,974,897.77,2,55
CP II 40,20,26.6,0.6,70,9.5,160,266.67,1026,949.13,2,54
CP II 40,20,26.6,0.6,80,9.5,165,275,1019,935.61,2,54
CP II 40,20,26.6,0.6,90,9.5,170,283.33,1013,921.13,2,54
CP II 40,20,26.6,0.6,100,9.5,175,291.67,1008,905.69,2,54
CP II 40,20,26.6,0.6,110,9.5,180,300,1002,891.21,2,54
CP II 40,20,26.6,0.6,120,9.5,185,308.33,996,876.73,2,54
CP II 40,20,26.6,0.6,130,9.5,190,316.67,991,861.29,2,54
CP II 40,20,26.6,0.6,140,9.5,195,325,986,845.85,2,54
CP II 40,20,26.6,0.6,70,12.5,148,246.67,1039,985.23,2,54
CP II 40,20,26.6,0.6,80,12.5,155,258.33,1031,964.57,2,54
CP II 40,20,26.6,0.6,90,12.5,161,268.33,1023,947.96,2,54
CP II 40,20,26.6,0.6,100,12.5,167,278.33,1017,929.43,2,54
CP II 40,20,26.6,0.6,110,12.5,173,288.33,1011,910.91,2,54
CP II 40,20,26.6,0.6,120,12.5,180,300,1002,891.21,2,54
CP II 40,20,26.6,0.6,130,12.5,186,310,995,873.64,2,54
CP II 40,20,26.6,0.6,140,12.5,192,320,988,856.07,2,54
CP II 40,20,26.6,0.6,70,19,142,236.67,1046,1002.8,2,54
CP II 40,20,26.6,0.6,80,19,149,248.33,1037,983.1,2,54
CP II 40,20,26.6,0.6,90,19,156,260,1029,962.44,2,54
CP II 40,20,26.6,0.6,100,19,163,271.67,1022,940.83,2,54
CP II 40,20,26.6,0.6,110,19,169,281.67,1014,924.21,2,54
CP II 40,20,26.6,0.6,120,19,176,293.33,1006,903.56,2,54
CP II 40,20,26.6,0.6,130,19,183,305,998,882.9,2,54
CP II 40,20,26.6,0.6,140,19,190,316.67,991,861.29,2,54
CP II 40,20,26.6,0.6,70,25,133,221.67,1056,1029.63,2,54
CP II 40,20,26.6,0.6,80,25,140,233.33,1048,1008.97,2,54
CP II 40,20,26.6,0.6,90,25,148,246.67,1038,986.19,2,54
CP II 40,20,26.6,0.6,100,25,155,258.33,1031,964.57,2,54
CP II 40,20,26.6,0.6,110,25,163,271.67,1022,940.83,2,54
CP II 40,20,26.6,0.6,120,25,170,283.33,1013,921.13,2,54
CP II 40,20,26.6,0.6,130,25,178,296.67,1004,897.38,2,54
CP II 40,20,26.6,0.6,140,25,185,308.33,996,876.73,2,54
CP II 40,20,26.6,0.6,70,9.5,160,266.67,1049,927.14,2,53
CP II 40,20,26.6,0.6,80,9.5,165,275,1042,913.61,2,53
CP II 40,20,26.6,0.6,90,9.5,170,283.33,1036,899.13,2,53
CP II 40,20,26.6,0.6,100,9.5,175,291.67,1031,883.69,2,53
CP II 40,20,26.6,0.6,110,9.5,180,300,1025,869.21,2,53
CP II 40,20,26.6,0.6,120,9.5,185,308.33,1018,855.69,2,53
CP II 40,20,26.6,0.6,130,9.5,190,316.67,1013,840.25,2,53
CP II 40,20,26.6,0.6,140,9.5,195,325,1007,825.77,2,53
CP II 40,20,26.6,0.6,70,12.5,148,246.67,1062,963.23,2,53
CP II 40,20,26.6,0.6,80,12.5,155,258.33,1053,943.53,2,53
CP II 40,20,26.6,0.6,90,12.5,161,268.33,1046,925.96,2,53
CP II 40,20,26.6,0.6,100,12.5,167,278.33,1040,907.44,2,53
CP II 40,20,26.6,0.6,110,12.5,173,288.33,1032,890.82,2,53
CP II 40,20,26.6,0.6,120,12.5,180,300,1024,870.17,2,53
CP II 40,20,26.6,0.6,130,12.5,186,310,1017,852.6,2,53
CP II 40,20,26.6,0.6,140,12.5,192,320,1010,835.03,2,53
CP II 40,20,26.6,0.6,70,19,142,236.67,1069,980.8,2,53
CP II 40,20,26.6,0.6,80,19,149,248.33,1061,960.15,2,53
CP II 40,20,26.6,0.6,90,19,156,260,1052,940.44,2,53
CP II 40,20,26.6,0.6,100,19,163,271.67,1043.67,920.11,2,53
CP II 40,20,26.6,0.6,110,19,169,281.67,1037,902.22,2,53
CP II 40,20,26.6,0.6,120,19,176,293.33,1029,881.56,2,53
CP II 40,20,26.6,0.6,130,19,183,305,1021,860.9,2,53
CP II 40,20,26.6,0.6,140,19,190,316.67,1013,840.25,2,53
CP II 40,20,26.6,0.6,70,25,133,221.67,1080,1006.68,2,53
CP II 40,20,26.6,0.6,80,25,140,233.33,1070,987.93,2,53
CP II 40,20,26.6,0.6,90,25,148,246.67,1062,963.23,2,53
CP II 40,20,26.6,0.6,100,25,155,258.33,1052.67,943.85,2,53
CP II 40,20,26.6,0.6,110,25,163,271.67,1043.67,920.11,2,53
CP II 40,20,26.6,0.6,120,25,170,283.33,1036,899.13,2,53
CP II 40,20,26.6,0.6,130,25,178,296.67,1028,874.43,2,53
CP II 40,20,26.6,0.6,140,25,185,308.33,1018,855.69,2,53
CP II 40,20,26.6,0.6,70,9.5,160,266.67,1071,906.1,2,52
CP II 40,20,26.6,0.6,80,9.5,165,275,1064,892.57,2,52
CP II 40,20,26.6,0.6,90,9.5,170,283.33,1058,878.09,2,52
CP II 40,20,26.6,0.6,100,9.5,175,291.67,1053,862.65,2,52
CP II 40,20,26.6,0.6,110,9.5,180,300,1047,848.17,2,52
CP II 40,20,26.6,0.6,120,9.5,185,308.33,1041,833.69,2,52
CP II 40,20,26.6,0.6,130,9.5,190,316.67,1035,819.21,2,52
CP II 40,20,26.6,0.6,140,9.5,195,325,1030,803.77,2,52
CP II 40,20,26.6,0.6,70,12.5,148,246.67,1086,940.28,2,52
CP II 40,20,26.6,0.6,80,12.5,155,258.33,1076,921.54,2,52
CP II 40,20,26.6,0.6,90,12.5,161,268.33,1069,903.97,2,52
CP II 40,20,26.6,0.6,100,12.5,167,278.33,1062,886.4,2,52
CP II 40,20,26.6,0.6,110,12.5,173,288.33,1056,867.87,2,52
CP II 40,20,26.6,0.6,120,12.5,180,300,1048,847.21,2,52
CP II 40,20,26.6,0.6,130,12.5,186,310,1040,830.6,2,52
CP II 40,20,26.6,0.6,140,12.5,192,320,1032,813.99,2,52
CP II 40,20,26.6,0.6,70,19,142,236.67,1092,958.81,2,52
CP II 40,20,26.6,0.6,80,19,149,248.33,1083,939.11,2,52
CP II 40,20,26.6,0.6,90,19,156,260,1075,918.45,2,52
CP II 40,20,26.6,0.6,100,19,163,271.67,1066.33,898.43,2,52
CP II 40,20,26.6,0.6,110,19,169,281.67,1060,880.22,2,52
CP II 40,20,26.6,0.6,120,19,176,293.33,1051,860.52,2,52
CP II 40,20,26.6,0.6,130,19,183,305,1043,839.86,2,52
CP II 40,20,26.6,0.6,140,19,190,316.67,1035,819.21,2,52
CP II 40,20,26.6,0.6,70,25,133,221.67,1102,985.64,2,52
CP II 40,20,26.6,0.6,80,25,140,233.33,1094,964.98,2,52
CP II 40,20,26.6,0.6,90,25,148,246.67,1084,942.19,2,52
CP II 40,20,26.6,0.6,100,25,155,258.33,1076,921.54,2,52
CP II 40,20,26.6,0.6,110,25,163,271.67,1066.33,898.43,2,52
CP II 40,20,26.6,0.6,120,25,170,283.33,1059,877.13,2,52
CP II 40,20,26.6,0.6,130,25,178,296.67,1050,853.39,2,52
CP II 40,20,26.6,0.6,140,25,185,308.33,1041,833.69,2,52
CP II 40,20,26.6,0.6,70,9.5,160,266.67,1094,884.1,2,51
CP II 40,20,26.6,0.6,80,9.5,165,275,1088,869.62,2,51
CP II 40,20,26.6,0.6,90,9.5,170,283.33,1081,856.09,2,51
CP II 40,20,26.6,0.6,100,9.5,175,291.67,1074.67,841.93,2,51
CP II 40,20,26.6,0.6,110,9.5,180,300,1069,827.13,2,51
CP II 40,20,26.6,0.6,120,9.5,185,308.33,1064,811.69,2,51
CP II 40,20,26.6,0.6,130,9.5,190,316.67,1057,798.17,2,51
CP II 40,20,26.6,0.6,140,9.5,195,325,1051,783.69,2,51
CP II 40,20,26.6,0.6,70,12.5,148,246.67,1107,920.2,2,51
CP II 40,20,26.6,0.6,80,12.5,155,258.33,1099,899.54,2,51
CP II 40,20,26.6,0.6,90,12.5,161,268.33,1093,881.01,2,51
CP II 40,20,26.6,0.6,100,12.5,167,278.33,1085.67,863.76,2,51
CP II 40,20,26.6,0.6,110,12.5,173,288.33,1078.67,846.19,2,51
CP II 40,20,26.6,0.6,120,12.5,180,300,1070,826.17,2,51
CP II 40,20,26.6,0.6,130,12.5,186,310,1063,808.61,2,51
CP II 40,20,26.6,0.6,140,12.5,192,320,1056,791.04,2,51
CP II 40,20,26.6,0.6,70,19,142,236.67,1116,935.85,2,51
CP II 40,20,26.6,0.6,80,19,149,248.33,1106,917.11,2,51
CP II 40,20,26.6,0.6,90,19,156,260,1098,896.45,2,51
CP II 40,20,26.6,0.6,100,19,163,271.67,1091,874.84,2,51
CP II 40,20,26.6,0.6,110,19,169,281.67,1082,859.18,2,51
CP II 40,20,26.6,0.6,120,19,176,293.33,1074,838.53,2,51
CP II 40,20,26.6,0.6,130,19,183,305,1065,818.82,2,51
CP II 40,20,26.6,0.6,140,19,190,316.67,1057,798.17,2,51
CP II 40,20,26.6,0.6,70,25,133,221.67,1127,961.73,2,51
CP II 40,20,26.6,0.6,80,25,140,233.33,1118,942.03,2,51
CP II 40,20,26.6,0.6,90,25,148,246.67,1109,918.28,2,51
CP II 40,20,26.6,0.6,100,25,155,258.33,1100,898.58,2,51
CP II 40,20,26.6,0.6,110,25,163,271.67,1091,874.84,2,51
CP II 40,20,26.6,0.6,120,25,170,283.33,1082,855.14,2,51
CP II 40,20,26.6,0.6,130,25,178,296.67,1073,831.39,2,51
CP II 40,20,26.6,0.6,140,25,185,308.33,1064,811.69,2,51
CP II 40,20,26.6,0.6,70,9.5,160,266.67,1116,863.06,2,50
CP II 40,20,26.6,0.6,80,9.5,165,275,1110,848.58,2,50
CP II 40,20,26.6,0.6,90,9.5,170,283.33,1104,834.1,2,50
CP II 40,20,26.6,0.6,100,9.5,175,291.67,1098,819.62,2,50
CP II 40,20,26.6,0.6,110,9.5,180,300,1092,805.13,2,50
CP II 40,20,26.6,0.6,120,9.5,185,308.33,1086,790.65,2,50
CP II 40,20,26.6,0.6,130,9.5,190,316.67,1080,776.17,2,50
CP II 40,20,26.6,0.6,140,9.5,195,325,1074,761.69,2,50
CP II 40,20,26.6,0.6,70,12.5,148,246.67,1132,896.29,2,50
CP II 40,20,26.6,0.6,80,12.5,155,258.33,1123,876.59,2,50
CP II 40,20,26.6,0.6,90,12.5,161,268.33,1116,859.02,2,50
CP II 40,20,26.6,0.6,100,12.5,167,278.33,1108,842.4,2,50
CP II 40,20,26.6,0.6,110,12.5,173,288.33,1100,825.79,2,50
CP II 40,20,26.6,0.6,120,12.5,180,300,1093,804.18,2,50
CP II 40,20,26.6,0.6,130,12.5,186,310,1084,788.52,2,50
CP II 40,20,26.6,0.6,140,12.5,192,320,1078,770,2,50
CP II 40,20,26.6,0.6,70,19,142,236.67,1139,913.86,2,50
CP II 40,20,26.6,0.6,80,19,149,248.33,1131,893.2,2,50
CP II 40,20,26.6,0.6,90,19,156,260,1122,873.5,2,50
CP II 40,20,26.6,0.6,100,19,163,271.67,1113.67,853.16,2,50
CP II 40,20,26.6,0.6,110,19,169,281.67,1105.17,837.03,2,50
CP II 40,20,26.6,0.6,120,19,176,293.33,1096.67,816.85,2,50
CP II 40,20,26.6,0.6,130,19,183,305,1088.17,796.67,2,50
CP II 40,20,26.6,0.6,140,19,190,316.67,1079.67,776.49,2,50
CP II 40,20,26.6,0.6,70,25,133,221.67,1149,940.69,2,50
CP II 40,20,26.6,0.6,80,25,140,233.33,1141,920.03,2,50
CP II 40,20,26.6,0.6,90,25,148,246.67,1132,896.29,2,50
CP II 40,20,26.6,0.6,100,25,155,258.33,1123.67,875.95,2,50
CP II 40,20,26.6,0.6,110,25,163,271.67,1114,852.84,2,50
CP II 40,20,26.6,0.6,120,25,170,283.33,1104,834.1,2,50
CP II 40,20,26.6,0.6,130,25,178,296.67,1094,811.31,2,50
CP II 40,20,26.6,0.6,140,25,185,308.33,1086,790.65,2,50
CP II 40,20,26.6,0.6,70,9.5,160,266.67,1139,841.07,2,49
CP II 40,20,26.6,0.6,80,9.5,165,275,1134,825.63,2,49
CP II 40,20,26.6,0.6,90,9.5,170,283.33,1127,812.1,2,49
CP II 40,20,26.6,0.6,100,9.5,175,291.67,1121.33,797.3,2,49
CP II 40,20,26.6,0.6,110,9.5,180,300,1115.33,782.82,2,49
CP II 40,20,26.6,0.6,120,9.5,185,308.33,1107,770.57,2,49
CP II 40,20,26.6,0.6,130,9.5,190,316.67,1101,756.09,2,49
CP II 40,20,26.6,0.6,140,9.5,195,325,1095,741.61,2,49
CP II 40,20,26.6,0.6,70,12.5,148,246.67,1154,875.25,2,49
CP II 40,20,26.6,0.6,80,12.5,155,258.33,1146,854.59,2,49
CP II 40,20,26.6,0.6,90,12.5,161,268.33,1138,837.98,2,49
CP II 40,20,26.6,0.6,100,12.5,167,278.33,1130,821.36,2,49
CP II 40,20,26.6,0.6,110,12.5,173,288.33,1124,802.84,2,49
CP II 40,20,26.6,0.6,120,12.5,180,300,1114,784.09,2,49
CP II 40,20,26.6,0.6,130,12.5,186,310,1106,767.48,2,49
CP II 40,20,26.6,0.6,140,12.5,192,320,1100,748.96,2,49
CP II 40,20,26.6,0.6,70,19,142,236.67,1161,892.82,2,49
CP II 40,20,26.6,0.6,80,19,149,248.33,1154,871.2,2,49
CP II 40,20,26.6,0.6,90,19,156,260,1144,852.46,2,49
CP II 40,20,26.6,0.6,100,19,163,271.67,1136,831.8,2,49
CP II 40,20,26.6,0.6,110,19,169,281.67,1127.5,815.67,2,49
CP II 40,20,26.6,0.6,120,19,176,293.33,1119,795.49,2,49
CP II 40,20,26.6,0.6,130,19,183,305,1110.5,775.31,2,49
CP II 40,20,26.6,0.6,140,19,190,316.67,1102,755.13,2,49
CP II 40,20,26.6,0.6,70,25,133,221.67,1173,917.74,2,49
CP II 40,20,26.6,0.6,80,25,140,233.33,1165,897.08,2,49
CP II 40,20,26.6,0.6,90,25,148,246.67,1154,875.25,2,49
CP II 40,20,26.6,0.6,100,25,155,258.33,1145,855.55,2,49
CP II 40,20,26.6,0.6,110,25,163,271.67,1135.5,832.28,2,49
CP II 40,20,26.6,0.6,120,25,170,283.33,1126,813.06,2,49
CP II 40,20,26.6,0.6,130,25,178,296.67,1116.5,789.79,2,49
CP II 40,20,26.6,0.6,140,25,185,308.33,1107,770.57,2,49
CP II 40,20,26.6,0.6,70,9.5,160,266.67,1163,818.11,2,48
CP II 40,20,26.6,0.6,80,9.5,165,275,1156,804.59,2,48
CP II 40,20,26.6,0.6,90,9.5,170,283.33,1149,791.06,2,48
CP II 40,20,26.6,0.6,100,9.5,175,291.67,1144,775.62,2,48
CP II 40,20,26.6,0.6,110,9.5,180,300,1137,762.1,2,48
CP II 40,20,26.6,0.6,120,9.5,185,308.33,1130,748.57,2,48
CP II 40,20,26.6,0.6,130,9.5,190,316.67,1123,735.05,2,48
CP II 40,20,26.6,0.6,140,9.5,195,325,1118,719.61,2,48
CP II 40,20,26.6,0.6,70,12.5,148,246.67,1178,852.29,2,48
CP II 40,20,26.6,0.6,80,12.5,155,258.33,1170,831.64,2,48
CP II 40,20,26.6,0.6,90,12.5,161,268.33,1160,816.94,2,48
CP II 40,20,26.6,0.6,100,12.5,167,278.33,1153,799.37,2,48
CP II 40,20,26.6,0.6,110,12.5,173,288.33,1145,782.76,2,48
CP II 40,20,26.6,0.6,120,12.5,180,300,1136,763.05,2,48
CP II 40,20,26.6,0.6,130,12.5,186,310,1128,746.44,2,48
CP II 40,20,26.6,0.6,140,12.5,192,320,1121,728.87,2,48
CP II 40,20,26.6,0.6,70,19,142,236.67,1186,868.91,2,48
CP II 40,20,26.6,0.6,80,19,149,248.33,1176,850.16,2,48
CP II 40,20,26.6,0.6,90,19,156,260,1168,829.51,2,48
CP II 40,20,26.6,0.6,100,19,163,271.67,1158.67,810.12,2,48
CP II 40,20,26.6,0.6,110,19,169,281.67,1152,792.24,2,48
CP II 40,20,26.6,0.6,120,19,176,293.33,1143,772.54,2,48
CP II 40,20,26.6,0.6,130,19,183,305,1134,752.84,2,48
CP II 40,20,26.6,0.6,140,19,190,316.67,1125,733.13,2,48
CP II 40,20,26.6,0.6,70,25,133,221.67,1196,895.74,2,48
CP II 40,20,26.6,0.6,80,25,140,233.33,1188,875.08,2,48
CP II 40,20,26.6,0.6,90,25,148,246.67,1178,852.29,2,48
CP II 40,20,26.6,0.6,100,25,155,258.33,1169.33,832.28,2,48
CP II 40,20,26.6,0.6,110,25,163,271.67,1158,810.76,2,48
CP II 40,20,26.6,0.6,120,25,170,283.33,1149,791.06,2,48
CP II 40,20,26.6,0.6,130,25,178,296.67,1140,767.32,2,48
CP II 40,20,26.6,0.6,140,25,185,308.33,1131,747.62,2,48
CP II 40,20,26.6,0.6,70,9.5,160,266.67,1185,797.07,2,47
CP II 40,20,26.6,0.6,80,9.5,165,275,1179,782.59,2,47
CP II 40,20,26.6,0.6,90,9.5,170,283.33,1173,768.11,2,47
CP II 40,20,26.6,0.6,100,9.5,175,291.67,1165,755.54,2,47
CP II 40,20,26.6,0.6,110,9.5,180,300,1159,741.06,2,47
CP II 40,20,26.6,0.6,120,9.5,185,308.33,1153,726.58,2,47
CP II 40,20,26.6,0.6,130,9.5,190,316.67,1147,712.09,2,47
CP II 40,20,26.6,0.6,140,9.5,195,325,1140,698.57,2,47
CP II 40,20,26.6,0.6,70,12.5,148,246.67,1200,831.25,2,47
CP II 40,20,26.6,0.6,80,12.5,155,258.33,1192,810.6,2,47
CP II 40,20,26.6,0.6,90,12.5,161,268.33,1184,793.98,2,47
CP II 40,20,26.6,0.6,100,12.5,167,278.33,1176,777.37,2,47
CP II 40,20,26.6,0.6,110,12.5,173,288.33,1168,760.76,2,47
CP II 40,20,26.6,0.6,120,12.5,180,300,1160,740.1,2,47
CP II 40,20,26.6,0.6,130,12.5,186,310,1152,723.49,2,47
CP II 40,20,26.6,0.6,140,12.5,192,320,1144,706.88,2,47
CP II 40,20,26.6,0.6,70,19,142,236.67,1208,847.87,2,47
CP II 40,20,26.6,0.6,80,19,149,248.33,1200,827.21,2,47
CP II 40,20,26.6,0.6,90,19,156,260,1190,808.47,2,47
CP II 40,20,26.6,0.6,100,19,163,271.67,1181.33,788.45,2,47
CP II 40,20,26.6,0.6,110,19,169,281.67,1174,771.2,2,47
CP II 40,20,26.6,0.6,120,19,176,293.33,1165,751.5,2,47
CP II 40,20,26.6,0.6,130,19,183,305,1154.33,733.39,2,47
CP II 40,20,26.6,0.6,140,19,190,316.67,1145.33,713.69,2,47
CP II 40,20,26.6,0.6,70,25,133,221.67,1220,872.79,2,47
CP II 40,20,26.6,0.6,80,25,140,233.33,1212,852.13,2,47
CP II 40,20,26.6,0.6,90,25,148,246.67,1202,829.34,2,47
CP II 40,20,26.6,0.6,100,25,155,258.33,1191,811.55,2,47
CP II 40,20,26.6,0.6,110,25,163,271.67,1182,787.81,2,47
CP II 40,20,26.6,0.6,120,25,170,283.33,1173,768.11,2,47
CP II 40,20,26.6,0.6,130,25,178,296.67,1161,747.23,2,47
CP II 40,20,26.6,0.6,140,25,185,308.33,1153,726.58,2,47
CP II 40,20,26.6,0.6,70,9.5,160,266.67,1208,775.08,2,46
CP II 40,20,26.6,0.6,80,9.5,165,275,1202,760.59,2,46
CP II 40,20,26.6,0.6,90,9.5,170,283.33,1196,746.11,2,46
CP II 40,20,26.6,0.6,100,9.5,175,291.67,1188,733.54,2,46
CP II 40,20,26.6,0.6,110,9.5,180,300,1182,719.06,2,46
CP II 40,20,26.6,0.6,120,9.5,185,308.33,1176,704.58,2,46
CP II 40,20,26.6,0.6,130,9.5,190,316.67,1168,692.01,2,46
CP II 40,20,26.6,0.6,140,9.5,195,325,1162,677.53,2,46
CP II 40,20,26.6,0.6,70,12.5,148,246.67,1224,808.3,2,46
CP II 40,20,26.6,0.6,80,12.5,155,258.33,1216,787.65,2,46
CP II 40,20,26.6,0.6,90,12.5,161,268.33,1208,771.03,2,46
CP II 40,20,26.6,0.6,100,12.5,167,278.33,1200,754.42,2,46
CP II 40,20,26.6,0.6,110,12.5,173,288.33,1192,737.81,2,46
CP II 40,20,26.6,0.6,120,12.5,180,300,1182,719.06,2,46
CP II 40,20,26.6,0.6,130,12.5,186,310,1174,702.45,2,46
CP II 40,20,26.6,0.6,140,12.5,192,320,1166,685.84,2,46
CP II 40,20,26.6,0.6,70,19,142,236.67,1232,824.92,2,46
CP II 40,20,26.6,0.6,80,19,149,248.33,1224,804.26,2,46
CP II 40,20,26.6,0.6,90,19,156,260,1214,785.51,2,46
CP II 40,20,26.6,0.6,100,19,163,271.67,1205.33,765.49,2,46
CP II 40,20,26.6,0.6,110,19,169,281.67,1196.33,749.84,2,46
CP II 40,20,26.6,0.6,120,19,176,293.33,1187.33,730.14,2,46
CP II 40,20,26.6,0.6,130,19,183,305,1178.33,710.44,2,46
CP II 40,20,26.6,0.6,140,19,190,316.67,1169.33,690.74,2,46
CP II 40,20,26.6,0.6,70,25,133,221.67,1244,849.83,2,46
CP II 40,20,26.6,0.6,80,25,140,233.33,1236,829.18,2,46
CP II 40,20,26.6,0.6,90,25,148,246.67,1224,808.3,2,46
CP II 40,20,26.6,0.6,100,25,155,258.33,1214.67,788.92,2,46
CP II 40,20,26.6,0.6,110,25,163,271.67,1204.67,766.13,2,46
CP II 40,20,26.6,0.6,120,25,170,283.33,1194.67,747.39,2,46
CP II 40,20,26.6,0.6,130,25,178,296.67,1184.67,724.6,2,46
CP II 40,20,26.6,0.6,140,25,185,308.33,1174.67,705.86,2,46
CP II 40,20,26.6,0.6,70,9.5,160,266.67,1232,752.12,2,45
CP II 40,20,26.6,0.6,80,9.5,165,275,1224,739.55,2,45
CP II 40,20,26.6,0.6,90,9.5,170,283.33,1218,725.07,2,45
CP II 40,20,26.6,0.6,100,9.5,175,291.67,1210.67,711.87,2,45
CP II 40,20,26.6,0.6,110,9.5,180,300,1203.67,698.34,2,45
CP II 40,20,26.6,0.6,120,9.5,185,308.33,1196.67,684.82,2,45
CP II 40,20,26.6,0.6,130,9.5,190,316.67,1189.67,671.29,2,45
CP II 40,20,26.6,0.6,140,9.5,195,325,1184,656.49,2,45
CP II 40,20,26.6,0.6,70,12.5,148,246.67,1248,785.35,2,45
CP II 40,20,26.6,0.6,80,12.5,155,258.33,1238,766.61,2,45
CP II 40,20,26.6,0.6,90,12.5,161,268.33,1230,749.99,2,45
CP II 40,20,26.6,0.6,100,12.5,167,278.33,1222,733.38,2,45
CP II 40,20,26.6,0.6,110,12.5,173,288.33,1214,716.77,2,45
CP II 40,20,26.6,0.6,120,12.5,180,300,1205,697.07,2,45
CP II 40,20,26.6,0.6,130,12.5,186,310,1196,681.41,2,45
CP II 40,20,26.6,0.6,140,12.5,192,320,1187,665.75,2,45
CP II 40,20,26.6,0.6,70,19,142,236.67,1255,802.92,2,45
CP II 40,20,26.6,0.6,80,19,149,248.33,1246,783.22,2,45
CP II 40,20,26.6,0.6,90,19,156,260,1237,763.52,2,45
CP II 40,20,26.6,0.6,100,19,163,271.67,1228,743.82,2,45
CP II 40,20,26.6,0.6,110,19,169,281.67,1219,728.16,2,45
CP II 40,20,26.6,0.6,120,19,176,293.33,1210,708.46,2,45
CP II 40,20,26.6,0.6,130,19,183,305,1201,688.76,2,45
CP II 40,20,26.6,0.6,140,19,190,316.67,1190,670.97,2,45
CP II 40,20,26.6,0.6,70,25,133,221.67,1268,826.88,2,45
CP II 40,20,26.6,0.6,80,25,140,233.33,1258,808.14,2,45
CP II 40,20,26.6,0.6,90,25,148,246.67,1248,785.35,2,45
CP II 40,20,26.6,0.6,100,25,155,258.33,1238,766.61,2,45
CP II 40,20,26.6,0.6,110,25,163,271.67,1228,743.82,2,45
CP II 40,20,26.6,0.6,120,25,170,283.33,1218,725.07,2,45
CP II 40,20,26.6,0.6,130,25,178,296.67,1208,702.28,2,45
CP II 40,20,26.6,0.6,140,25,185,308.33,1198,683.54,2,45
CP II 40,25,31.6,0.54,70,9.5,160,296.3,893,1051.19,2,60
CP II 40,25,31.6,0.54,80,9.5,165,305.56,887,1035.93,2,60
CP II 40,25,31.6,0.54,90,9.5,170,314.81,883,1018.75,2,60
CP II 40,25,31.6,0.54,100,9.5,175,324.07,877.67,1002.84,2,60
CP II 40,25,31.6,0.54,110,9.5,180,333.33,872.67,986.62,2,60
CP II 40,25,31.6,0.54,120,9.5,185,342.59,867.67,970.39,2,60
CP II 40,25,31.6,0.54,130,9.5,190,351.85,862.67,954.17,2,60
CP II 40,25,31.6,0.54,140,9.5,195,361.11,857.67,937.95,2,60
CP II 40,25,31.6,0.54,70,12.5,148,274.07,905,1090.13,2,60
CP II 40,25,31.6,0.54,80,12.5,155,287.04,898,1067.42,2,60
CP II 40,25,31.6,0.54,90,12.5,161,298.15,891,1048.9,2,60
CP II 40,25,31.6,0.54,100,12.5,167,309.26,886,1028.48,2,60
CP II 40,25,31.6,0.54,110,12.5,173,320.37,879,1009.97,2,60
CP II 40,25,31.6,0.54,120,12.5,180,333.33,872,987.26,2,60
CP II 40,25,31.6,0.54,130,12.5,186,344.44,866,967.79,2,60
CP II 40,25,31.6,0.54,140,12.5,192,355.56,862,946.41,2,60
CP II 40,25,31.6,0.54,70,19,142,262.96,910,1110.55,2,60
CP II 40,25,31.6,0.54,80,19,149,275.93,904,1086.89,2,60
CP II 40,25,31.6,0.54,90,19,156,288.89,896,1065.13,2,60
CP II 40,25,31.6,0.54,100,19,163,301.85,889.33,1042.1,2,60
CP II 40,25,31.6,0.54,110,19,169,312.96,884,1021.99,2,60
CP II 40,25,31.6,0.54,120,19,176,325.93,877,999.28,2,60
CP II 40,25,31.6,0.54,130,19,183,338.89,870,976.56,2,60
CP II 40,25,31.6,0.54,140,19,190,351.85,863,953.85,2,60
CP II 40,25,31.6,0.54,70,25,133,246.3,920,1138.8,2,60
CP II 40,25,31.6,0.54,80,25,140,259.26,912,1117.04,2,60
CP II 40,25,31.6,0.54,90,25,148,274.07,904,1091.09,2,60
CP II 40,25,31.6,0.54,100,25,155,287.04,898,1067.42,2,60
CP II 40,25,31.6,0.54,110,25,163,301.85,890,1041.46,2,60
CP II 40,25,31.6,0.54,120,25,170,314.81,882,1019.7,2,60
CP II 40,25,31.6,0.54,130,25,178,329.63,874,993.74,2,60
CP II 40,25,31.6,0.54,140,25,185,342.59,868,970.08,2,60
CP II 40,25,31.6,0.54,70,9.5,160,296.3,915,1030.15,2,59
CP II 40,25,31.6,0.54,80,9.5,165,305.56,910,1013.93,2,59
CP II 40,25,31.6,0.54,90,9.5,170,314.81,905,997.71,2,59
CP II 40,25,31.6,0.54,100,9.5,175,324.07,900,981.48,2,59
CP II 40,25,31.6,0.54,110,9.5,180,333.33,895,965.26,2,59
CP II 40,25,31.6,0.54,120,9.5,185,342.59,890,949.04,2,59
CP II 40,25,31.6,0.54,130,9.5,190,351.85,885,932.81,2,59
CP II 40,25,31.6,0.54,140,9.5,195,361.11,880,916.59,2,59
CP II 40,25,31.6,0.54,70,12.5,148,274.07,928,1068.13,2,59
CP II 40,25,31.6,0.54,80,12.5,155,287.04,920,1046.38,2,59
CP II 40,25,31.6,0.54,90,12.5,161,298.15,914,1026.91,2,59
CP II 40,25,31.6,0.54,100,12.5,167,309.26,909,1006.48,2,59
CP II 40,25,31.6,0.54,110,12.5,173,320.37,902,987.97,2,59
CP II 40,25,31.6,0.54,120,12.5,180,333.33,896,964.3,2,59
CP II 40,25,31.6,0.54,130,12.5,186,344.44,888,946.75,2,59
CP II 40,25,31.6,0.54,140,12.5,192,355.56,882,927.28,2,59
CP II 40,25,31.6,0.54,70,19,142,262.96,934,1087.6,2,59
CP II 40,25,31.6,0.54,80,19,149,275.93,926,1065.85,2,59
CP II 40,25,31.6,0.54,90,19,156,288.89,920,1042.18,2,59
CP II 40,25,31.6,0.54,100,19,163,301.85,912.67,1019.78,2,59
CP II 40,25,31.6,0.54,110,19,169,312.96,905.67,1001.27,2,59
CP II 40,25,31.6,0.54,120,19,176,325.93,898.67,978.56,2,59
CP II 40,25,31.6,0.54,130,19,183,338.89,891.67,955.84,2,59
CP II 40,25,31.6,0.54,140,19,190,351.85,884.67,933.13,2,59
CP II 40,25,31.6,0.54,70,25,133,246.3,942,1117.76,2,59
CP II 40,25,31.6,0.54,80,25,140,259.26,936,1094.09,2,59
CP II 40,25,31.6,0.54,90,25,148,274.07,928,1068.13,2,59
CP II 40,25,31.6,0.54,100,25,155,287.04,921.33,1045.1,2,59
CP II 40,25,31.6,0.54,110,25,163,301.85,913,1019.46,2,59
CP II 40,25,31.6,0.54,120,25,170,314.81,905,997.71,2,59
CP II 40,25,31.6,0.54,130,25,178,329.63,898,970.79,2,59
CP II 40,25,31.6,0.54,140,25,185,342.59,890,949.04,2,59
CP II 40,25,31.6,0.54,70,9.5,160,296.3,938,1008.16,2,58
CP II 40,25,31.6,0.54,80,9.5,165,305.56,932,992.89,2,58
CP II 40,25,31.6,0.54,90,9.5,170,314.81,928,975.71,2,58
CP II 40,25,31.6,0.54,100,9.5,175,324.07,922.67,959.8,2,58
CP II 40,25,31.6,0.54,110,9.5,180,333.33,917.67,943.58,2,58
CP II 40,25,31.6,0.54,120,9.5,185,342.59,912.67,927.36,2,58
CP II 40,25,31.6,0.54,130,9.5,190,351.85,907.67,911.13,2,58
CP II 40,25,31.6,0.54,140,9.5,195,361.11,902.67,894.91,2,58
CP II 40,25,31.6,0.54,70,12.5,148,274.07,951,1046.14,2,58
CP II 40,25,31.6,0.54,80,12.5,155,287.04,942,1025.34,2,58
CP II 40,25,31.6,0.54,90,12.5,161,298.15,936,1005.87,2,58
CP II 40,25,31.6,0.54,100,12.5,167,309.26,930,986.4,2,58
CP II 40,25,31.6,0.54,110,12.5,173,320.37,924,966.93,2,58
CP II 40,25,31.6,0.54,120,12.5,180,333.33,917,944.22,2,58
CP II 40,25,31.6,0.54,130,12.5,186,344.44,912,923.79,2,58
CP II 40,25,31.6,0.54,140,12.5,192,355.56,905,905.28,2,58
CP II 40,25,31.6,0.54,70,19,142,262.96,957,1065.61,2,58
CP II 40,25,31.6,0.54,80,19,149,275.93,950,1042.89,2,58
CP II 40,25,31.6,0.54,90,19,156,288.89,942,1021.14,2,58
CP II 40,25,31.6,0.54,100,19,163,301.85,934.67,998.74,2,58
CP II 40,25,31.6,0.54,110,19,169,312.96,929,978.95,2,58
CP II 40,25,31.6,0.54,120,19,176,325.93,922,956.24,2,58
CP II 40,25,31.6,0.54,130,19,183,338.89,914,934.48,2,58
CP II 40,25,31.6,0.54,140,19,190,351.85,907,911.77,2,58
CP II 40,25,31.6,0.54,70,25,133,246.3,965,1095.76,2,58
CP II 40,25,31.6,0.54,80,25,140,259.26,958,1073.05,2,58
CP II 40,25,31.6,0.54,90,25,148,274.07,950,1047.09,2,58
CP II 40,25,31.6,0.54,100,25,155,287.04,942.67,1024.7,2,58
CP II 40,25,31.6,0.54,110,25,163,301.85,935.17,998.26,2,58
CP II 40,25,31.6,0.54,120,25,170,314.81,927.67,976.03,2,58
CP II 40,25,31.6,0.54,130,25,178,329.63,920.17,949.59,2,58
CP II 40,25,31.6,0.54,140,25,185,342.59,912.67,927.36,2,58
CP II 40,25,31.6,0.54,70,9.5,160,296.3,961,986.16,2,57
CP II 40,25,31.6,0.54,80,9.5,165,305.56,955,970.89,2,57
CP II 40,25,31.6,0.54,90,9.5,170,314.81,950,954.67,2,57
CP II 40,25,31.6,0.54,100,9.5,175,324.07,944.33,939.08,2,57
CP II 40,25,31.6,0.54,110,9.5,180,333.33,938.83,923.34,2,57
CP II 40,25,31.6,0.54,120,9.5,185,342.59,933.33,907.59,2,57
CP II 40,25,31.6,0.54,130,9.5,190,351.85,930,889.78,2,57
CP II 40,25,31.6,0.54,140,9.5,195,361.11,924,874.51,2,57
CP II 40,25,31.6,0.54,70,12.5,148,274.07,973,1025.1,2,57
CP II 40,25,31.6,0.54,80,12.5,155,287.04,967,1001.43,2,57
CP II 40,25,31.6,0.54,90,12.5,161,298.15,960,982.92,2,57
CP II 40,25,31.6,0.54,100,12.5,167,309.26,953.67,963.77,2,57
CP II 40,25,31.6,0.54,110,12.5,173,320.37,947.17,944.78,2,57
CP II 40,25,31.6,0.54,120,12.5,180,333.33,940.67,921.58,2,57
CP II 40,25,31.6,0.54,130,12.5,186,344.44,934.17,902.59,2,57
CP II 40,25,31.6,0.54,140,12.5,192,355.56,927.67,883.6,2,57
CP II 40,25,31.6,0.54,70,19,142,262.96,980,1043.61,2,57
CP II 40,25,31.6,0.54,80,19,149,275.93,973,1020.9,2,57
CP II 40,25,31.6,0.54,90,19,156,288.89,965,999.14,2,57
CP II 40,25,31.6,0.54,100,19,163,301.85,957.67,976.75,2,57
CP II 40,25,31.6,0.54,110,19,169,312.96,950.17,958.71,2,57
CP II 40,25,31.6,0.54,120,19,176,325.93,944,935.2,2,57
CP II 40,25,31.6,0.54,130,19,183,338.89,937,912.49,2,57
CP II 40,25,31.6,0.54,140,19,190,351.85,930,889.78,2,57
CP II 40,25,31.6,0.54,70,25,133,246.3,990,1071.86,2,57
CP II 40,25,31.6,0.54,80,25,140,259.26,982,1050.1,2,57
CP II 40,25,31.6,0.54,90,25,148,274.07,974,1024.14,2,57
CP II 40,25,31.6,0.54,100,25,155,287.04,966,1002.38,2,57
CP II 40,25,31.6,0.54,110,25,163,301.85,958,976.43,2,57
CP II 40,25,31.6,0.54,120,25,170,314.81,950,954.67,2,57
CP II 40,25,31.6,0.54,130,25,178,329.63,942,928.71,2,57
CP II 40,25,31.6,0.54,140,25,185,342.59,934,906.96,2,57
CP II 40,25,31.6,0.54,70,9.5,160,296.3,984,964.16,2,56
CP II 40,25,31.6,0.54,80,9.5,165,305.56,977,949.85,2,56
CP II 40,25,31.6,0.54,90,9.5,170,314.81,972,933.63,2,56
CP II 40,25,31.6,0.54,100,9.5,175,324.07,968,916.45,2,56
CP II 40,25,31.6,0.54,110,9.5,180,333.33,962,901.18,2,56
CP II 40,25,31.6,0.54,120,9.5,185,342.59,956,885.92,2,56
CP II 40,25,31.6,0.54,130,9.5,190,351.85,951,869.69,2,56
CP II 40,25,31.6,0.54,140,9.5,195,361.11,945,854.42,2,56
CP II 40,25,31.6,0.54,70,12.5,148,274.07,997,1002.14,2,56
CP II 40,25,31.6,0.54,80,12.5,155,287.04,988,981.34,2,56
CP II 40,25,31.6,0.54,90,12.5,161,298.15,983,960.92,2,56
CP II 40,25,31.6,0.54,100,12.5,167,309.26,975.33,943.05,2,56
CP II 40,25,31.6,0.54,110,12.5,173,320.37,968.33,924.53,2,56
CP II 40,25,31.6,0.54,120,12.5,180,333.33,961.33,901.82,2,56
CP II 40,25,31.6,0.54,130,12.5,186,344.44,954.33,883.31,2,56
CP II 40,25,31.6,0.54,140,12.5,192,355.56,948,864.16,2,56
CP II 40,25,31.6,0.54,70,19,142,262.96,1003,1021.61,2,56
CP II 40,25,31.6,0.54,80,19,149,275.93,995,999.86,2,56
CP II 40,25,31.6,0.54,90,19,156,288.89,987,978.1,2,56
CP II 40,25,31.6,0.54,100,19,163,301.85,981,954.43,2,56
CP II 40,25,31.6,0.54,110,19,169,312.96,973,936.87,2,56
CP II 40,25,31.6,0.54,120,19,176,325.93,966,914.16,2,56
CP II 40,25,31.6,0.54,130,19,183,338.89,958,892.4,2,56
CP II 40,25,31.6,0.54,140,19,190,351.85,950,870.65,2,56
CP II 40,25,31.6,0.54,70,25,133,246.3,1013,1049.86,2,56
CP II 40,25,31.6,0.54,80,25,140,259.26,1005,1028.1,2,56
CP II 40,25,31.6,0.54,90,25,148,274.07,997,1002.14,2,56
CP II 40,25,31.6,0.54,100,25,155,287.04,989,980.39,2,56
CP II 40,25,31.6,0.54,110,25,163,301.85,981,954.43,2,56
CP II 40,25,31.6,0.54,120,25,170,314.81,973,932.67,2,56
CP II 40,25,31.6,0.54,130,25,178,329.63,965,906.72,2,56
CP II 40,25,31.6,0.54,140,25,185,342.59,957,884.96,2,56
CP II 40,25,31.6,0.54,70,9.5,160,296.3,1006,943.12,2,55
CP II 40,25,31.6,0.54,80,9.5,165,305.56,1000,927.86,2,55
CP II 40,25,31.6,0.54,90,9.5,170,314.81,995,911.63,2,55
CP II 40,25,31.6,0.54,100,9.5,175,324.07,989.33,896.05,2,55
CP II 40,25,31.6,0.54,110,9.5,180,333.33,983.83,880.3,2,55
CP II 40,25,31.6,0.54,120,9.5,185,342.59,978.33,864.56,2,55
CP II 40,25,31.6,0.54,130,9.5,190,351.85,972.83,848.81,2,55
CP II 40,25,31.6,0.54,140,9.5,195,361.11,967.33,833.07,2,55
CP II 40,25,31.6,0.54,70,12.5,148,274.07,1020,980.15,2,55
CP II 40,25,31.6,0.54,80,12.5,155,287.04,1012,958.39,2,55
CP II 40,25,31.6,0.54,90,12.5,161,298.15,1004,940.84,2,55
CP II 40,25,31.6,0.54,100,12.5,167,309.26,998,921.37,2,55
CP II 40,25,31.6,0.54,110,12.5,173,320.37,993,900.94,2,55
CP II 40,25,31.6,0.54,120,12.5,180,333.33,985,879.19,2,55
CP II 40,25,31.6,0.54,130,12.5,186,344.44,978,860.67,2,55
CP II 40,25,31.6,0.54,140,12.5,192,355.56,970,843.12,2,55
CP II 40,25,31.6,0.54,70,19,142,262.96,1026,999.62,2,55
CP II 40,25,31.6,0.54,80,19,149,275.93,1018,977.86,2,55
CP II 40,25,31.6,0.54,90,19,156,288.89,1010,956.1,2,55
CP II 40,25,31.6,0.54,100,19,163,301.85,1002,934.35,2,55
CP II 40,25,31.6,0.54,110,19,169,312.96,996,914.88,2,55
CP II 40,25,31.6,0.54,120,19,176,325.93,989,892.17,2,55
CP II 40,25,31.6,0.54,130,19,183,338.89,981,870.41,2,55
CP II 40,25,31.6,0.54,140,19,190,351.85,974,847.7,2,55
CP II 40,25,31.6,0.54,70,25,133,246.3,1035,1028.82,2,55
CP II 40,25,31.6,0.54,80,25,140,259.26,1028,1006.11,2,55
CP II 40,25,31.6,0.54,90,25,148,274.07,1020,980.15,2,55
CP II 40,25,31.6,0.54,100,25,155,287.04,1012.67,957.75,2,55
CP II 40,25,31.6,0.54,110,25,163,301.85,1003,933.39,2,55
CP II 40,25,31.6,0.54,120,25,170,314.81,995,911.63,2,55
CP II 40,25,31.6,0.54,130,25,178,329.63,987,885.68,2,55
CP II 40,25,31.6,0.54,140,25,185,342.59,978,864.88,2,55
CP II 40,25,31.6,0.54,70,9.5,160,296.3,1030,920.17,2,54
CP II 40,25,31.6,0.54,80,9.5,165,305.56,1023,905.86,2,54
CP II 40,25,31.6,0.54,90,9.5,170,314.81,1017,890.59,2,54
CP II 40,25,31.6,0.54,100,9.5,175,324.07,1012,874.37,2,54
CP II 40,25,31.6,0.54,110,9.5,180,333.33,1006,859.1,2,54
CP II 40,25,31.6,0.54,120,9.5,185,342.59,1000,843.84,2,54
CP II 40,25,31.6,0.54,130,9.5,190,351.85,995,827.61,2,54
CP II 40,25,31.6,0.54,140,9.5,195,361.11,990,811.39,2,54
CP II 40,25,31.6,0.54,70,12.5,148,274.07,1043,958.15,2,54
CP II 40,25,31.6,0.54,80,12.5,155,287.04,1035,936.4,2,54
CP II 40,25,31.6,0.54,90,12.5,161,298.15,1027,918.84,2,54
CP II 40,25,31.6,0.54,100,12.5,167,309.26,1021,899.37,2,54
CP II 40,25,31.6,0.54,110,12.5,173,320.37,1015,879.9,2,54
CP II 40,25,31.6,0.54,120,12.5,180,333.33,1006,859.1,2,54
CP II 40,25,31.6,0.54,130,12.5,186,344.44,999,840.59,2,54
CP II 40,25,31.6,0.54,140,12.5,192,355.56,992,822.08,2,54
CP II 40,25,31.6,0.54,70,19,142,262.96,1050,976.66,2,54
CP II 40,25,31.6,0.54,80,19,149,275.93,1041,955.86,2,54
CP II 40,25,31.6,0.54,90,19,156,288.89,1033,934.11,2,54
CP II 40,25,31.6,0.54,100,19,163,301.85,1026,911.39,2,54
CP II 40,25,31.6,0.54,110,19,169,312.96,1018,893.84,2,54
CP II 40,25,31.6,0.54,120,19,176,325.93,1010,872.08,2,54
CP II 40,25,31.6,0.54,130,19,183,338.89,1002,850.32,2,54
CP II 40,25,31.6,0.54,140,19,190,351.85,995,827.61,2,54
CP II 40,25,31.6,0.54,70,25,133,246.3,1060,1004.91,2,54
CP II 40,25,31.6,0.54,80,25,140,259.26,1052,983.15,2,54
CP II 40,25,31.6,0.54,90,25,148,274.07,1042,959.11,2,54
CP II 40,25,31.6,0.54,100,25,155,287.04,1035,936.4,2,54
CP II 40,25,31.6,0.54,110,25,163,301.85,1026,911.39,2,54
CP II 40,25,31.6,0.54,120,25,170,314.81,1017,890.59,2,54
CP II 40,25,31.6,0.54,130,25,178,329.63,1008,865.59,2,54
CP II 40,25,31.6,0.54,140,25,185,342.59,1000,843.84,2,54
CP II 40,25,31.6,0.54,70,9.5,160,296.3,1053,898.18,2,53
CP II 40,25,31.6,0.54,80,9.5,165,305.56,1046,883.86,2,53
CP II 40,25,31.6,0.54,90,9.5,170,314.81,1040,868.6,2,53
CP II 40,25,31.6,0.54,100,9.5,175,324.07,1035,852.37,2,53
CP II 40,25,31.6,0.54,110,9.5,180,333.33,1029,837.11,2,53
CP II 40,25,31.6,0.54,120,9.5,185,342.59,1022,822.8,2,53
CP II 40,25,31.6,0.54,130,9.5,190,351.85,1017,806.57,2,53
CP II 40,25,31.6,0.54,140,9.5,195,361.11,1011,791.3,2,53
CP II 40,25,31.6,0.54,70,12.5,148,274.07,1066,936.16,2,53
CP II 40,25,31.6,0.54,80,12.5,155,287.04,1057,915.36,2,53
CP II 40,25,31.6,0.54,90,12.5,161,298.15,1050,896.84,2,53
CP II 40,25,31.6,0.54,100,12.5,167,309.26,1044,877.37,2,53
CP II 40,25,31.6,0.54,110,12.5,173,320.37,1036,859.82,2,53
CP II 40,25,31.6,0.54,120,12.5,180,333.33,1028,838.06,2,53
CP II 40,25,31.6,0.54,130,12.5,186,344.44,1021,819.55,2,53
CP II 40,25,31.6,0.54,140,12.5,192,355.56,1014,801.04,2,53
CP II 40,25,31.6,0.54,70,19,142,262.96,1073,954.67,2,53
CP II 40,25,31.6,0.54,80,19,149,275.93,1065,932.91,2,53
CP II 40,25,31.6,0.54,90,19,156,288.89,1056,912.11,2,53
CP II 40,25,31.6,0.54,100,19,163,301.85,1047.67,890.67,2,53
CP II 40,25,31.6,0.54,110,19,169,312.96,1041,871.84,2,53
CP II 40,25,31.6,0.54,120,19,176,325.93,1033,850.09,2,53
CP II 40,25,31.6,0.54,130,19,183,338.89,1025,828.33,2,53
CP II 40,25,31.6,0.54,140,19,190,351.85,1017,806.57,2,53
CP II 40,25,31.6,0.54,70,25,133,246.3,1084,981.96,2,53
CP II 40,25,31.6,0.54,80,25,140,259.26,1074,962.11,2,53
CP II 40,25,31.6,0.54,90,25,148,274.07,1066,936.16,2,53
CP II 40,25,31.6,0.54,100,25,155,287.04,1056.67,915.67,2,53
CP II 40,25,31.6,0.54,110,25,163,301.85,1047.67,890.67,2,53
CP II 40,25,31.6,0.54,120,25,170,314.81,1040,868.6,2,53
CP II 40,25,31.6,0.54,130,25,178,329.63,1032,842.64,2,53
CP II 40,25,31.6,0.54,140,25,185,342.59,1022,822.8,2,53
CP II 40,25,31.6,0.54,70,9.5,160,296.3,1075,877.14,2,52
CP II 40,25,31.6,0.54,80,9.5,165,305.56,1068,862.82,2,52
CP II 40,25,31.6,0.54,90,9.5,170,314.81,1062,847.56,2,52
CP II 40,25,31.6,0.54,100,9.5,175,324.07,1057,831.33,2,52
CP II 40,25,31.6,0.54,110,9.5,180,333.33,1051,816.07,2,52
CP II 40,25,31.6,0.54,120,9.5,185,342.59,1045,800.8,2,52
CP II 40,25,31.6,0.54,130,9.5,190,351.85,1039,785.53,2,52
CP II 40,25,31.6,0.54,140,9.5,195,361.11,1034,769.31,2,52
CP II 40,25,31.6,0.54,70,12.5,148,274.07,1090,913.2,2,52
CP II 40,25,31.6,0.54,80,12.5,155,287.04,1080,893.36,2,52
CP II 40,25,31.6,0.54,90,12.5,161,298.15,1073,874.85,2,52
CP II 40,25,31.6,0.54,100,12.5,167,309.26,1066,856.33,2,52
CP II 40,25,31.6,0.54,110,12.5,173,320.37,1060,836.87,2,52
CP II 40,25,31.6,0.54,120,12.5,180,333.33,1052,815.11,2,52
CP II 40,25,31.6,0.54,130,12.5,186,344.44,1044,797.55,2,52
CP II 40,25,31.6,0.54,140,12.5,192,355.56,1036,780,2,52
CP II 40,25,31.6,0.54,70,19,142,262.96,1096,932.67,2,52
CP II 40,25,31.6,0.54,80,19,149,275.93,1087,911.87,2,52
CP II 40,25,31.6,0.54,90,19,156,288.89,1079,890.11,2,52
CP II 40,25,31.6,0.54,100,19,163,301.85,1070.33,868.99,2,52
CP II 40,25,31.6,0.54,110,19,169,312.96,1064,849.85,2,52
CP II 40,25,31.6,0.54,120,19,176,325.93,1055,829.05,2,52
CP II 40,25,31.6,0.54,130,19,183,338.89,1047,807.29,2,52
CP II 40,25,31.6,0.54,140,19,190,351.85,1039,785.53,2,52
CP II 40,25,31.6,0.54,70,25,133,246.3,1106,960.92,2,52
CP II 40,25,31.6,0.54,80,25,140,259.26,1098,939.16,2,52
CP II 40,25,31.6,0.54,90,25,148,274.07,1088,915.12,2,52
CP II 40,25,31.6,0.54,100,25,155,287.04,1080,893.36,2,52
CP II 40,25,31.6,0.54,110,25,163,301.85,1070.33,868.99,2,52
CP II 40,25,31.6,0.54,120,25,170,314.81,1063,846.6,2,52
CP II 40,25,31.6,0.54,130,25,178,329.63,1054,821.6,2,52
CP II 40,25,31.6,0.54,140,25,185,342.59,1045,800.8,2,52
CP II 40,25,31.6,0.54,70,9.5,160,296.3,1098,855.14,2,51
CP II 40,25,31.6,0.54,80,9.5,165,305.56,1092,839.87,2,51
CP II 40,25,31.6,0.54,90,9.5,170,314.81,1085,825.56,2,51
CP II 40,25,31.6,0.54,100,9.5,175,324.07,1078.67,810.61,2,51
CP II 40,25,31.6,0.54,110,9.5,180,333.33,1073,795.03,2,51
CP II 40,25,31.6,0.54,120,9.5,185,342.59,1068,778.8,2,51
CP II 40,25,31.6,0.54,130,9.5,190,351.85,1061,764.49,2,51
CP II 40,25,31.6,0.54,140,9.5,195,361.11,1055,749.22,2,51
CP II 40,25,31.6,0.54,70,12.5,148,274.07,1111,893.12,2,51
CP II 40,25,31.6,0.54,80,12.5,155,287.04,1103,871.36,2,51
CP II 40,25,31.6,0.54,90,12.5,161,298.15,1097,851.89,2,51
CP II 40,25,31.6,0.54,100,12.5,167,309.26,1089.67,833.7,2,51
CP II 40,25,31.6,0.54,110,12.5,173,320.37,1082.67,815.19,2,51
CP II 40,25,31.6,0.54,120,12.5,180,333.33,1074,794.07,2,51
CP II 40,25,31.6,0.54,130,12.5,186,344.44,1067,775.56,2,51
CP II 40,25,31.6,0.54,140,12.5,192,355.56,1060,757.05,2,51
CP II 40,25,31.6,0.54,70,19,142,262.96,1120,909.72,2,51
CP II 40,25,31.6,0.54,80,19,149,275.93,1110,889.87,2,51
CP II 40,25,31.6,0.54,90,19,156,288.89,1102,868.12,2,51
CP II 40,25,31.6,0.54,100,19,163,301.85,1095,845.4,2,51
CP II 40,25,31.6,0.54,110,19,169,312.96,1086,828.81,2,51
CP II 40,25,31.6,0.54,120,19,176,325.93,1078,807.05,2,51
CP II 40,25,31.6,0.54,130,19,183,338.89,1069,786.25,2,51
CP II 40,25,31.6,0.54,140,19,190,351.85,1061,764.49,2,51
CP II 40,25,31.6,0.54,70,25,133,246.3,1131,937.01,2,51
CP II 40,25,31.6,0.54,80,25,140,259.26,1122,916.21,2,51
CP II 40,25,31.6,0.54,90,25,148,274.07,1113,891.21,2,51
CP II 40,25,31.6,0.54,100,25,155,287.04,1104,870.41,2,51
CP II 40,25,31.6,0.54,110,25,163,301.85,1095,845.4,2,51
CP II 40,25,31.6,0.54,120,25,170,314.81,1086,824.6,2,51
CP II 40,25,31.6,0.54,130,25,178,329.63,1077,799.6,2,51
CP II 40,25,31.6,0.54,140,25,185,342.59,1068,778.8,2,51
CP II 40,25,31.6,0.54,70,9.5,160,296.3,1120,834.1,2,50
CP II 40,25,31.6,0.54,80,9.5,165,305.56,1114,818.83,2,50
CP II 40,25,31.6,0.54,90,9.5,170,314.81,1108,803.56,2,50
CP II 40,25,31.6,0.54,100,9.5,175,324.07,1102,788.3,2,50
CP II 40,25,31.6,0.54,110,9.5,180,333.33,1096,773.03,2,50
CP II 40,25,31.6,0.54,120,9.5,185,342.59,1090,757.76,2,50
CP II 40,25,31.6,0.54,130,9.5,190,351.85,1084,742.5,2,50
CP II 40,25,31.6,0.54,140,9.5,195,361.11,1078,727.23,2,50
CP II 40,25,31.6,0.54,70,12.5,148,274.07,1136,869.21,2,50
CP II 40,25,31.6,0.54,80,12.5,155,287.04,1127,848.41,2,50
CP II 40,25,31.6,0.54,90,12.5,161,298.15,1120,829.9,2,50
CP II 40,25,31.6,0.54,100,12.5,167,309.26,1112,812.34,2,50
CP II 40,25,31.6,0.54,110,12.5,173,320.37,1104,794.79,2,50
CP II 40,25,31.6,0.54,120,12.5,180,333.33,1097,772.07,2,50
CP II 40,25,31.6,0.54,130,12.5,186,344.44,1088,755.47,2,50
CP II 40,25,31.6,0.54,140,12.5,192,355.56,1082,736.01,2,50
CP II 40,25,31.6,0.54,70,19,142,262.96,1143,887.72,2,50
CP II 40,25,31.6,0.54,80,19,149,275.93,1135,865.97,2,50
CP II 40,25,31.6,0.54,90,19,156,288.89,1126,845.16,2,50
CP II 40,25,31.6,0.54,100,19,163,301.85,1117.67,823.73,2,50
CP II 40,25,31.6,0.54,110,19,169,312.96,1109.17,806.65,2,50
CP II 40,25,31.6,0.54,120,19,176,325.93,1100.67,785.37,2,50
CP II 40,25,31.6,0.54,130,19,183,338.89,1092.17,764.09,2,50
CP II 40,25,31.6,0.54,140,19,190,351.85,1083.67,742.81,2,50
CP II 40,25,31.6,0.54,70,25,133,246.3,1153,915.97,2,50
CP II 40,25,31.6,0.54,80,25,140,259.26,1145,894.21,2,50
CP II 40,25,31.6,0.54,90,25,148,274.07,1136,869.21,2,50
CP II 40,25,31.6,0.54,100,25,155,287.04,1127.67,847.77,2,50
CP II 40,25,31.6,0.54,110,25,163,301.85,1118,823.41,2,50
CP II 40,25,31.6,0.54,120,25,170,314.81,1108,803.56,2,50
CP II 40,25,31.6,0.54,130,25,178,329.63,1098,779.52,2,50
CP II 40,25,31.6,0.54,140,25,185,342.59,1090,757.76,2,50
CP II 40,25,31.6,0.54,70,9.5,160,296.3,1143,812.1,2,49
CP II 40,25,31.6,0.54,80,9.5,165,305.56,1138,795.88,2,49
CP II 40,25,31.6,0.54,90,9.5,170,314.81,1131,781.57,2,49
CP II 40,25,31.6,0.54,100,9.5,175,324.07,1125.33,765.98,2,49
CP II 40,25,31.6,0.54,110,9.5,180,333.33,1119.33,750.71,2,49
CP II 40,25,31.6,0.54,120,9.5,185,342.59,1111,737.68,2,49
CP II 40,25,31.6,0.54,130,9.5,190,351.85,1105,722.41,2,49
CP II 40,25,31.6,0.54,140,9.5,195,361.11,1099,707.14,2,49
CP II 40,25,31.6,0.54,70,12.5,148,274.07,1158,848.17,2,49
CP II 40,25,31.6,0.54,80,12.5,155,287.04,1150,826.41,2,49
CP II 40,25,31.6,0.54,90,12.5,161,298.15,1142,808.86,2,49
CP II 40,25,31.6,0.54,100,12.5,167,309.26,1134,791.3,2,49
CP II 40,25,31.6,0.54,110,12.5,173,320.37,1128,771.83,2,49
CP II 40,25,31.6,0.54,120,12.5,180,333.33,1118,751.99,2,49
CP II 40,25,31.6,0.54,130,12.5,186,344.44,1110,734.43,2,49
CP II 40,25,31.6,0.54,140,12.5,192,355.56,1104,714.97,2,49
CP II 40,25,31.6,0.54,70,19,142,262.96,1165,866.68,2,49
CP II 40,25,31.6,0.54,80,19,149,275.93,1158,843.97,2,49
CP II 40,25,31.6,0.54,90,19,156,288.89,1148,824.12,2,49
CP II 40,25,31.6,0.54,100,19,163,301.85,1140,802.37,2,49
CP II 40,25,31.6,0.54,110,19,169,312.96,1131.5,785.29,2,49
CP II 40,25,31.6,0.54,120,19,176,325.93,1123,764.01,2,49
CP II 40,25,31.6,0.54,130,19,183,338.89,1114.5,742.73,2,49
CP II 40,25,31.6,0.54,140,19,190,351.85,1106,721.46,2,49
CP II 40,25,31.6,0.54,70,25,133,246.3,1177,893.02,2,49
CP II 40,25,31.6,0.54,80,25,140,259.26,1169,871.26,2,49
CP II 40,25,31.6,0.54,90,25,148,274.07,1158,848.17,2,49
CP II 40,25,31.6,0.54,100,25,155,287.04,1149,827.37,2,49
CP II 40,25,31.6,0.54,110,25,163,301.85,1139.5,802.85,2,49
CP II 40,25,31.6,0.54,120,25,170,314.81,1130,782.52,2,49
CP II 40,25,31.6,0.54,130,25,178,329.63,1120.5,758,2,49
CP II 40,25,31.6,0.54,140,25,185,342.59,1111,737.68,2,49
CP II 40,25,31.6,0.54,70,9.5,160,296.3,1167,789.15,2,48
CP II 40,25,31.6,0.54,80,9.5,165,305.56,1160,774.84,2,48
CP II 40,25,31.6,0.54,90,9.5,170,314.81,1153,760.53,2,48
CP II 40,25,31.6,0.54,100,9.5,175,324.07,1148,744.3,2,48
CP II 40,25,31.6,0.54,110,9.5,180,333.33,1141,729.99,2,48
CP II 40,25,31.6,0.54,120,9.5,185,342.59,1134,715.68,2,48
CP II 40,25,31.6,0.54,130,9.5,190,351.85,1127,701.37,2,48
CP II 40,25,31.6,0.54,140,9.5,195,361.11,1122,685.15,2,48
CP II 40,25,31.6,0.54,70,12.5,148,274.07,1182,825.22,2,48
CP II 40,25,31.6,0.54,80,12.5,155,287.04,1174,803.46,2,48
CP II 40,25,31.6,0.54,90,12.5,161,298.15,1164,787.82,2,48
CP II 40,25,31.6,0.54,100,12.5,167,309.26,1157,769.31,2,48
CP II 40,25,31.6,0.54,110,12.5,173,320.37,1149,751.75,2,48
CP II 40,25,31.6,0.54,120,12.5,180,333.33,1140,730.95,2,48
CP II 40,25,31.6,0.54,130,12.5,186,344.44,1132,713.39,2,48
CP II 40,25,31.6,0.54,140,12.5,192,355.56,1125,694.88,2,48
CP II 40,25,31.6,0.54,70,19,142,262.96,1190,842.77,2,48
CP II 40,25,31.6,0.54,80,19,149,275.93,1180,822.93,2,48
CP II 40,25,31.6,0.54,90,19,156,288.89,1172,801.17,2,48
CP II 40,25,31.6,0.54,100,19,163,301.85,1162.67,780.69,2,48
CP II 40,25,31.6,0.54,110,19,169,312.96,1156,761.86,2,48
CP II 40,25,31.6,0.54,120,19,176,325.93,1147,741.06,2,48
CP II 40,25,31.6,0.54,130,19,183,338.89,1138,720.26,2,48
CP II 40,25,31.6,0.54,140,19,190,351.85,1129,699.46,2,48
CP II 40,25,31.6,0.54,70,25,133,246.3,1200,871.02,2,48
CP II 40,25,31.6,0.54,80,25,140,259.26,1192,849.26,2,48
CP II 40,25,31.6,0.54,90,25,148,274.07,1182,825.22,2,48
CP II 40,25,31.6,0.54,100,25,155,287.04,1173.33,804.1,2,48
CP II 40,25,31.6,0.54,110,25,163,301.85,1162,781.33,2,48
CP II 40,25,31.6,0.54,120,25,170,314.81,1153,760.53,2,48
CP II 40,25,31.6,0.54,130,25,178,329.63,1144,735.53,2,48
CP II 40,25,31.6,0.54,140,25,185,342.59,1135,714.73,2,48
CP II 40,25,31.6,0.54,70,9.5,160,296.3,1189,768.11,2,47
CP II 40,25,31.6,0.54,80,9.5,165,305.56,1183,752.84,2,47
CP II 40,25,31.6,0.54,90,9.5,170,314.81,1177,737.58,2,47
CP II 40,25,31.6,0.54,100,9.5,175,324.07,1169,724.22,2,47
CP II 40,25,31.6,0.54,110,9.5,180,333.33,1163,708.95,2,47
CP II 40,25,31.6,0.54,120,9.5,185,342.59,1157,693.69,2,47
CP II 40,25,31.6,0.54,130,9.5,190,351.85,1151,678.42,2,47
CP II 40,25,31.6,0.54,140,9.5,195,361.11,1144,664.11,2,47
CP II 40,25,31.6,0.54,70,12.5,148,274.07,1204,804.18,2,47
CP II 40,25,31.6,0.54,80,12.5,155,287.04,1196,782.42,2,47
CP II 40,25,31.6,0.54,90,12.5,161,298.15,1188,764.86,2,47
CP II 40,25,31.6,0.54,100,12.5,167,309.26,1180,747.31,2,47
CP II 40,25,31.6,0.54,110,12.5,173,320.37,1172,729.75,2,47
CP II 40,25,31.6,0.54,120,12.5,180,333.33,1164,708,2,47
CP II 40,25,31.6,0.54,130,12.5,186,344.44,1156,690.44,2,47
CP II 40,25,31.6,0.54,140,12.5,192,355.56,1148,672.89,2,47
CP II 40,25,31.6,0.54,70,19,142,262.96,1212,821.73,2,47
CP II 40,25,31.6,0.54,80,19,149,275.93,1204,799.98,2,47
CP II 40,25,31.6,0.54,90,19,156,288.89,1194,780.13,2,47
CP II 40,25,31.6,0.54,100,19,163,301.85,1185.33,759.01,2,47
CP II 40,25,31.6,0.54,110,19,169,312.96,1178,740.82,2,47
CP II 40,25,31.6,0.54,120,19,176,325.93,1169,720.02,2,47
CP II 40,25,31.6,0.54,130,19,183,338.89,1158.33,700.81,2,47
CP II 40,25,31.6,0.54,140,19,190,351.85,1149.33,680.01,2,47
CP II 40,25,31.6,0.54,70,25,133,246.3,1224,848.07,2,47
CP II 40,25,31.6,0.54,80,25,140,259.26,1216,826.31,2,47
CP II 40,25,31.6,0.54,90,25,148,274.07,1206,802.26,2,47
CP II 40,25,31.6,0.54,100,25,155,287.04,1195,783.38,2,47
CP II 40,25,31.6,0.54,110,25,163,301.85,1186,758.38,2,47
CP II 40,25,31.6,0.54,120,25,170,314.81,1177,737.58,2,47
CP II 40,25,31.6,0.54,130,25,178,329.63,1165,715.44,2,47
CP II 40,25,31.6,0.54,140,25,185,342.59,1157,693.69,2,47
CP II 40,25,31.6,0.54,70,9.5,160,296.3,1212,746.11,2,46
CP II 40,25,31.6,0.54,80,9.5,165,305.56,1206,730.85,2,46
CP II 40,25,31.6,0.54,90,9.5,170,314.81,1200,715.58,2,46
CP II 40,25,31.6,0.54,100,9.5,175,324.07,1192,702.22,2,46
CP II 40,25,31.6,0.54,110,9.5,180,333.33,1186,686.96,2,46
CP II 40,25,31.6,0.54,120,9.5,185,342.59,1180,671.69,2,46
CP II 40,25,31.6,0.54,130,9.5,190,351.85,1172,658.34,2,46
CP II 40,25,31.6,0.54,140,9.5,195,361.11,1166,643.07,2,46
CP II 40,25,31.6,0.54,70,12.5,148,274.07,1228,781.22,2,46
CP II 40,25,31.6,0.54,80,12.5,155,287.04,1220,759.47,2,46
CP II 40,25,31.6,0.54,90,12.5,161,298.15,1212,741.91,2,46
CP II 40,25,31.6,0.54,100,12.5,167,309.26,1204,724.36,2,46
CP II 40,25,31.6,0.54,110,12.5,173,320.37,1196,706.8,2,46
CP II 40,25,31.6,0.54,120,12.5,180,333.33,1186,686.96,2,46
CP II 40,25,31.6,0.54,130,12.5,186,344.44,1178,669.4,2,46
CP II 40,25,31.6,0.54,140,12.5,192,355.56,1170,651.85,2,46
CP II 40,25,31.6,0.54,70,19,142,262.96,1236,798.78,2,46
CP II 40,25,31.6,0.54,80,19,149,275.93,1228,777.02,2,46
CP II 40,25,31.6,0.54,90,19,156,288.89,1218,757.18,2,46
CP II 40,25,31.6,0.54,100,19,163,301.85,1209.33,736.06,2,46
CP II 40,25,31.6,0.54,110,19,169,312.96,1200.33,719.46,2,46
CP II 40,25,31.6,0.54,120,19,176,325.93,1191.33,698.66,2,46
CP II 40,25,31.6,0.54,130,19,183,338.89,1182.33,677.86,2,46
CP II 40,25,31.6,0.54,140,19,190,351.85,1173.33,657.06,2,46
CP II 40,25,31.6,0.54,70,25,133,246.3,1248,825.11,2,46
CP II 40,25,31.6,0.54,80,25,140,259.26,1240,803.36,2,46
CP II 40,25,31.6,0.54,90,25,148,274.07,1228,781.22,2,46
CP II 40,25,31.6,0.54,100,25,155,287.04,1218.67,760.74,2,46
CP II 40,25,31.6,0.54,110,25,163,301.85,1208.67,736.7,2,46
CP II 40,25,31.6,0.54,120,25,170,314.81,1198.67,716.85,2,46
CP II 40,25,31.6,0.54,130,25,178,329.63,1188.67,692.81,2,46
CP II 40,25,31.6,0.54,140,25,185,342.59,1178.67,672.96,2,46
CP II 40,25,31.6,0.54,70,9.5,160,296.3,1236,723.16,2,45
CP II 40,25,31.6,0.54,80,9.5,165,305.56,1228,709.81,2,45
CP II 40,25,31.6,0.54,90,9.5,170,314.81,1222,694.54,2,45
CP II 40,25,31.6,0.54,100,9.5,175,324.07,1214.67,680.55,2,45
CP II 40,25,31.6,0.54,110,9.5,180,333.33,1207.67,666.24,2,45
CP II 40,25,31.6,0.54,120,9.5,185,342.59,1200.67,651.92,2,45
CP II 40,25,31.6,0.54,130,9.5,190,351.85,1193.67,637.61,2,45
CP II 40,25,31.6,0.54,140,9.5,195,361.11,1188,622.03,2,45
CP II 40,25,31.6,0.54,70,12.5,148,274.07,1252,758.27,2,45
CP II 40,25,31.6,0.54,80,12.5,155,287.04,1242,738.43,2,45
CP II 40,25,31.6,0.54,90,12.5,161,298.15,1234,720.87,2,45
CP II 40,25,31.6,0.54,100,12.5,167,309.26,1226,703.32,2,45
CP II 40,25,31.6,0.54,110,12.5,173,320.37,1218,685.76,2,45
CP II 40,25,31.6,0.54,120,12.5,180,333.33,1209,664.96,2,45
CP II 40,25,31.6,0.54,130,12.5,186,344.44,1200,648.36,2,45
CP II 40,25,31.6,0.54,140,12.5,192,355.56,1191,631.76,2,45
CP II 40,25,31.6,0.54,70,19,142,262.96,1259,776.78,2,45
CP II 40,25,31.6,0.54,80,19,149,275.93,1250,755.98,2,45
CP II 40,25,31.6,0.54,90,19,156,288.89,1241,735.18,2,45
CP II 40,25,31.6,0.54,100,19,163,301.85,1232,714.38,2,45
CP II 40,25,31.6,0.54,110,19,169,312.96,1223,697.78,2,45
CP II 40,25,31.6,0.54,120,19,176,325.93,1214,676.98,2,45
CP II 40,25,31.6,0.54,130,19,183,338.89,1205,656.18,2,45
CP II 40,25,31.6,0.54,140,19,190,351.85,1194,637.3,2,45
CP II 40,25,31.6,0.54,70,25,133,246.3,1272,802.16,2,45
CP II 40,25,31.6,0.54,80,25,140,259.26,1262,782.32,2,45
CP II 40,25,31.6,0.54,90,25,148,274.07,1252,758.27,2,45
CP II 40,25,31.6,0.54,100,25,155,287.04,1242,738.43,2,45
CP II 40,25,31.6,0.54,110,25,163,301.85,1232,714.38,2,45
CP II 40,25,31.6,0.54,120,25,170,314.81,1222,694.54,2,45
CP II 40,25,31.6,0.54,130,25,178,329.63,1212,670.49,2,45
CP II 40,25,31.6,0.54,140,25,185,342.59,1202,650.65,2,45
CP II 40,30,36.6,0.48,70,9.5,160,333.33,898,1014.99,2,60
CP II 40,30,36.6,0.48,80,9.5,165,343.75,892,998.74,2,60
CP II 40,30,36.6,0.48,90,9.5,170,354.17,888,980.58,2,60
CP II 40,30,36.6,0.48,100,9.5,175,364.58,882.67,963.69,2,60
CP II 40,30,36.6,0.48,110,9.5,180,375,877.67,946.49,2,60
CP II 40,30,36.6,0.48,120,9.5,185,385.42,872.67,929.28,2,60
CP II 40,30,36.6,0.48,130,9.5,190,395.83,867.67,912.08,2,60
CP II 40,30,36.6,0.48,140,9.5,195,406.25,862.67,894.87,2,60
CP II 40,30,36.6,0.48,70,12.5,148,308.33,910,1056.28,2,60
CP II 40,30,36.6,0.48,80,12.5,155,322.92,903,1032.2,2,60
CP II 40,30,36.6,0.48,90,12.5,161,335.42,896,1012.51,2,60
CP II 40,30,36.6,0.48,100,12.5,167,347.92,891,990.9,2,60
CP II 40,30,36.6,0.48,110,12.5,173,360.42,884,971.21,2,60
CP II 40,30,36.6,0.48,120,12.5,180,375,877,947.12,2,60
CP II 40,30,36.6,0.48,130,12.5,186,387.5,871,926.48,2,60
CP II 40,30,36.6,0.48,140,12.5,192,400,867,903.92,2,60
CP II 40,30,36.6,0.48,70,19,142,295.83,915,1077.89,2,60
CP II 40,30,36.6,0.48,80,19,149,310.42,909,1052.84,2,60
CP II 40,30,36.6,0.48,90,19,156,325,901,1029.71,2,60
CP II 40,30,36.6,0.48,100,19,163,339.58,894.33,1005.3,2,60
CP II 40,30,36.6,0.48,110,19,169,352.08,889,984.02,2,60
CP II 40,30,36.6,0.48,120,19,176,366.67,882,959.93,2,60
CP II 40,30,36.6,0.48,130,19,183,381.25,875,935.84,2,60
CP II 40,30,36.6,0.48,140,19,190,395.83,868,911.76,2,60
CP II 40,30,36.6,0.48,70,25,133,277.08,925,1107.9,2,60
CP II 40,30,36.6,0.48,80,25,140,291.67,917,1084.77,2,60
CP II 40,30,36.6,0.48,90,25,148,308.33,909,1057.24,2,60
CP II 40,30,36.6,0.48,100,25,155,322.92,903,1032.2,2,60
CP II 40,30,36.6,0.48,110,25,163,339.58,895,1004.67,2,60
CP II 40,30,36.6,0.48,120,25,170,354.17,887,981.54,2,60
CP II 40,30,36.6,0.48,130,25,178,370.83,879,954.01,2,60
CP II 40,30,36.6,0.48,140,25,185,385.42,873,928.96,2,60
CP II 40,30,36.6,0.48,70,9.5,160,333.33,920,993.95,2,59
CP II 40,30,36.6,0.48,80,9.5,165,343.75,915,976.74,2,59
CP II 40,30,36.6,0.48,90,9.5,170,354.17,910,959.54,2,59
CP II 40,30,36.6,0.48,100,9.5,175,364.58,905,942.33,2,59
CP II 40,30,36.6,0.48,110,9.5,180,375,900,925.13,2,59
CP II 40,30,36.6,0.48,120,9.5,185,385.42,895,907.92,2,59
CP II 40,30,36.6,0.48,130,9.5,190,395.83,890,890.72,2,59
CP II 40,30,36.6,0.48,140,9.5,195,406.25,885,873.51,2,59
CP II 40,30,36.6,0.48,70,12.5,148,308.33,933,1034.29,2,59
CP II 40,30,36.6,0.48,80,12.5,155,322.92,925,1011.16,2,59
CP II 40,30,36.6,0.48,90,12.5,161,335.42,919,990.51,2,59
CP II 40,30,36.6,0.48,100,12.5,167,347.92,914,968.91,2,59
CP II 40,30,36.6,0.48,110,12.5,173,360.42,907,949.22,2,59
CP II 40,30,36.6,0.48,120,12.5,180,375,901,924.17,2,59
CP II 40,30,36.6,0.48,130,12.5,186,387.5,893,905.44,2,59
CP II 40,30,36.6,0.48,140,12.5,192,400,887,884.79,2,59
CP II 40,30,36.6,0.48,70,19,142,295.83,939,1054.93,2,59
CP II 40,30,36.6,0.48,80,19,149,310.42,931,1031.8,2,59
CP II 40,30,36.6,0.48,90,19,156,325,925,1006.76,2,59
CP II 40,30,36.6,0.48,100,19,163,339.58,917.67,982.99,2,59
CP II 40,30,36.6,0.48,110,19,169,352.08,910.67,963.3,2,59
CP II 40,30,36.6,0.48,120,19,176,366.67,903.67,939.21,2,59
CP II 40,30,36.6,0.48,130,19,183,381.25,896.67,915.12,2,59
CP II 40,30,36.6,0.48,140,19,190,395.83,889.67,891.04,2,59
CP II 40,30,36.6,0.48,70,25,133,277.08,947,1086.86,2,59
CP II 40,30,36.6,0.48,80,25,140,291.67,941,1061.82,2,59
CP II 40,30,36.6,0.48,90,25,148,308.33,933,1034.29,2,59
CP II 40,30,36.6,0.48,100,25,155,322.92,926.33,1009.88,2,59
CP II 40,30,36.6,0.48,110,25,163,339.58,918,982.67,2,59
CP II 40,30,36.6,0.48,120,25,170,354.17,910,959.54,2,59
CP II 40,30,36.6,0.48,130,25,178,370.83,903,931.05,2,59
CP II 40,30,36.6,0.48,140,25,185,385.42,895,907.92,2,59
CP II 40,30,36.6,0.48,70,9.5,160,333.33,943,971.95,2,58
CP II 40,30,36.6,0.48,80,9.5,165,343.75,937,955.7,2,58
CP II 40,30,36.6,0.48,90,9.5,170,354.17,933,937.54,2,58
CP II 40,30,36.6,0.48,100,9.5,175,364.58,927.67,920.66,2,58
CP II 40,30,36.6,0.48,110,9.5,180,375,922.67,903.45,2,58
CP II 40,30,36.6,0.48,120,9.5,185,385.42,917.67,886.24,2,58
CP II 40,30,36.6,0.48,130,9.5,190,395.83,912.67,869.04,2,58
CP II 40,30,36.6,0.48,140,9.5,195,406.25,907.67,851.83,2,58
CP II 40,30,36.6,0.48,70,12.5,148,308.33,956,1012.29,2,58
CP II 40,30,36.6,0.48,80,12.5,155,322.92,947,990.12,2,58
CP II 40,30,36.6,0.48,90,12.5,161,335.42,941,969.47,2,58
CP II 40,30,36.6,0.48,100,12.5,167,347.92,935,948.82,2,58
CP II 40,30,36.6,0.48,110,12.5,173,360.42,929,928.18,2,58
CP II 40,30,36.6,0.48,120,12.5,180,375,922,904.09,2,58
CP II 40,30,36.6,0.48,130,12.5,186,387.5,917,882.48,2,58
CP II 40,30,36.6,0.48,140,12.5,192,400,910,862.79,2,58
CP II 40,30,36.6,0.48,70,19,142,295.83,962,1032.94,2,58
CP II 40,30,36.6,0.48,80,19,149,310.42,955,1008.85,2,58
CP II 40,30,36.6,0.48,90,19,156,325,947,985.72,2,58
CP II 40,30,36.6,0.48,100,19,163,339.58,939.67,961.95,2,58
CP II 40,30,36.6,0.48,110,19,169,352.08,934,940.98,2,58
CP II 40,30,36.6,0.48,120,19,176,366.67,927,916.9,2,58
CP II 40,30,36.6,0.48,130,19,183,381.25,919,893.76,2,58
CP II 40,30,36.6,0.48,140,19,190,395.83,912,869.68,2,58
CP II 40,30,36.6,0.48,70,25,133,277.08,970,1064.86,2,58
CP II 40,30,36.6,0.48,80,25,140,291.67,963,1040.78,2,58
CP II 40,30,36.6,0.48,90,25,148,308.33,955,1013.25,2,58
CP II 40,30,36.6,0.48,100,25,155,322.92,947.67,989.48,2,58
CP II 40,30,36.6,0.48,110,25,163,339.58,940.17,961.47,2,58
CP II 40,30,36.6,0.48,120,25,170,354.17,932.67,937.86,2,58
CP II 40,30,36.6,0.48,130,25,178,370.83,925.17,909.85,2,58
CP II 40,30,36.6,0.48,140,25,185,385.42,917.67,886.24,2,58
CP II 40,30,36.6,0.48,70,9.5,160,333.33,966,949.96,2,57
CP II 40,30,36.6,0.48,80,9.5,165,343.75,960,933.71,2,57
CP II 40,30,36.6,0.48,90,9.5,170,354.17,955,916.5,2,57
CP II 40,30,36.6,0.48,100,9.5,175,364.58,949.33,899.93,2,57
CP II 40,30,36.6,0.48,110,9.5,180,375,943.83,883.21,2,57
CP II 40,30,36.6,0.48,120,9.5,185,385.42,938.33,866.48,2,57
CP II 40,30,36.6,0.48,130,9.5,190,395.83,935,847.68,2,57
CP II 40,30,36.6,0.48,140,9.5,195,406.25,929,831.43,2,57
CP II 40,30,36.6,0.48,70,12.5,148,308.33,978,991.25,2,57
CP II 40,30,36.6,0.48,80,12.5,155,322.92,972,966.21,2,57
CP II 40,30,36.6,0.48,90,12.5,161,335.42,965,946.52,2,57
CP II 40,30,36.6,0.48,100,12.5,167,347.92,958.67,926.19,2,57
CP II 40,30,36.6,0.48,110,12.5,173,360.42,952.17,906.02,2,57
CP II 40,30,36.6,0.48,120,12.5,180,375,945.67,881.45,2,57
CP II 40,30,36.6,0.48,130,12.5,186,387.5,939.17,861.29,2,57
CP II 40,30,36.6,0.48,140,12.5,192,400,932.67,841.12,2,57
CP II 40,30,36.6,0.48,70,19,142,295.83,985,1010.94,2,57
CP II 40,30,36.6,0.48,80,19,149,310.42,978,986.85,2,57
CP II 40,30,36.6,0.48,90,19,156,325,970,963.72,2,57
CP II 40,30,36.6,0.48,100,19,163,339.58,962.67,939.95,2,57
CP II 40,30,36.6,0.48,110,19,169,352.08,955.17,920.74,2,57
CP II 40,30,36.6,0.48,120,19,176,366.67,949,895.86,2,57
CP II 40,30,36.6,0.48,130,19,183,381.25,942,871.77,2,57
CP II 40,30,36.6,0.48,140,19,190,395.83,935,847.68,2,57
CP II 40,30,36.6,0.48,70,25,133,277.08,995,1040.95,2,57
CP II 40,30,36.6,0.48,80,25,140,291.67,987,1017.82,2,57
CP II 40,30,36.6,0.48,90,25,148,308.33,979,990.29,2,57
CP II 40,30,36.6,0.48,100,25,155,322.92,971,967.16,2,57
CP II 40,30,36.6,0.48,110,25,163,339.58,963,939.63,2,57
CP II 40,30,36.6,0.48,120,25,170,354.17,955,916.5,2,57
CP II 40,30,36.6,0.48,130,25,178,370.83,947,888.97,2,57
CP II 40,30,36.6,0.48,140,25,185,385.42,939,865.84,2,57
CP II 40,30,36.6,0.48,70,9.5,160,333.33,989,927.96,2,56
CP II 40,30,36.6,0.48,80,9.5,165,343.75,982,912.67,2,56
CP II 40,30,36.6,0.48,90,9.5,170,354.17,977,895.46,2,56
CP II 40,30,36.6,0.48,100,9.5,175,364.58,973,877.3,2,56
CP II 40,30,36.6,0.48,110,9.5,180,375,967,861.05,2,56
CP II 40,30,36.6,0.48,120,9.5,185,385.42,961,844.8,2,56
CP II 40,30,36.6,0.48,130,9.5,190,395.83,956,827.6,2,56
CP II 40,30,36.6,0.48,140,9.5,195,406.25,950,811.35,2,56
CP II 40,30,36.6,0.48,70,12.5,148,308.33,1002,968.3,2,56
CP II 40,30,36.6,0.48,80,12.5,155,322.92,993,946.12,2,56
CP II 40,30,36.6,0.48,90,12.5,161,335.42,988,924.52,2,56
CP II 40,30,36.6,0.48,100,12.5,167,347.92,980.33,905.47,2,56
CP II 40,30,36.6,0.48,110,12.5,173,360.42,973.33,885.78,2,56
CP II 40,30,36.6,0.48,120,12.5,180,375,966.33,861.69,2,56
CP II 40,30,36.6,0.48,130,12.5,186,387.5,959.33,842,2,56
CP II 40,30,36.6,0.48,140,12.5,192,400,953,821.67,2,56
CP II 40,30,36.6,0.48,70,19,142,295.83,1008,988.94,2,56
CP II 40,30,36.6,0.48,80,19,149,310.42,1000,965.81,2,56
CP II 40,30,36.6,0.48,90,19,156,325,992,942.68,2,56
CP II 40,30,36.6,0.48,100,19,163,339.58,986,917.64,2,56
CP II 40,30,36.6,0.48,110,19,169,352.08,978,898.9,2,56
CP II 40,30,36.6,0.48,120,19,176,366.67,971,874.82,2,56
CP II 40,30,36.6,0.48,130,19,183,381.25,963,851.68,2,56
CP II 40,30,36.6,0.48,140,19,190,395.83,955,828.55,2,56
CP II 40,30,36.6,0.48,70,25,133,277.08,1018,1018.96,2,56
CP II 40,30,36.6,0.48,80,25,140,291.67,1010,995.83,2,56
CP II 40,30,36.6,0.48,90,25,148,308.33,1002,968.3,2,56
CP II 40,30,36.6,0.48,100,25,155,322.92,994,945.17,2,56
CP II 40,30,36.6,0.48,110,25,163,339.58,986,917.64,2,56
CP II 40,30,36.6,0.48,120,25,170,354.17,978,894.51,2,56
CP II 40,30,36.6,0.48,130,25,178,370.83,970,866.98,2,56
CP II 40,30,36.6,0.48,140,25,185,385.42,962,843.85,2,56
CP II 40,30,36.6,0.48,70,9.5,160,333.33,1011,906.92,2,55
CP II 40,30,36.6,0.48,80,9.5,165,343.75,1005,890.67,2,55
CP II 40,30,36.6,0.48,90,9.5,170,354.17,1000,873.47,2,55
CP II 40,30,36.6,0.48,100,9.5,175,364.58,994.33,856.9,2,55
CP II 40,30,36.6,0.48,110,9.5,180,375,988.83,840.17,2,55
CP II 40,30,36.6,0.48,120,9.5,185,385.42,983.33,823.44,2,55
CP II 40,30,36.6,0.48,130,9.5,190,395.83,977.83,806.72,2,55
CP II 40,30,36.6,0.48,140,9.5,195,406.25,972.33,789.99,2,55
CP II 40,30,36.6,0.48,70,12.5,148,308.33,1025,946.3,2,55
CP II 40,30,36.6,0.48,80,12.5,155,322.92,1017,923.17,2,55
CP II 40,30,36.6,0.48,90,12.5,161,335.42,1009,904.44,2,55
CP II 40,30,36.6,0.48,100,12.5,167,347.92,1003,883.79,2,55
CP II 40,30,36.6,0.48,110,12.5,173,360.42,998,862.19,2,55
CP II 40,30,36.6,0.48,120,12.5,180,375,990,839.05,2,55
CP II 40,30,36.6,0.48,130,12.5,186,387.5,983,819.36,2,55
CP II 40,30,36.6,0.48,140,12.5,192,400,975,800.63,2,55
CP II 40,30,36.6,0.48,70,19,142,295.83,1031,966.95,2,55
CP II 40,30,36.6,0.48,80,19,149,310.42,1023,943.82,2,55
CP II 40,30,36.6,0.48,90,19,156,325,1015,920.69,2,55
CP II 40,30,36.6,0.48,100,19,163,339.58,1007,897.55,2,55
CP II 40,30,36.6,0.48,110,19,169,352.08,1001,876.91,2,55
CP II 40,30,36.6,0.48,120,19,176,366.67,994,852.82,2,55
CP II 40,30,36.6,0.48,130,19,183,381.25,986,829.69,2,55
CP II 40,30,36.6,0.48,140,19,190,395.83,979,805.6,2,55
CP II 40,30,36.6,0.48,70,25,133,277.08,1040,997.92,2,55
CP II 40,30,36.6,0.48,80,25,140,291.67,1033,973.83,2,55
CP II 40,30,36.6,0.48,90,25,148,308.33,1025,946.3,2,55
CP II 40,30,36.6,0.48,100,25,155,322.92,1017.67,922.53,2,55
CP II 40,30,36.6,0.48,110,25,163,339.58,1008,896.6,2,55
CP II 40,30,36.6,0.48,120,25,170,354.17,1000,873.47,2,55
CP II 40,30,36.6,0.48,130,25,178,370.83,992,845.94,2,55
CP II 40,30,36.6,0.48,140,25,185,385.42,983,823.76,2,55
CP II 40,30,36.6,0.48,70,9.5,160,333.33,1035,883.97,2,54
CP II 40,30,36.6,0.48,80,9.5,165,343.75,1028,868.68,2,54
CP II 40,30,36.6,0.48,90,9.5,170,354.17,1022,852.43,2,54
CP II 40,30,36.6,0.48,100,9.5,175,364.58,1017,835.22,2,54
CP II 40,30,36.6,0.48,110,9.5,180,375,1011,818.97,2,54
CP II 40,30,36.6,0.48,120,9.5,185,385.42,1005,802.72,2,54
CP II 40,30,36.6,0.48,130,9.5,190,395.83,1000,785.52,2,54
CP II 40,30,36.6,0.48,140,9.5,195,406.25,995,768.31,2,54
CP II 40,30,36.6,0.48,70,12.5,148,308.33,1048,924.3,2,54
CP II 40,30,36.6,0.48,80,12.5,155,322.92,1040,901.17,2,54
CP II 40,30,36.6,0.48,90,12.5,161,335.42,1032,882.44,2,54
CP II 40,30,36.6,0.48,100,12.5,167,347.92,1026,861.79,2,54
CP II 40,30,36.6,0.48,110,12.5,173,360.42,1020,841.15,2,54
CP II 40,30,36.6,0.48,120,12.5,180,375,1011,818.97,2,54
CP II 40,30,36.6,0.48,130,12.5,186,387.5,1004,799.28,2,54
CP II 40,30,36.6,0.48,140,12.5,192,400,997,779.59,2,54
CP II 40,30,36.6,0.48,70,19,142,295.83,1055,944,2,54
CP II 40,30,36.6,0.48,80,19,149,310.42,1046,921.82,2,54
CP II 40,30,36.6,0.48,90,19,156,325,1038,898.69,2,54
CP II 40,30,36.6,0.48,100,19,163,339.58,1031,874.6,2,54
CP II 40,30,36.6,0.48,110,19,169,352.08,1023,855.87,2,54
CP II 40,30,36.6,0.48,120,19,176,366.67,1015,832.74,2,54
CP II 40,30,36.6,0.48,130,19,183,381.25,1007,809.6,2,54
CP II 40,30,36.6,0.48,140,19,190,395.83,1000,785.52,2,54
CP II 40,30,36.6,0.48,70,25,133,277.08,1065,974.01,2,54
CP II 40,30,36.6,0.48,80,25,140,291.67,1057,950.88,2,54
CP II 40,30,36.6,0.48,90,25,148,308.33,1047,925.26,2,54
CP II 40,30,36.6,0.48,100,25,155,322.92,1040,901.17,2,54
CP II 40,30,36.6,0.48,110,25,163,339.58,1031,874.6,2,54
CP II 40,30,36.6,0.48,120,25,170,354.17,1022,852.43,2,54
CP II 40,30,36.6,0.48,130,25,178,370.83,1013,825.85,2,54
CP II 40,30,36.6,0.48,140,25,185,385.42,1005,802.72,2,54
CP II 40,30,36.6,0.48,70,9.5,160,333.33,1058,861.97,2,53
CP II 40,30,36.6,0.48,80,9.5,165,343.75,1051,846.68,2,53
CP II 40,30,36.6,0.48,90,9.5,170,354.17,1045,830.43,2,53
CP II 40,30,36.6,0.48,100,9.5,175,364.58,1040,813.22,2,53
CP II 40,30,36.6,0.48,110,9.5,180,375,1034,796.97,2,53
CP II 40,30,36.6,0.48,120,9.5,185,385.42,1027,781.68,2,53
CP II 40,30,36.6,0.48,130,9.5,190,395.83,1022,764.48,2,53
CP II 40,30,36.6,0.48,140,9.5,195,406.25,1016,748.23,2,53
CP II 40,30,36.6,0.48,70,12.5,148,308.33,1071,902.31,2,53
CP II 40,30,36.6,0.48,80,12.5,155,322.92,1062,880.13,2,53
CP II 40,30,36.6,0.48,90,12.5,161,335.42,1055,860.44,2,53
CP II 40,30,36.6,0.48,100,12.5,167,347.92,1049,839.8,2,53
CP II 40,30,36.6,0.48,110,12.5,173,360.42,1041,821.06,2,53
CP II 40,30,36.6,0.48,120,12.5,180,375,1033,797.93,2,53
CP II 40,30,36.6,0.48,130,12.5,186,387.5,1026,778.24,2,53
CP II 40,30,36.6,0.48,140,12.5,192,400,1019,758.55,2,53
CP II 40,30,36.6,0.48,70,19,142,295.83,1078,922,2,53
CP II 40,30,36.6,0.48,80,19,149,310.42,1070,898.87,2,53
CP II 40,30,36.6,0.48,90,19,156,325,1061,876.69,2,53
CP II 40,30,36.6,0.48,100,19,163,339.58,1052.67,853.88,2,53
CP II 40,30,36.6,0.48,110,19,169,352.08,1046,833.87,2,53
CP II 40,30,36.6,0.48,120,19,176,366.67,1038,810.74,2,53
CP II 40,30,36.6,0.48,130,19,183,381.25,1030,787.61,2,53
CP II 40,30,36.6,0.48,140,19,190,395.83,1022,764.48,2,53
CP II 40,30,36.6,0.48,70,25,133,277.08,1089,951.06,2,53
CP II 40,30,36.6,0.48,80,25,140,291.67,1079,929.84,2,53
CP II 40,30,36.6,0.48,90,25,148,308.33,1071,902.31,2,53
CP II 40,30,36.6,0.48,100,25,155,322.92,1061.67,880.45,2,53
CP II 40,30,36.6,0.48,110,25,163,339.58,1052.67,853.88,2,53
CP II 40,30,36.6,0.48,120,25,170,354.17,1045,830.43,2,53
CP II 40,30,36.6,0.48,130,25,178,370.83,1037,802.9,2,53
CP II 40,30,36.6,0.48,140,25,185,385.42,1027,781.68,2,53
CP II 40,30,36.6,0.48,70,9.5,160,333.33,1080,840.93,2,52
CP II 40,30,36.6,0.48,80,9.5,165,343.75,1073,825.64,2,52
CP II 40,30,36.6,0.48,90,9.5,170,354.17,1067,809.39,2,52
CP II 40,30,36.6,0.48,100,9.5,175,364.58,1062,792.18,2,52
CP II 40,30,36.6,0.48,110,9.5,180,375,1056,775.93,2,52
CP II 40,30,36.6,0.48,120,9.5,185,385.42,1050,759.69,2,52
CP II 40,30,36.6,0.48,130,9.5,190,395.83,1044,743.44,2,52
CP II 40,30,36.6,0.48,140,9.5,195,406.25,1039,726.23,2,52
CP II 40,30,36.6,0.48,70,12.5,148,308.33,1095,879.36,2,52
CP II 40,30,36.6,0.48,80,12.5,155,322.92,1085,858.14,2,52
CP II 40,30,36.6,0.48,90,12.5,161,335.42,1078,838.45,2,52
CP II 40,30,36.6,0.48,100,12.5,167,347.92,1071,818.76,2,52
CP II 40,30,36.6,0.48,110,12.5,173,360.42,1065,798.11,2,52
CP II 40,30,36.6,0.48,120,12.5,180,375,1057,774.98,2,52
CP II 40,30,36.6,0.48,130,12.5,186,387.5,1049,756.24,2,52
CP II 40,30,36.6,0.48,140,12.5,192,400,1041,737.51,2,52
CP II 40,30,36.6,0.48,70,19,142,295.83,1101,900,2,52
CP II 40,30,36.6,0.48,80,19,149,310.42,1092,877.83,2,52
CP II 40,30,36.6,0.48,90,19,156,325,1084,854.7,2,52
CP II 40,30,36.6,0.48,100,19,163,339.58,1075.33,832.2,2,52
CP II 40,30,36.6,0.48,110,19,169,352.08,1069,811.87,2,52
CP II 40,30,36.6,0.48,120,19,176,366.67,1060,789.7,2,52
CP II 40,30,36.6,0.48,130,19,183,381.25,1052,766.57,2,52
CP II 40,30,36.6,0.48,140,19,190,395.83,1044,743.44,2,52
CP II 40,30,36.6,0.48,70,25,133,277.08,1111,930.02,2,52
CP II 40,30,36.6,0.48,80,25,140,291.67,1103,906.88,2,52
CP II 40,30,36.6,0.48,90,25,148,308.33,1093,881.27,2,52
CP II 40,30,36.6,0.48,100,25,155,322.92,1085,858.14,2,52
CP II 40,30,36.6,0.48,110,25,163,339.58,1075.33,832.2,2,52
CP II 40,30,36.6,0.48,120,25,170,354.17,1068,808.43,2,52
CP II 40,30,36.6,0.48,130,25,178,370.83,1059,781.86,2,52
CP II 40,30,36.6,0.48,140,25,185,385.42,1050,759.69,2,52
CP II 40,30,36.6,0.48,70,9.5,160,333.33,1103,818.94,2,51
CP II 40,30,36.6,0.48,80,9.5,165,343.75,1097,802.69,2,51
CP II 40,30,36.6,0.48,90,9.5,170,354.17,1090,787.39,2,51
CP II 40,30,36.6,0.48,100,9.5,175,364.58,1083.67,771.46,2,51
CP II 40,30,36.6,0.48,110,9.5,180,375,1078,754.89,2,51
CP II 40,30,36.6,0.48,120,9.5,185,385.42,1073,737.69,2,51
CP II 40,30,36.6,0.48,130,9.5,190,395.83,1066,722.4,2,51
CP II 40,30,36.6,0.48,140,9.5,195,406.25,1060,706.15,2,51
CP II 40,30,36.6,0.48,70,12.5,148,308.33,1116,859.27,2,51
CP II 40,30,36.6,0.48,80,12.5,155,322.92,1108,836.14,2,51
CP II 40,30,36.6,0.48,90,12.5,161,335.42,1102,815.49,2,51
CP II 40,30,36.6,0.48,100,12.5,167,347.92,1094.67,796.12,2,51
CP II 40,30,36.6,0.48,110,12.5,173,360.42,1087.67,776.43,2,51
CP II 40,30,36.6,0.48,120,12.5,180,375,1079,753.94,2,51
CP II 40,30,36.6,0.48,130,12.5,186,387.5,1072,734.25,2,51
CP II 40,30,36.6,0.48,140,12.5,192,400,1065,714.56,2,51
CP II 40,30,36.6,0.48,70,19,142,295.83,1125,877.05,2,51
CP II 40,30,36.6,0.48,80,19,149,310.42,1115,855.83,2,51
CP II 40,30,36.6,0.48,90,19,156,325,1107,832.7,2,51
CP II 40,30,36.6,0.48,100,19,163,339.58,1100,808.61,2,51
CP II 40,30,36.6,0.48,110,19,169,352.08,1091,790.83,2,51
CP II 40,30,36.6,0.48,120,19,176,366.67,1083,767.7,2,51
CP II 40,30,36.6,0.48,130,19,183,381.25,1074,745.53,2,51
CP II 40,30,36.6,0.48,140,19,190,395.83,1066,722.4,2,51
CP II 40,30,36.6,0.48,70,25,133,277.08,1136,906.11,2,51
CP II 40,30,36.6,0.48,80,25,140,291.67,1127,883.93,2,51
CP II 40,30,36.6,0.48,90,25,148,308.33,1118,857.36,2,51
CP II 40,30,36.6,0.48,100,25,155,322.92,1109,835.18,2,51
CP II 40,30,36.6,0.48,110,25,163,339.58,1100,808.61,2,51
CP II 40,30,36.6,0.48,120,25,170,354.17,1091,786.44,2,51
CP II 40,30,36.6,0.48,130,25,178,370.83,1082,759.86,2,51
CP II 40,30,36.6,0.48,140,25,185,385.42,1073,737.69,2,51
CP II 40,30,36.6,0.48,70,9.5,160,333.33,1125,797.9,2,50
CP II 40,30,36.6,0.48,80,9.5,165,343.75,1119,781.65,2,50
CP II 40,30,36.6,0.48,90,9.5,170,354.17,1113,765.4,2,50
CP II 40,30,36.6,0.48,100,9.5,175,364.58,1107,749.15,2,50
CP II 40,30,36.6,0.48,110,9.5,180,375,1101,732.9,2,50
CP II 40,30,36.6,0.48,120,9.5,185,385.42,1095,716.65,2,50
CP II 40,30,36.6,0.48,130,9.5,190,395.83,1089,700.4,2,50
CP II 40,30,36.6,0.48,140,9.5,195,406.25,1083,684.15,2,50
CP II 40,30,36.6,0.48,70,12.5,148,308.33,1141,835.36,2,50
CP II 40,30,36.6,0.48,80,12.5,155,322.92,1132,813.19,2,50
CP II 40,30,36.6,0.48,90,12.5,161,335.42,1125,793.5,2,50
CP II 40,30,36.6,0.48,100,12.5,167,347.92,1117,774.76,2,50
CP II 40,30,36.6,0.48,110,12.5,173,360.42,1109,756.03,2,50
CP II 40,30,36.6,0.48,120,12.5,180,375,1102,731.94,2,50
CP II 40,30,36.6,0.48,130,12.5,186,387.5,1093,714.16,2,50
CP II 40,30,36.6,0.48,140,12.5,192,400,1087,693.52,2,50
CP II 40,30,36.6,0.48,70,19,142,295.83,1148,855.05,2,50
CP II 40,30,36.6,0.48,80,19,149,310.42,1140,831.92,2,50
CP II 40,30,36.6,0.48,90,19,156,325,1131,809.75,2,50
CP II 40,30,36.6,0.48,100,19,163,339.58,1122.67,786.93,2,50
CP II 40,30,36.6,0.48,110,19,169,352.08,1114.17,768.68,2,50
CP II 40,30,36.6,0.48,120,19,176,366.67,1105.67,746.03,2,50
CP II 40,30,36.6,0.48,130,19,183,381.25,1097.17,723.37,2,50
CP II 40,30,36.6,0.48,140,19,190,395.83,1088.67,700.72,2,50
CP II 40,30,36.6,0.48,70,25,133,277.08,1158,885.07,2,50
CP II 40,30,36.6,0.48,80,25,140,291.67,1150,861.94,2,50
CP II 40,30,36.6,0.48,90,25,148,308.33,1141,835.36,2,50
CP II 40,30,36.6,0.48,100,25,155,322.92,1132.67,812.55,2,50
CP II 40,30,36.6,0.48,110,25,163,339.58,1123,786.62,2,50
CP II 40,30,36.6,0.48,120,25,170,354.17,1113,765.4,2,50
CP II 40,30,36.6,0.48,130,25,178,370.83,1103,739.78,2,50
CP II 40,30,36.6,0.48,140,25,185,385.42,1095,716.65,2,50
CP II 40,30,36.6,0.48,70,9.5,160,333.33,1148,775.9,2,49
CP II 40,30,36.6,0.48,80,9.5,165,343.75,1143,758.69,2,49
CP II 40,30,36.6,0.48,90,9.5,170,354.17,1136,743.4,2,49
CP II 40,30,36.6,0.48,100,9.5,175,364.58,1130.33,726.83,2,49
CP II 40,30,36.6,0.48,110,9.5,180,375,1124.33,710.58,2,49
CP II 40,30,36.6,0.48,120,9.5,185,385.42,1116,696.57,2,49
CP II 40,30,36.6,0.48,130,9.5,190,395.83,1110,680.32,2,49
CP II 40,30,36.6,0.48,140,9.5,195,406.25,1104,664.07,2,49
CP II 40,30,36.6,0.48,70,12.5,148,308.33,1163,814.32,2,49
CP II 40,30,36.6,0.48,80,12.5,155,322.92,1155,791.19,2,49
CP II 40,30,36.6,0.48,90,12.5,161,335.42,1147,772.46,2,49
CP II 40,30,36.6,0.48,100,12.5,167,347.92,1139,753.72,2,49
CP II 40,30,36.6,0.48,110,12.5,173,360.42,1133,733.08,2,49
CP II 40,30,36.6,0.48,120,12.5,180,375,1123,711.86,2,49
CP II 40,30,36.6,0.48,130,12.5,186,387.5,1115,693.12,2,49
CP II 40,30,36.6,0.48,140,12.5,192,400,1109,672.48,2,49
CP II 40,30,36.6,0.48,70,19,142,295.83,1170,834.01,2,49
CP II 40,30,36.6,0.48,80,19,149,310.42,1163,809.93,2,49
CP II 40,30,36.6,0.48,90,19,156,325,1153,788.71,2,49
CP II 40,30,36.6,0.48,100,19,163,339.58,1145,765.58,2,49
CP II 40,30,36.6,0.48,110,19,169,352.08,1136.5,747.32,2,49
CP II 40,30,36.6,0.48,120,19,176,366.67,1128,724.67,2,49
CP II 40,30,36.6,0.48,130,19,183,381.25,1119.5,702.01,2,49
CP II 40,30,36.6,0.48,140,19,190,395.83,1111,679.36,2,49
CP II 40,30,36.6,0.48,70,25,133,277.08,1182,862.11,2,49
CP II 40,30,36.6,0.48,80,25,140,291.67,1174,838.98,2,49
CP II 40,30,36.6,0.48,90,25,148,308.33,1163,814.32,2,49
CP II 40,30,36.6,0.48,100,25,155,322.92,1154,792.15,2,49
CP II 40,30,36.6,0.48,110,25,163,339.58,1144.5,766.05,2,49
CP II 40,30,36.6,0.48,120,25,170,354.17,1135,744.36,2,49
CP II 40,30,36.6,0.48,130,25,178,370.83,1125.5,718.26,2,49
CP II 40,30,36.6,0.48,140,25,185,385.42,1116,696.57,2,49
CP II 40,30,36.6,0.48,70,9.5,160,333.33,1172,752.95,2,48
CP II 40,30,36.6,0.48,80,9.5,165,343.75,1165,737.65,2,48
CP II 40,30,36.6,0.48,90,9.5,170,354.17,1158,722.36,2,48
CP II 40,30,36.6,0.48,100,9.5,175,364.58,1153,705.15,2,48
CP II 40,30,36.6,0.48,110,9.5,180,375,1146,689.86,2,48
CP II 40,30,36.6,0.48,120,9.5,185,385.42,1139,674.57,2,48
CP II 40,30,36.6,0.48,130,9.5,190,395.83,1132,659.28,2,48
CP II 40,30,36.6,0.48,140,9.5,195,406.25,1127,642.07,2,48
CP II 40,30,36.6,0.48,70,12.5,148,308.33,1187,791.37,2,48
CP II 40,30,36.6,0.48,80,12.5,155,322.92,1179,768.24,2,48
CP II 40,30,36.6,0.48,90,12.5,161,335.42,1169,751.42,2,48
CP II 40,30,36.6,0.48,100,12.5,167,347.92,1162,731.73,2,48
CP II 40,30,36.6,0.48,110,12.5,173,360.42,1154,712.99,2,48
CP II 40,30,36.6,0.48,120,12.5,180,375,1145,690.82,2,48
CP II 40,30,36.6,0.48,130,12.5,186,387.5,1137,672.08,2,48
CP II 40,30,36.6,0.48,140,12.5,192,400,1130,652.39,2,48
CP II 40,30,36.6,0.48,70,19,142,295.83,1195,810.1,2,48
CP II 40,30,36.6,0.48,80,19,149,310.42,1185,788.89,2,48
CP II 40,30,36.6,0.48,90,19,156,325,1177,765.75,2,48
CP II 40,30,36.6,0.48,100,19,163,339.58,1167.67,743.9,2,48
CP II 40,30,36.6,0.48,110,19,169,352.08,1161,723.89,2,48
CP II 40,30,36.6,0.48,120,19,176,366.67,1152,701.71,2,48
CP II 40,30,36.6,0.48,130,19,183,381.25,1143,679.54,2,48
CP II 40,30,36.6,0.48,140,19,190,395.83,1134,657.36,2,48
CP II 40,30,36.6,0.48,70,25,133,277.08,1205,840.12,2,48
CP II 40,30,36.6,0.48,80,25,140,291.67,1197,816.99,2,48
CP II 40,30,36.6,0.48,90,25,148,308.33,1187,791.37,2,48
CP II 40,30,36.6,0.48,100,25,155,322.92,1178.33,768.88,2,48
CP II 40,30,36.6,0.48,110,25,163,339.58,1167,744.54,2,48
CP II 40,30,36.6,0.48,120,25,170,354.17,1158,722.36,2,48
CP II 40,30,36.6,0.48,130,25,178,370.83,1149,695.79,2,48
CP II 40,30,36.6,0.48,140,25,185,385.42,1140,673.61,2,48
CP II 40,30,36.6,0.48,70,9.5,160,333.33,1194,731.91,2,47
CP II 40,30,36.6,0.48,80,9.5,165,343.75,1188,715.66,2,47
CP II 40,30,36.6,0.48,90,9.5,170,354.17,1182,699.41,2,47
CP II 40,30,36.6,0.48,100,9.5,175,364.58,1174,685.07,2,47
CP II 40,30,36.6,0.48,110,9.5,180,375,1168,668.82,2,47
CP II 40,30,36.6,0.48,120,9.5,185,385.42,1162,652.57,2,47
CP II 40,30,36.6,0.48,130,9.5,190,395.83,1156,636.32,2,47
CP II 40,30,36.6,0.48,140,9.5,195,406.25,1149,621.03,2,47
CP II 40,30,36.6,0.48,70,12.5,148,308.33,1209,770.33,2,47
CP II 40,30,36.6,0.48,80,12.5,155,322.92,1201,747.2,2,47
CP II 40,30,36.6,0.48,90,12.5,161,335.42,1193,728.47,2,47
CP II 40,30,36.6,0.48,100,12.5,167,347.92,1185,709.73,2,47
CP II 40,30,36.6,0.48,110,12.5,173,360.42,1177,691,2,47
CP II 40,30,36.6,0.48,120,12.5,180,375,1169,667.87,2,47
CP II 40,30,36.6,0.48,130,12.5,186,387.5,1161,649.13,2,47
CP II 40,30,36.6,0.48,140,12.5,192,400,1153,630.4,2,47
CP II 40,30,36.6,0.48,70,19,142,295.83,1217,789.06,2,47
CP II 40,30,36.6,0.48,80,19,149,310.42,1209,765.93,2,47
CP II 40,30,36.6,0.48,90,19,156,325,1199,744.71,2,47
CP II 40,30,36.6,0.48,100,19,163,339.58,1190.33,722.22,2,47
CP II 40,30,36.6,0.48,110,19,169,352.08,1183,702.85,2,47
CP II 40,30,36.6,0.48,120,19,176,366.67,1174,680.67,2,47
CP II 40,30,36.6,0.48,130,19,183,381.25,1163.33,660.09,2,47
CP II 40,30,36.6,0.48,140,19,190,395.83,1154.33,637.92,2,47
CP II 40,30,36.6,0.48,70,25,133,277.08,1229,817.17,2,47
CP II 40,30,36.6,0.48,80,25,140,291.67,1221,794.03,2,47
CP II 40,30,36.6,0.48,90,25,148,308.33,1211,768.42,2,47
CP II 40,30,36.6,0.48,100,25,155,322.92,1200,748.16,2,47
CP II 40,30,36.6,0.48,110,25,163,339.58,1191,721.58,2,47
CP II 40,30,36.6,0.48,120,25,170,354.17,1182,699.41,2,47
CP II 40,30,36.6,0.48,130,25,178,370.83,1170,675.7,2,47
CP II 40,30,36.6,0.48,140,25,185,385.42,1162,652.57,2,47
CP II 40,30,36.6,0.48,70,9.5,160,333.33,1217,709.91,2,46
CP II 40,30,36.6,0.48,80,9.5,165,343.75,1211,693.66,2,46
CP II 40,30,36.6,0.48,90,9.5,170,354.17,1205,677.41,2,46
CP II 40,30,36.6,0.48,100,9.5,175,364.58,1197,663.07,2,46
CP II 40,30,36.6,0.48,110,9.5,180,375,1191,646.83,2,46
CP II 40,30,36.6,0.48,120,9.5,185,385.42,1185,630.58,2,46
CP II 40,30,36.6,0.48,130,9.5,190,395.83,1177,616.24,2,46
CP II 40,30,36.6,0.48,140,9.5,195,406.25,1171,599.99,2,46
CP II 40,30,36.6,0.48,70,12.5,148,308.33,1233,747.38,2,46
CP II 40,30,36.6,0.48,80,12.5,155,322.92,1225,724.25,2,46
CP II 40,30,36.6,0.48,90,12.5,161,335.42,1217,705.51,2,46
CP II 40,30,36.6,0.48,100,12.5,167,347.92,1209,686.78,2,46
CP II 40,30,36.6,0.48,110,12.5,173,360.42,1201,668.04,2,46
CP II 40,30,36.6,0.48,120,12.5,180,375,1191,646.83,2,46
CP II 40,30,36.6,0.48,130,12.5,186,387.5,1183,628.09,2,46
CP II 40,30,36.6,0.48,140,12.5,192,400,1175,609.36,2,46
CP II 40,30,36.6,0.48,70,19,142,295.83,1241,766.11,2,46
CP II 40,30,36.6,0.48,80,19,149,310.42,1233,742.98,2,46
CP II 40,30,36.6,0.48,90,19,156,325,1223,721.76,2,46
CP II 40,30,36.6,0.48,100,19,163,339.58,1214.33,699.27,2,46
CP II 40,30,36.6,0.48,110,19,169,352.08,1205.33,681.49,2,46
CP II 40,30,36.6,0.48,120,19,176,366.67,1196.33,659.32,2,46
CP II 40,30,36.6,0.48,130,19,183,381.25,1187.33,637.14,2,46
CP II 40,30,36.6,0.48,140,19,190,395.83,1178.33,614.96,2,46
CP II 40,30,36.6,0.48,70,25,133,277.08,1253,794.21,2,46
CP II 40,30,36.6,0.48,80,25,140,291.67,1245,771.08,2,46
CP II 40,30,36.6,0.48,90,25,148,308.33,1233,747.38,2,46
CP II 40,30,36.6,0.48,100,25,155,322.92,1223.67,725.52,2,46
CP II 40,30,36.6,0.48,110,25,163,339.58,1213.67,699.91,2,46
CP II 40,30,36.6,0.48,120,25,170,354.17,1203.67,678.69,2,46
CP II 40,30,36.6,0.48,130,25,178,370.83,1193.67,653.07,2,46
CP II 40,30,36.6,0.48,140,25,185,385.42,1183.67,631.85,2,46
CP II 40,30,36.6,0.48,70,9.5,160,333.33,1241,686.96,2,45
CP II 40,30,36.6,0.48,80,9.5,165,343.75,1233,672.62,2,45
CP II 40,30,36.6,0.48,90,9.5,170,354.17,1227,656.37,2,45
CP II 40,30,36.6,0.48,100,9.5,175,364.58,1219.67,641.4,2,45
CP II 40,30,36.6,0.48,110,9.5,180,375,1212.67,626.1,2,45
CP II 40,30,36.6,0.48,120,9.5,185,385.42,1205.67,610.81,2,45
CP II 40,30,36.6,0.48,130,9.5,190,395.83,1198.67,595.52,2,45
CP II 40,30,36.6,0.48,140,9.5,195,406.25,1193,578.95,2,45
CP II 40,30,36.6,0.48,70,12.5,148,308.33,1257,724.42,2,45
CP II 40,30,36.6,0.48,80,12.5,155,322.92,1247,703.21,2,45
CP II 40,30,36.6,0.48,90,12.5,161,335.42,1239,684.47,2,45
CP II 40,30,36.6,0.48,100,12.5,167,347.92,1231,665.74,2,45
CP II 40,30,36.6,0.48,110,12.5,173,360.42,1223,647,2,45
CP II 40,30,36.6,0.48,120,12.5,180,375,1214,624.83,2,45
CP II 40,30,36.6,0.48,130,12.5,186,387.5,1205,607.05,2,45
CP II 40,30,36.6,0.48,140,12.5,192,400,1196,589.27,2,45
CP II 40,30,36.6,0.48,70,19,142,295.83,1264,744.12,2,45
CP II 40,30,36.6,0.48,80,19,149,310.42,1255,721.94,2,45
CP II 40,30,36.6,0.48,90,19,156,325,1246,699.77,2,45
CP II 40,30,36.6,0.48,100,19,163,339.58,1237,677.59,2,45
CP II 40,30,36.6,0.48,110,19,169,352.08,1228,659.81,2,45
CP II 40,30,36.6,0.48,120,19,176,366.67,1219,637.64,2,45
CP II 40,30,36.6,0.48,130,19,183,381.25,1210,615.46,2,45
CP II 40,30,36.6,0.48,140,19,190,395.83,1199,595.2,2,45
CP II 40,30,36.6,0.48,70,25,133,277.08,1277,771.26,2,45
CP II 40,30,36.6,0.48,80,25,140,291.67,1267,750.04,2,45
CP II 40,30,36.6,0.48,90,25,148,308.33,1257,724.42,2,45
CP II 40,30,36.6,0.48,100,25,155,322.92,1247,703.21,2,45
CP II 40,30,36.6,0.48,110,25,163,339.58,1237,677.59,2,45
CP II 40,30,36.6,0.48,120,25,170,354.17,1227,656.37,2,45
CP II 40,30,36.6,0.48,130,25,178,370.83,1217,630.76,2,45
CP II 40,30,36.6,0.48,140,25,185,385.42,1207,609.54,2,45
CP II 40,35,41.6,0.43,70,9.5,160,372.09,900,980.19,2,60
CP II 40,35,41.6,0.43,80,9.5,165,383.72,894,962.92,2,60
CP II 40,35,41.6,0.43,90,9.5,170,395.35,890,943.73,2,60
CP II 40,35,41.6,0.43,100,9.5,175,406.98,884.67,925.81,2,60
CP II 40,35,41.6,0.43,110,9.5,180,418.6,879.67,907.58,2,60
CP II 40,35,41.6,0.43,120,9.5,185,430.23,874.67,889.35,2,60
CP II 40,35,41.6,0.43,130,9.5,190,441.86,869.67,871.11,2,60
CP II 40,35,41.6,0.43,140,9.5,195,453.49,864.67,852.88,2,60
CP II 40,35,41.6,0.43,70,12.5,148,344.19,912,1023.95,2,60
CP II 40,35,41.6,0.43,80,12.5,155,360.47,905,998.43,2,60
CP II 40,35,41.6,0.43,90,12.5,161,374.42,898,977.5,2,60
CP II 40,35,41.6,0.43,100,12.5,167,388.37,893,954.67,2,60
CP II 40,35,41.6,0.43,110,12.5,173,402.33,886,933.74,2,60
CP II 40,35,41.6,0.43,120,12.5,180,418.6,879,908.22,2,60
CP II 40,35,41.6,0.43,130,12.5,186,432.56,873,886.34,2,60
CP II 40,35,41.6,0.43,140,12.5,192,446.51,869,862.55,2,60
CP II 40,35,41.6,0.43,70,19,142,330.23,917,1046.79,2,60
CP II 40,35,41.6,0.43,80,19,149,346.51,911,1020.31,2,60
CP II 40,35,41.6,0.43,90,19,156,362.79,903,995.74,2,60
CP II 40,35,41.6,0.43,100,19,163,379.07,896.33,969.89,2,60
CP II 40,35,41.6,0.43,110,19,169,393.02,891,947.37,2,60
CP II 40,35,41.6,0.43,120,19,176,409.3,884,921.85,2,60
CP II 40,35,41.6,0.43,130,19,183,425.58,877,896.32,2,60
CP II 40,35,41.6,0.43,140,19,190,441.86,870,870.79,2,60
CP II 40,35,41.6,0.43,70,25,133,309.3,927,1078.65,2,60
CP II 40,35,41.6,0.43,80,25,140,325.58,919,1054.08,2,60
CP II 40,35,41.6,0.43,90,25,148,344.19,911,1024.91,2,60
CP II 40,35,41.6,0.43,100,25,155,360.47,905,998.43,2,60
CP II 40,35,41.6,0.43,110,25,163,379.07,897,969.25,2,60
CP II 40,35,41.6,0.43,120,25,170,395.35,889,944.68,2,60
CP II 40,35,41.6,0.43,130,25,178,413.95,881,915.51,2,60
CP II 40,35,41.6,0.43,140,25,185,430.23,875,889.03,2,60
CP II 40,35,41.6,0.43,70,9.5,160,372.09,922,959.15,2,59
CP II 40,35,41.6,0.43,80,9.5,165,383.72,917,940.92,2,59
CP II 40,35,41.6,0.43,90,9.5,170,395.35,912,922.69,2,59
CP II 40,35,41.6,0.43,100,9.5,175,406.98,907,904.45,2,59
CP II 40,35,41.6,0.43,110,9.5,180,418.6,902,886.22,2,59
CP II 40,35,41.6,0.43,120,9.5,185,430.23,897,867.99,2,59
CP II 40,35,41.6,0.43,130,9.5,190,441.86,892,849.75,2,59
CP II 40,35,41.6,0.43,140,9.5,195,453.49,887,831.52,2,59
CP II 40,35,41.6,0.43,70,12.5,148,344.19,935,1001.96,2,59
CP II 40,35,41.6,0.43,80,12.5,155,360.47,927,977.39,2,59
CP II 40,35,41.6,0.43,90,12.5,161,374.42,921,955.51,2,59
CP II 40,35,41.6,0.43,100,12.5,167,388.37,916,932.67,2,59
CP II 40,35,41.6,0.43,110,12.5,173,402.33,909,911.75,2,59
CP II 40,35,41.6,0.43,120,12.5,180,418.6,903,885.26,2,59
CP II 40,35,41.6,0.43,130,12.5,186,432.56,895,865.3,2,59
CP II 40,35,41.6,0.43,140,12.5,192,446.51,889,843.42,2,59
CP II 40,35,41.6,0.43,70,19,142,330.23,941,1023.84,2,59
CP II 40,35,41.6,0.43,80,19,149,346.51,933,999.27,2,59
CP II 40,35,41.6,0.43,90,19,156,362.79,927,972.78,2,59
CP II 40,35,41.6,0.43,100,19,163,379.07,919.67,947.58,2,59
CP II 40,35,41.6,0.43,110,19,169,393.02,912.67,926.65,2,59
CP II 40,35,41.6,0.43,120,19,176,409.3,905.67,901.13,2,59
CP II 40,35,41.6,0.43,130,19,183,425.58,898.67,875.6,2,59
CP II 40,35,41.6,0.43,140,19,190,441.86,891.67,850.07,2,59
CP II 40,35,41.6,0.43,70,25,133,309.3,949,1057.61,2,59
CP II 40,35,41.6,0.43,80,25,140,325.58,943,1031.13,2,59
CP II 40,35,41.6,0.43,90,25,148,344.19,935,1001.96,2,59
CP II 40,35,41.6,0.43,100,25,155,360.47,928.33,976.11,2,59
CP II 40,35,41.6,0.43,110,25,163,379.07,920,947.26,2,59
CP II 40,35,41.6,0.43,120,25,170,395.35,912,922.69,2,59
CP II 40,35,41.6,0.43,130,25,178,413.95,905,892.56,2,59
CP II 40,35,41.6,0.43,140,25,185,430.23,897,867.99,2,59
CP II 40,35,41.6,0.43,70,9.5,160,372.09,945,937.16,2,58
CP II 40,35,41.6,0.43,80,9.5,165,383.72,939,919.88,2,58
CP II 40,35,41.6,0.43,90,9.5,170,395.35,935,900.69,2,58
CP II 40,35,41.6,0.43,100,9.5,175,406.98,929.67,882.78,2,58
CP II 40,35,41.6,0.43,110,9.5,180,418.6,924.67,864.54,2,58
CP II 40,35,41.6,0.43,120,9.5,185,430.23,919.67,846.31,2,58
CP II 40,35,41.6,0.43,130,9.5,190,441.86,914.67,828.08,2,58
CP II 40,35,41.6,0.43,140,9.5,195,453.49,909.67,809.84,2,58
CP II 40,35,41.6,0.43,70,12.5,148,344.19,958,979.96,2,58
CP II 40,35,41.6,0.43,80,12.5,155,360.47,949,956.35,2,58
CP II 40,35,41.6,0.43,90,12.5,161,374.42,943,934.47,2,58
CP II 40,35,41.6,0.43,100,12.5,167,388.37,937,912.59,2,58
CP II 40,35,41.6,0.43,110,12.5,173,402.33,931,890.71,2,58
CP II 40,35,41.6,0.43,120,12.5,180,418.6,924,865.18,2,58
CP II 40,35,41.6,0.43,130,12.5,186,432.56,919,842.35,2,58
CP II 40,35,41.6,0.43,140,12.5,192,446.51,912,821.42,2,58
CP II 40,35,41.6,0.43,70,19,142,330.23,964,1001.84,2,58
CP II 40,35,41.6,0.43,80,19,149,346.51,957,976.31,2,58
CP II 40,35,41.6,0.43,90,19,156,362.79,949,951.74,2,58
CP II 40,35,41.6,0.43,100,19,163,379.07,941.67,926.54,2,58
CP II 40,35,41.6,0.43,110,19,169,393.02,936,904.34,2,58
CP II 40,35,41.6,0.43,120,19,176,409.3,929,878.81,2,58
CP II 40,35,41.6,0.43,130,19,183,425.58,921,854.24,2,58
CP II 40,35,41.6,0.43,140,19,190,441.86,914,828.71,2,58
CP II 40,35,41.6,0.43,70,25,133,309.3,972,1035.62,2,58
CP II 40,35,41.6,0.43,80,25,140,325.58,965,1010.09,2,58
CP II 40,35,41.6,0.43,90,25,148,344.19,957,980.92,2,58
CP II 40,35,41.6,0.43,100,25,155,360.47,949.67,955.71,2,58
CP II 40,35,41.6,0.43,110,25,163,379.07,942.17,926.06,2,58
CP II 40,35,41.6,0.43,120,25,170,395.35,934.67,901.01,2,58
CP II 40,35,41.6,0.43,130,25,178,413.95,927.17,871.36,2,58
CP II 40,35,41.6,0.43,140,25,185,430.23,919.67,846.31,2,58
CP II 40,35,41.6,0.43,70,9.5,160,372.09,968,915.16,2,57
CP II 40,35,41.6,0.43,80,9.5,165,383.72,962,897.88,2,57
CP II 40,35,41.6,0.43,90,9.5,170,395.35,957,879.65,2,57
CP II 40,35,41.6,0.43,100,9.5,175,406.98,951.33,862.06,2,57
CP II 40,35,41.6,0.43,110,9.5,180,418.6,945.83,844.3,2,57
CP II 40,35,41.6,0.43,120,9.5,185,430.23,940.33,826.55,2,57
CP II 40,35,41.6,0.43,130,9.5,190,441.86,937,806.72,2,57
CP II 40,35,41.6,0.43,140,9.5,195,453.49,931,789.44,2,57
CP II 40,35,41.6,0.43,70,12.5,148,344.19,980,958.92,2,57
CP II 40,35,41.6,0.43,80,12.5,155,360.47,974,932.44,2,57
CP II 40,35,41.6,0.43,90,12.5,161,374.42,967,911.51,2,57
CP II 40,35,41.6,0.43,100,12.5,167,388.37,960.67,889.95,2,57
CP II 40,35,41.6,0.43,110,12.5,173,402.33,954.17,868.55,2,57
CP II 40,35,41.6,0.43,120,12.5,180,418.6,947.67,842.55,2,57
CP II 40,35,41.6,0.43,130,12.5,186,432.56,941.17,821.15,2,57
CP II 40,35,41.6,0.43,140,12.5,192,446.51,934.67,799.74,2,57
CP II 40,35,41.6,0.43,70,19,142,330.23,987,979.84,2,57
CP II 40,35,41.6,0.43,80,19,149,346.51,980,954.32,2,57
CP II 40,35,41.6,0.43,90,19,156,362.79,972,929.75,2,57
CP II 40,35,41.6,0.43,100,19,163,379.07,964.67,904.54,2,57
CP II 40,35,41.6,0.43,110,19,169,393.02,957.17,884.09,2,57
CP II 40,35,41.6,0.43,120,19,176,409.3,951,857.77,2,57
CP II 40,35,41.6,0.43,130,19,183,425.58,944,832.24,2,57
CP II 40,35,41.6,0.43,140,19,190,441.86,937,806.72,2,57
CP II 40,35,41.6,0.43,70,25,133,309.3,997,1011.71,2,57
CP II 40,35,41.6,0.43,80,25,140,325.58,989,987.14,2,57
CP II 40,35,41.6,0.43,90,25,148,344.19,981,957.96,2,57
CP II 40,35,41.6,0.43,100,25,155,360.47,973,933.39,2,57
CP II 40,35,41.6,0.43,110,25,163,379.07,965,904.22,2,57
CP II 40,35,41.6,0.43,120,25,170,395.35,957,879.65,2,57
CP II 40,35,41.6,0.43,130,25,178,413.95,949,850.48,2,57
CP II 40,35,41.6,0.43,140,25,185,430.23,941,825.91,2,57
CP II 40,35,41.6,0.43,70,9.5,160,372.09,991,893.16,2,56
CP II 40,35,41.6,0.43,80,9.5,165,383.72,984,876.84,2,56
CP II 40,35,41.6,0.43,90,9.5,170,395.35,979,858.61,2,56
CP II 40,35,41.6,0.43,100,9.5,175,406.98,975,839.42,2,56
CP II 40,35,41.6,0.43,110,9.5,180,418.6,969,822.14,2,56
CP II 40,35,41.6,0.43,120,9.5,185,430.23,963,804.87,2,56
CP II 40,35,41.6,0.43,130,9.5,190,441.86,958,786.63,2,56
CP II 40,35,41.6,0.43,140,9.5,195,453.49,952,769.36,2,56
CP II 40,35,41.6,0.43,70,12.5,148,344.19,1004,935.97,2,56
CP II 40,35,41.6,0.43,80,12.5,155,360.47,995,912.35,2,56
CP II 40,35,41.6,0.43,90,12.5,161,374.42,990,889.52,2,56
CP II 40,35,41.6,0.43,100,12.5,167,388.37,982.33,869.23,2,56
CP II 40,35,41.6,0.43,110,12.5,173,402.33,975.33,848.31,2,56
CP II 40,35,41.6,0.43,120,12.5,180,418.6,968.33,822.78,2,56
CP II 40,35,41.6,0.43,130,12.5,186,432.56,961.33,801.86,2,56
CP II 40,35,41.6,0.43,140,12.5,192,446.51,955,780.3,2,56
CP II 40,35,41.6,0.43,70,19,142,330.23,1010,957.85,2,56
CP II 40,35,41.6,0.43,80,19,149,346.51,1002,933.28,2,56
CP II 40,35,41.6,0.43,90,19,156,362.79,994,908.71,2,56
CP II 40,35,41.6,0.43,100,19,163,379.07,988,882.22,2,56
CP II 40,35,41.6,0.43,110,19,169,393.02,980,862.26,2,56
CP II 40,35,41.6,0.43,120,19,176,409.3,973,836.73,2,56
CP II 40,35,41.6,0.43,130,19,183,425.58,965,812.16,2,56
CP II 40,35,41.6,0.43,140,19,190,441.86,957,787.59,2,56
CP II 40,35,41.6,0.43,70,25,133,309.3,1020,989.71,2,56
CP II 40,35,41.6,0.43,80,25,140,325.58,1012,965.14,2,56
CP II 40,35,41.6,0.43,90,25,148,344.19,1004,935.97,2,56
CP II 40,35,41.6,0.43,100,25,155,360.47,996,911.4,2,56
CP II 40,35,41.6,0.43,110,25,163,379.07,988,882.22,2,56
CP II 40,35,41.6,0.43,120,25,170,395.35,980,857.65,2,56
CP II 40,35,41.6,0.43,130,25,178,413.95,972,828.48,2,56
CP II 40,35,41.6,0.43,140,25,185,430.23,964,803.91,2,56
CP II 40,35,41.6,0.43,70,9.5,160,372.09,1013,872.12,2,55
CP II 40,35,41.6,0.43,80,9.5,165,383.72,1007,854.85,2,55
CP II 40,35,41.6,0.43,90,9.5,170,395.35,1002,836.61,2,55
CP II 40,35,41.6,0.43,100,9.5,175,406.98,996.33,819.02,2,55
CP II 40,35,41.6,0.43,110,9.5,180,418.6,990.83,801.26,2,55
CP II 40,35,41.6,0.43,120,9.5,185,430.23,985.33,783.51,2,55
CP II 40,35,41.6,0.43,130,9.5,190,441.86,979.83,765.75,2,55
CP II 40,35,41.6,0.43,140,9.5,195,453.49,974.33,748,2,55
CP II 40,35,41.6,0.43,70,12.5,148,344.19,1027,913.97,2,55
CP II 40,35,41.6,0.43,80,12.5,155,360.47,1019,889.4,2,55
CP II 40,35,41.6,0.43,90,12.5,161,374.42,1011,869.43,2,55
CP II 40,35,41.6,0.43,100,12.5,167,388.37,1005,847.55,2,55
CP II 40,35,41.6,0.43,110,12.5,173,402.33,1000,824.72,2,55
CP II 40,35,41.6,0.43,120,12.5,180,418.6,992,800.15,2,55
CP II 40,35,41.6,0.43,130,12.5,186,432.56,985,779.23,2,55
CP II 40,35,41.6,0.43,140,12.5,192,446.51,977,759.26,2,55
CP II 40,35,41.6,0.43,70,19,142,330.23,1033,935.85,2,55
CP II 40,35,41.6,0.43,80,19,149,346.51,1025,911.28,2,55
CP II 40,35,41.6,0.43,90,19,156,362.79,1017,886.71,2,55
CP II 40,35,41.6,0.43,100,19,163,379.07,1009,862.14,2,55
CP II 40,35,41.6,0.43,110,19,169,393.02,1003,840.26,2,55
CP II 40,35,41.6,0.43,120,19,176,409.3,996,814.74,2,55
CP II 40,35,41.6,0.43,130,19,183,425.58,988,790.16,2,55
CP II 40,35,41.6,0.43,140,19,190,441.86,981,764.64,2,55
CP II 40,35,41.6,0.43,70,25,133,309.3,1042,968.67,2,55
CP II 40,35,41.6,0.43,80,25,140,325.58,1035,943.14,2,55
CP II 40,35,41.6,0.43,90,25,148,344.19,1027,913.97,2,55
CP II 40,35,41.6,0.43,100,25,155,360.47,1019.67,888.76,2,55
CP II 40,35,41.6,0.43,110,25,163,379.07,1010,861.18,2,55
CP II 40,35,41.6,0.43,120,25,170,395.35,1002,836.61,2,55
CP II 40,35,41.6,0.43,130,25,178,413.95,994,807.44,2,55
CP II 40,35,41.6,0.43,140,25,185,430.23,985,783.83,2,55
CP II 40,35,41.6,0.43,70,9.5,160,372.09,1037,849.17,2,54
CP II 40,35,41.6,0.43,80,9.5,165,383.72,1030,832.85,2,54
CP II 40,35,41.6,0.43,90,9.5,170,395.35,1024,815.57,2,54
CP II 40,35,41.6,0.43,100,9.5,175,406.98,1019,797.34,2,54
CP II 40,35,41.6,0.43,110,9.5,180,418.6,1013,780.06,2,54
CP II 40,35,41.6,0.43,120,9.5,185,430.23,1007,762.79,2,54
CP II 40,35,41.6,0.43,130,9.5,190,441.86,1002,744.55,2,54
CP II 40,35,41.6,0.43,140,9.5,195,453.49,997,726.32,2,54
CP II 40,35,41.6,0.43,70,12.5,148,344.19,1050,891.98,2,54
CP II 40,35,41.6,0.43,80,12.5,155,360.47,1042,867.41,2,54
CP II 40,35,41.6,0.43,90,12.5,161,374.42,1034,847.44,2,54
CP II 40,35,41.6,0.43,100,12.5,167,388.37,1028,825.56,2,54
CP II 40,35,41.6,0.43,110,12.5,173,402.33,1022,803.68,2,54
CP II 40,35,41.6,0.43,120,12.5,180,418.6,1013,780.06,2,54
CP II 40,35,41.6,0.43,130,12.5,186,432.56,1006,759.14,2,54
CP II 40,35,41.6,0.43,140,12.5,192,446.51,999,738.22,2,54
CP II 40,35,41.6,0.43,70,19,142,330.23,1057,912.9,2,54
CP II 40,35,41.6,0.43,80,19,149,346.51,1048,889.28,2,54
CP II 40,35,41.6,0.43,90,19,156,362.79,1040,864.71,2,54
CP II 40,35,41.6,0.43,100,19,163,379.07,1033,839.19,2,54
CP II 40,35,41.6,0.43,110,19,169,393.02,1025,819.22,2,54
CP II 40,35,41.6,0.43,120,19,176,409.3,1017,794.65,2,54
CP II 40,35,41.6,0.43,130,19,183,425.58,1009,770.08,2,54
CP II 40,35,41.6,0.43,140,19,190,441.86,1002,744.55,2,54
CP II 40,35,41.6,0.43,70,25,133,309.3,1067,944.76,2,54
CP II 40,35,41.6,0.43,80,25,140,325.58,1059,920.19,2,54
CP II 40,35,41.6,0.43,90,25,148,344.19,1049,892.93,2,54
CP II 40,35,41.6,0.43,100,25,155,360.47,1042,867.41,2,54
CP II 40,35,41.6,0.43,110,25,163,379.07,1033,839.19,2,54
CP II 40,35,41.6,0.43,120,25,170,395.35,1024,815.57,2,54
CP II 40,35,41.6,0.43,130,25,178,413.95,1015,787.36,2,54
CP II 40,35,41.6,0.43,140,25,185,430.23,1007,762.79,2,54
CP II 40,35,41.6,0.43,70,9.5,160,372.09,1060,827.18,2,53
CP II 40,35,41.6,0.43,80,9.5,165,383.72,1053,810.86,2,53
CP II 40,35,41.6,0.43,90,9.5,170,395.35,1047,793.58,2,53
CP II 40,35,41.6,0.43,100,9.5,175,406.98,1042,775.35,2,53
CP II 40,35,41.6,0.43,110,9.5,180,418.6,1036,758.07,2,53
CP II 40,35,41.6,0.43,120,9.5,185,430.23,1029,741.75,2,53
CP II 40,35,41.6,0.43,130,9.5,190,441.86,1024,723.51,2,53
CP II 40,35,41.6,0.43,140,9.5,195,453.49,1018,706.24,2,53
CP II 40,35,41.6,0.43,70,12.5,148,344.19,1073,869.98,2,53
CP II 40,35,41.6,0.43,80,12.5,155,360.47,1064,846.37,2,53
CP II 40,35,41.6,0.43,90,12.5,161,374.42,1057,825.44,2,53
CP II 40,35,41.6,0.43,100,12.5,167,388.37,1051,803.56,2,53
CP II 40,35,41.6,0.43,110,12.5,173,402.33,1043,783.59,2,53
CP II 40,35,41.6,0.43,120,12.5,180,418.6,1035,759.02,2,53
CP II 40,35,41.6,0.43,130,12.5,186,432.56,1028,738.1,2,53
CP II 40,35,41.6,0.43,140,12.5,192,446.51,1021,717.18,2,53
CP II 40,35,41.6,0.43,70,19,142,330.23,1080,890.9,2,53
CP II 40,35,41.6,0.43,80,19,149,346.51,1072,866.33,2,53
CP II 40,35,41.6,0.43,90,19,156,362.79,1063,842.72,2,53
CP II 40,35,41.6,0.43,100,19,163,379.07,1054.67,818.47,2,53
CP II 40,35,41.6,0.43,110,19,169,393.02,1048,797.23,2,53
CP II 40,35,41.6,0.43,120,19,176,409.3,1040,772.66,2,53
CP II 40,35,41.6,0.43,130,19,183,425.58,1032,748.08,2,53
CP II 40,35,41.6,0.43,140,19,190,441.86,1024,723.51,2,53
CP II 40,35,41.6,0.43,70,25,133,309.3,1091,921.81,2,53
CP II 40,35,41.6,0.43,80,25,140,325.58,1081,899.15,2,53
CP II 40,35,41.6,0.43,90,25,148,344.19,1073,869.98,2,53
CP II 40,35,41.6,0.43,100,25,155,360.47,1063.67,846.68,2,53
CP II 40,35,41.6,0.43,110,25,163,379.07,1054.67,818.47,2,53
CP II 40,35,41.6,0.43,120,25,170,395.35,1047,793.58,2,53
CP II 40,35,41.6,0.43,130,25,178,413.95,1039,764.41,2,53
CP II 40,35,41.6,0.43,140,25,185,430.23,1029,741.75,2,53
CP II 40,35,41.6,0.43,70,9.5,160,372.09,1082,806.14,2,52
CP II 40,35,41.6,0.43,80,9.5,165,383.72,1075,789.82,2,52
CP II 40,35,41.6,0.43,90,9.5,170,395.35,1069,772.54,2,52
CP II 40,35,41.6,0.43,100,9.5,175,406.98,1064,754.31,2,52
CP II 40,35,41.6,0.43,110,9.5,180,418.6,1058,737.03,2,52
CP II 40,35,41.6,0.43,120,9.5,185,430.23,1052,719.75,2,52
CP II 40,35,41.6,0.43,130,9.5,190,441.86,1046,702.47,2,52
CP II 40,35,41.6,0.43,140,9.5,195,453.49,1041,684.24,2,52
CP II 40,35,41.6,0.43,70,12.5,148,344.19,1097,847.03,2,52
CP II 40,35,41.6,0.43,80,12.5,155,360.47,1087,824.37,2,52
CP II 40,35,41.6,0.43,90,12.5,161,374.42,1080,803.45,2,52
CP II 40,35,41.6,0.43,100,12.5,167,388.37,1073,782.52,2,52
CP II 40,35,41.6,0.43,110,12.5,173,402.33,1067,760.64,2,52
CP II 40,35,41.6,0.43,120,12.5,180,418.6,1059,736.07,2,52
CP II 40,35,41.6,0.43,130,12.5,186,432.56,1051,716.11,2,52
CP II 40,35,41.6,0.43,140,12.5,192,446.51,1043,696.14,2,52
CP II 40,35,41.6,0.43,70,19,142,330.23,1103,868.91,2,52
CP II 40,35,41.6,0.43,80,19,149,346.51,1094,845.29,2,52
CP II 40,35,41.6,0.43,90,19,156,362.79,1086,820.72,2,52
CP II 40,35,41.6,0.43,100,19,163,379.07,1077.33,796.79,2,52
CP II 40,35,41.6,0.43,110,19,169,393.02,1071,775.23,2,52
CP II 40,35,41.6,0.43,120,19,176,409.3,1062,751.62,2,52
CP II 40,35,41.6,0.43,130,19,183,425.58,1054,727.04,2,52
CP II 40,35,41.6,0.43,140,19,190,441.86,1046,702.47,2,52
CP II 40,35,41.6,0.43,70,25,133,309.3,1113,900.77,2,52
CP II 40,35,41.6,0.43,80,25,140,325.58,1105,876.2,2,52
CP II 40,35,41.6,0.43,90,25,148,344.19,1095,848.94,2,52
CP II 40,35,41.6,0.43,100,25,155,360.47,1087,824.37,2,52
CP II 40,35,41.6,0.43,110,25,163,379.07,1077.33,796.79,2,52
CP II 40,35,41.6,0.43,120,25,170,395.35,1070,771.58,2,52
CP II 40,35,41.6,0.43,130,25,178,413.95,1061,743.37,2,52
CP II 40,35,41.6,0.43,140,25,185,430.23,1052,719.75,2,52
CP II 40,35,41.6,0.43,70,9.5,160,372.09,1105,784.14,2,51
CP II 40,35,41.6,0.43,80,9.5,165,383.72,1099,766.86,2,51
CP II 40,35,41.6,0.43,90,9.5,170,395.35,1092,750.54,2,51
CP II 40,35,41.6,0.43,100,9.5,175,406.98,1085.67,733.58,2,51
CP II 40,35,41.6,0.43,110,9.5,180,418.6,1080,715.99,2,51
CP II 40,35,41.6,0.43,120,9.5,185,430.23,1075,697.76,2,51
CP II 40,35,41.6,0.43,130,9.5,190,441.86,1068,681.43,2,51
CP II 40,35,41.6,0.43,140,9.5,195,453.49,1062,664.16,2,51
CP II 40,35,41.6,0.43,70,12.5,148,344.19,1118,826.94,2,51
CP II 40,35,41.6,0.43,80,12.5,155,360.47,1110,802.37,2,51
CP II 40,35,41.6,0.43,90,12.5,161,374.42,1104,780.49,2,51
CP II 40,35,41.6,0.43,100,12.5,167,388.37,1096.67,759.89,2,51
CP II 40,35,41.6,0.43,110,12.5,173,402.33,1089.67,738.96,2,51
CP II 40,35,41.6,0.43,120,12.5,180,418.6,1081,715.03,2,51
CP II 40,35,41.6,0.43,130,12.5,186,432.56,1074,694.11,2,51
CP II 40,35,41.6,0.43,140,12.5,192,446.51,1067,673.19,2,51
CP II 40,35,41.6,0.43,70,19,142,330.23,1127,845.95,2,51
CP II 40,35,41.6,0.43,80,19,149,346.51,1117,823.3,2,51
CP II 40,35,41.6,0.43,90,19,156,362.79,1109,798.73,2,51
CP II 40,35,41.6,0.43,100,19,163,379.07,1102,773.2,2,51
CP II 40,35,41.6,0.43,110,19,169,393.02,1093,754.19,2,51
CP II 40,35,41.6,0.43,120,19,176,409.3,1085,729.62,2,51
CP II 40,35,41.6,0.43,130,19,183,425.58,1076,706,2,51
CP II 40,35,41.6,0.43,140,19,190,441.86,1068,681.43,2,51
CP II 40,35,41.6,0.43,70,25,133,309.3,1138,876.86,2,51
CP II 40,35,41.6,0.43,80,25,140,325.58,1129,853.25,2,51
CP II 40,35,41.6,0.43,90,25,148,344.19,1120,825.03,2,51
CP II 40,35,41.6,0.43,100,25,155,360.47,1111,801.42,2,51
CP II 40,35,41.6,0.43,110,25,163,379.07,1102,773.2,2,51
CP II 40,35,41.6,0.43,120,25,170,395.35,1093,749.59,2,51
CP II 40,35,41.6,0.43,130,25,178,413.95,1084,721.37,2,51
CP II 40,35,41.6,0.43,140,25,185,430.23,1075,697.76,2,51
CP II 40,35,41.6,0.43,70,9.5,160,372.09,1127,763.1,2,50
CP II 40,35,41.6,0.43,80,9.5,165,383.72,1121,745.82,2,50
CP II 40,35,41.6,0.43,90,9.5,170,395.35,1115,728.55,2,50
CP II 40,35,41.6,0.43,100,9.5,175,406.98,1109,711.27,2,50
CP II 40,35,41.6,0.43,110,9.5,180,418.6,1103,693.99,2,50
CP II 40,35,41.6,0.43,120,9.5,185,430.23,1097,676.72,2,50
CP II 40,35,41.6,0.43,130,9.5,190,441.86,1091,659.44,2,50
CP II 40,35,41.6,0.43,140,9.5,195,453.49,1085,642.16,2,50
CP II 40,35,41.6,0.43,70,12.5,148,344.19,1143,803.03,2,50
CP II 40,35,41.6,0.43,80,12.5,155,360.47,1134,779.42,2,50
CP II 40,35,41.6,0.43,90,12.5,161,374.42,1127,758.5,2,50
CP II 40,35,41.6,0.43,100,12.5,167,388.37,1119,738.53,2,50
CP II 40,35,41.6,0.43,110,12.5,173,402.33,1111,718.56,2,50
CP II 40,35,41.6,0.43,120,12.5,180,418.6,1104,693.04,2,50
CP II 40,35,41.6,0.43,130,12.5,186,432.56,1095,674.03,2,50
CP II 40,35,41.6,0.43,140,12.5,192,446.51,1089,652.15,2,50
CP II 40,35,41.6,0.43,70,19,142,330.23,1150,823.96,2,50
CP II 40,35,41.6,0.43,80,19,149,346.51,1142,799.39,2,50
CP II 40,35,41.6,0.43,90,19,156,362.79,1133,775.77,2,50
CP II 40,35,41.6,0.43,100,19,163,379.07,1124.67,751.52,2,50
CP II 40,35,41.6,0.43,110,19,169,393.02,1116.17,732.03,2,50
CP II 40,35,41.6,0.43,120,19,176,409.3,1107.67,707.94,2,50
CP II 40,35,41.6,0.43,130,19,183,425.58,1099.17,683.85,2,50
CP II 40,35,41.6,0.43,140,19,190,441.86,1090.67,659.76,2,50
CP II 40,35,41.6,0.43,70,25,133,309.3,1160,855.82,2,50
CP II 40,35,41.6,0.43,80,25,140,325.58,1152,831.25,2,50
CP II 40,35,41.6,0.43,90,25,148,344.19,1143,803.03,2,50
CP II 40,35,41.6,0.43,100,25,155,360.47,1134.67,778.78,2,50
CP II 40,35,41.6,0.43,110,25,163,379.07,1125,751.2,2,50
CP II 40,35,41.6,0.43,120,25,170,395.35,1115,728.55,2,50
CP II 40,35,41.6,0.43,130,25,178,413.95,1105,701.29,2,50
CP II 40,35,41.6,0.43,140,25,185,430.23,1097,676.72,2,50
CP II 40,35,41.6,0.43,70,9.5,160,372.09,1150,741.1,2,49
CP II 40,35,41.6,0.43,80,9.5,165,383.72,1145,722.87,2,49
CP II 40,35,41.6,0.43,90,9.5,170,395.35,1138,706.55,2,49
CP II 40,35,41.6,0.43,100,9.5,175,406.98,1132.33,688.95,2,49
CP II 40,35,41.6,0.43,110,9.5,180,418.6,1126.33,671.68,2,49
CP II 40,35,41.6,0.43,120,9.5,185,430.23,1118,656.63,2,49
CP II 40,35,41.6,0.43,130,9.5,190,441.86,1112,639.35,2,49
CP II 40,35,41.6,0.43,140,9.5,195,453.49,1106,622.08,2,49
CP II 40,35,41.6,0.43,70,12.5,148,344.19,1165,781.99,2,49
CP II 40,35,41.6,0.43,80,12.5,155,360.47,1157,757.42,2,49
CP II 40,35,41.6,0.43,90,12.5,161,374.42,1149,737.46,2,49
CP II 40,35,41.6,0.43,100,12.5,167,388.37,1141,717.49,2,49
CP II 40,35,41.6,0.43,110,12.5,173,402.33,1135,695.61,2,49
CP II 40,35,41.6,0.43,120,12.5,180,418.6,1125,672.95,2,49
CP II 40,35,41.6,0.43,130,12.5,186,432.56,1117,652.99,2,49
CP II 40,35,41.6,0.43,140,12.5,192,446.51,1111,631.11,2,49
CP II 40,35,41.6,0.43,70,19,142,330.23,1172,802.92,2,49
CP II 40,35,41.6,0.43,80,19,149,346.51,1165,777.39,2,49
CP II 40,35,41.6,0.43,90,19,156,362.79,1155,754.73,2,49
CP II 40,35,41.6,0.43,100,19,163,379.07,1147,730.16,2,49
CP II 40,35,41.6,0.43,110,19,169,393.02,1138.5,710.67,2,49
CP II 40,35,41.6,0.43,120,19,176,409.3,1130,686.58,2,49
CP II 40,35,41.6,0.43,130,19,183,425.58,1121.5,662.49,2,49
CP II 40,35,41.6,0.43,140,19,190,441.86,1113,638.4,2,49
CP II 40,35,41.6,0.43,70,25,133,309.3,1184,832.87,2,49
CP II 40,35,41.6,0.43,80,25,140,325.58,1176,808.3,2,49
CP II 40,35,41.6,0.43,90,25,148,344.19,1165,781.99,2,49
CP II 40,35,41.6,0.43,100,25,155,360.47,1156,758.38,2,49
CP II 40,35,41.6,0.43,110,25,163,379.07,1146.5,730.64,2,49
CP II 40,35,41.6,0.43,120,25,170,395.35,1137,707.51,2,49
CP II 40,35,41.6,0.43,130,25,178,413.95,1127.5,679.77,2,49
CP II 40,35,41.6,0.43,140,25,185,430.23,1118,656.63,2,49
CP II 40,35,41.6,0.43,70,9.5,160,372.09,1174,718.15,2,48
CP II 40,35,41.6,0.43,80,9.5,165,383.72,1167,701.83,2,48
CP II 40,35,41.6,0.43,90,9.5,170,395.35,1160,685.51,2,48
CP II 40,35,41.6,0.43,100,9.5,175,406.98,1155,667.28,2,48
CP II 40,35,41.6,0.43,110,9.5,180,418.6,1148,650.96,2,48
CP II 40,35,41.6,0.43,120,9.5,185,430.23,1141,634.64,2,48
CP II 40,35,41.6,0.43,130,9.5,190,441.86,1134,618.31,2,48
CP II 40,35,41.6,0.43,140,9.5,195,453.49,1129,600.08,2,48
CP II 40,35,41.6,0.43,70,12.5,148,344.19,1189,759.04,2,48
CP II 40,35,41.6,0.43,80,12.5,155,360.47,1181,734.47,2,48
CP II 40,35,41.6,0.43,90,12.5,161,374.42,1171,716.42,2,48
CP II 40,35,41.6,0.43,100,12.5,167,388.37,1164,695.49,2,48
CP II 40,35,41.6,0.43,110,12.5,173,402.33,1156,675.53,2,48
CP II 40,35,41.6,0.43,120,12.5,180,418.6,1147,651.91,2,48
CP II 40,35,41.6,0.43,130,12.5,186,432.56,1139,631.95,2,48
CP II 40,35,41.6,0.43,140,12.5,192,446.51,1132,611.02,2,48
CP II 40,35,41.6,0.43,70,19,142,330.23,1197,779.01,2,48
CP II 40,35,41.6,0.43,80,19,149,346.51,1187,756.35,2,48
CP II 40,35,41.6,0.43,90,19,156,362.79,1179,731.78,2,48
CP II 40,35,41.6,0.43,100,19,163,379.07,1169.67,708.49,2,48
CP II 40,35,41.6,0.43,110,19,169,393.02,1163,687.24,2,48
CP II 40,35,41.6,0.43,120,19,176,409.3,1154,663.63,2,48
CP II 40,35,41.6,0.43,130,19,183,425.58,1145,640.02,2,48
CP II 40,35,41.6,0.43,140,19,190,441.86,1136,616.4,2,48
CP II 40,35,41.6,0.43,70,25,133,309.3,1207,810.87,2,48
CP II 40,35,41.6,0.43,80,25,140,325.58,1199,786.3,2,48
CP II 40,35,41.6,0.43,90,25,148,344.19,1189,759.04,2,48
CP II 40,35,41.6,0.43,100,25,155,360.47,1180.33,735.11,2,48
CP II 40,35,41.6,0.43,110,25,163,379.07,1169,709.12,2,48
CP II 40,35,41.6,0.43,120,25,170,395.35,1160,685.51,2,48
CP II 40,35,41.6,0.43,130,25,178,413.95,1151,657.29,2,48
CP II 40,35,41.6,0.43,140,25,185,430.23,1142,633.68,2,48
CP II 40,35,41.6,0.43,70,9.5,160,372.09,1196,697.11,2,47
CP II 40,35,41.6,0.43,80,9.5,165,383.72,1190,679.83,2,47
CP II 40,35,41.6,0.43,90,9.5,170,395.35,1184,662.56,2,47
CP II 40,35,41.6,0.43,100,9.5,175,406.98,1176,647.19,2,47
CP II 40,35,41.6,0.43,110,9.5,180,418.6,1170,629.92,2,47
CP II 40,35,41.6,0.43,120,9.5,185,430.23,1164,612.64,2,47
CP II 40,35,41.6,0.43,130,9.5,190,441.86,1158,595.36,2,47
CP II 40,35,41.6,0.43,140,9.5,195,453.49,1151,579.04,2,47
CP II 40,35,41.6,0.43,70,12.5,148,344.19,1211,738,2,47
CP II 40,35,41.6,0.43,80,12.5,155,360.47,1203,713.43,2,47
CP II 40,35,41.6,0.43,90,12.5,161,374.42,1195,693.46,2,47
CP II 40,35,41.6,0.43,100,12.5,167,388.37,1187,673.5,2,47
CP II 40,35,41.6,0.43,110,12.5,173,402.33,1179,653.53,2,47
CP II 40,35,41.6,0.43,120,12.5,180,418.6,1171,628.96,2,47
CP II 40,35,41.6,0.43,130,12.5,186,432.56,1163,608.99,2,47
CP II 40,35,41.6,0.43,140,12.5,192,446.51,1155,589.03,2,47
CP II 40,35,41.6,0.43,70,19,142,330.23,1219,757.97,2,47
CP II 40,35,41.6,0.43,80,19,149,346.51,1211,733.4,2,47
CP II 40,35,41.6,0.43,90,19,156,362.79,1201,710.74,2,47
CP II 40,35,41.6,0.43,100,19,163,379.07,1192.33,686.81,2,47
CP II 40,35,41.6,0.43,110,19,169,393.02,1185,666.2,2,47
CP II 40,35,41.6,0.43,120,19,176,409.3,1176,642.59,2,47
CP II 40,35,41.6,0.43,130,19,183,425.58,1165.33,620.57,2,47
CP II 40,35,41.6,0.43,140,19,190,441.86,1156.33,596.96,2,47
CP II 40,35,41.6,0.43,70,25,133,309.3,1231,787.92,2,47
CP II 40,35,41.6,0.43,80,25,140,325.58,1223,763.35,2,47
CP II 40,35,41.6,0.43,90,25,148,344.19,1213,736.09,2,47
CP II 40,35,41.6,0.43,100,25,155,360.47,1202,714.39,2,47
CP II 40,35,41.6,0.43,110,25,163,379.07,1193,686.17,2,47
CP II 40,35,41.6,0.43,120,25,170,395.35,1184,662.56,2,47
CP II 40,35,41.6,0.43,130,25,178,413.95,1172,637.21,2,47
CP II 40,35,41.6,0.43,140,25,185,430.23,1164,612.64,2,47
CP II 40,35,41.6,0.43,70,9.5,160,372.09,1219,675.11,2,46
CP II 40,35,41.6,0.43,80,9.5,165,383.72,1213,657.84,2,46
CP II 40,35,41.6,0.43,90,9.5,170,395.35,1207,640.56,2,46
CP II 40,35,41.6,0.43,100,9.5,175,406.98,1199,625.2,2,46
CP II 40,35,41.6,0.43,110,9.5,180,418.6,1193,607.92,2,46
CP II 40,35,41.6,0.43,120,9.5,185,430.23,1187,590.64,2,46
CP II 40,35,41.6,0.43,130,9.5,190,441.86,1179,575.28,2,46
CP II 40,35,41.6,0.43,140,9.5,195,453.49,1173,558,2,46
CP II 40,35,41.6,0.43,70,12.5,148,344.19,1235,715.05,2,46
CP II 40,35,41.6,0.43,80,12.5,155,360.47,1227,690.48,2,46
CP II 40,35,41.6,0.43,90,12.5,161,374.42,1219,670.51,2,46
CP II 40,35,41.6,0.43,100,12.5,167,388.37,1211,650.54,2,46
CP II 40,35,41.6,0.43,110,12.5,173,402.33,1203,630.58,2,46
CP II 40,35,41.6,0.43,120,12.5,180,418.6,1193,607.92,2,46
CP II 40,35,41.6,0.43,130,12.5,186,432.56,1185,587.95,2,46
CP II 40,35,41.6,0.43,140,12.5,192,446.51,1177,567.99,2,46
CP II 40,35,41.6,0.43,70,19,142,330.23,1243,735.01,2,46
CP II 40,35,41.6,0.43,80,19,149,346.51,1235,710.44,2,46
CP II 40,35,41.6,0.43,90,19,156,362.79,1225,687.79,2,46
CP II 40,35,41.6,0.43,100,19,163,379.07,1216.33,663.86,2,46
CP II 40,35,41.6,0.43,110,19,169,393.02,1207.33,644.84,2,46
CP II 40,35,41.6,0.43,120,19,176,409.3,1198.33,621.23,2,46
CP II 40,35,41.6,0.43,130,19,183,425.58,1189.33,597.62,2,46
CP II 40,35,41.6,0.43,140,19,190,441.86,1180.33,574,2,46
CP II 40,35,41.6,0.43,70,25,133,309.3,1255,764.97,2,46
CP II 40,35,41.6,0.43,80,25,140,325.58,1247,740.4,2,46
CP II 40,35,41.6,0.43,90,25,148,344.19,1235,715.05,2,46
CP II 40,35,41.6,0.43,100,25,155,360.47,1225.67,691.75,2,46
CP II 40,35,41.6,0.43,110,25,163,379.07,1215.67,664.49,2,46
CP II 40,35,41.6,0.43,120,25,170,395.35,1205.67,641.84,2,46
CP II 40,35,41.6,0.43,130,25,178,413.95,1195.67,614.58,2,46
CP II 40,35,41.6,0.43,140,25,185,430.23,1185.67,591.92,2,46
CP II 40,35,41.6,0.43,70,9.5,160,372.09,1243,652.16,2,45
CP II 40,35,41.6,0.43,80,9.5,165,383.72,1235,636.8,2,45
CP II 40,35,41.6,0.43,90,9.5,170,395.35,1229,619.52,2,45
CP II 40,35,41.6,0.43,100,9.5,175,406.98,1221.67,603.52,2,45
CP II 40,35,41.6,0.43,110,9.5,180,418.6,1214.67,587.2,2,45
CP II 40,35,41.6,0.43,120,9.5,185,430.23,1207.67,570.88,2,45
CP II 40,35,41.6,0.43,130,9.5,190,441.86,1200.67,554.56,2,45
CP II 40,35,41.6,0.43,140,9.5,195,453.49,1195,536.96,2,45
CP II 40,35,41.6,0.43,70,12.5,148,344.19,1259,692.1,2,45
CP II 40,35,41.6,0.43,80,12.5,155,360.47,1249,669.44,2,45
CP II 40,35,41.6,0.43,90,12.5,161,374.42,1241,649.47,2,45
CP II 40,35,41.6,0.43,100,12.5,167,388.37,1233,629.5,2,45
CP II 40,35,41.6,0.43,110,12.5,173,402.33,1225,609.54,2,45
CP II 40,35,41.6,0.43,120,12.5,180,418.6,1216,585.92,2,45
CP II 40,35,41.6,0.43,130,12.5,186,432.56,1207,566.91,2,45
CP II 40,35,41.6,0.43,140,12.5,192,446.51,1198,547.9,2,45
CP II 40,35,41.6,0.43,70,19,142,330.23,1266,713.02,2,45
CP II 40,35,41.6,0.43,80,19,149,346.51,1257,689.4,2,45
CP II 40,35,41.6,0.43,90,19,156,362.79,1248,665.79,2,45
CP II 40,35,41.6,0.43,100,19,163,379.07,1239,642.18,2,45
CP II 40,35,41.6,0.43,110,19,169,393.02,1230,623.17,2,45
CP II 40,35,41.6,0.43,120,19,176,409.3,1221,599.55,2,45
CP II 40,35,41.6,0.43,130,19,183,425.58,1212,575.94,2,45
CP II 40,35,41.6,0.43,140,19,190,441.86,1201,554.24,2,45
CP II 40,35,41.6,0.43,70,25,133,309.3,1279,742.01,2,45
CP II 40,35,41.6,0.43,80,25,140,325.58,1269,719.36,2,45
CP II 40,35,41.6,0.43,90,25,148,344.19,1259,692.1,2,45
CP II 40,35,41.6,0.43,100,25,155,360.47,1249,669.44,2,45
CP II 40,35,41.6,0.43,110,25,163,379.07,1239,642.18,2,45
CP II 40,35,41.6,0.43,120,25,170,395.35,1229,619.52,2,45
CP II 40,35,41.6,0.43,130,25,178,413.95,1219,592.26,2,45
CP II 40,35,41.6,0.43,140,25,185,430.23,1209,569.6,2,45
CP II 40,40,46.6,0.39,70,9.5,160,410.26,900,947.82,2,60
CP II 40,40,46.6,0.39,80,9.5,165,423.08,894,929.53,2,60
CP II 40,40,46.6,0.39,90,9.5,170,435.9,890,909.33,2,60
CP II 40,40,46.6,0.39,100,9.5,175,448.72,884.67,890.4,2,60
CP II 40,40,46.6,0.39,110,9.5,180,461.54,879.67,871.16,2,60
CP II 40,40,46.6,0.39,120,9.5,185,474.36,874.67,851.91,2,60
CP II 40,40,46.6,0.39,130,9.5,190,487.18,869.67,832.67,2,60
CP II 40,40,46.6,0.39,140,9.5,195,500,864.67,813.42,2,60
CP II 40,40,46.6,0.39,70,12.5,148,379.49,912,994,2,60
CP II 40,40,46.6,0.39,80,12.5,155,397.44,905,967.06,2,60
CP II 40,40,46.6,0.39,90,12.5,161,412.82,898,944.92,2,60
CP II 40,40,46.6,0.39,100,12.5,167,428.21,893,920.87,2,60
CP II 40,40,46.6,0.39,110,12.5,173,443.59,886,898.74,2,60
CP II 40,40,46.6,0.39,120,12.5,180,461.54,879,871.79,2,60
CP II 40,40,46.6,0.39,130,12.5,186,476.92,873,848.7,2,60
CP II 40,40,46.6,0.39,140,12.5,192,492.31,869,823.69,2,60
CP II 40,40,46.6,0.39,70,19,142,364.1,917,1018.05,2,60
CP II 40,40,46.6,0.39,80,19,149,382.05,911,990.16,2,60
CP II 40,40,46.6,0.39,90,19,156,400,903,964.17,2,60
CP II 40,40,46.6,0.39,100,19,163,417.95,896.33,936.91,2,60
CP II 40,40,46.6,0.39,110,19,169,433.33,891,913.18,2,60
CP II 40,40,46.6,0.39,120,19,176,451.28,884,886.23,2,60
CP II 40,40,46.6,0.39,130,19,183,469.23,877,859.29,2,60
CP II 40,40,46.6,0.39,140,19,190,487.18,870,832.35,2,60
CP II 40,40,46.6,0.39,70,25,133,341.03,927,1051.74,2,60
CP II 40,40,46.6,0.39,80,25,140,358.97,919,1025.75,2,60
CP II 40,40,46.6,0.39,90,25,148,379.49,911,994.96,2,60
CP II 40,40,46.6,0.39,100,25,155,397.44,905,967.06,2,60
CP II 40,40,46.6,0.39,110,25,163,417.95,897,936.27,2,60
CP II 40,40,46.6,0.39,120,25,170,435.9,889,910.28,2,60
CP II 40,40,46.6,0.39,130,25,178,456.41,881,879.49,2,60
CP II 40,40,46.6,0.39,140,25,185,474.36,875,851.59,2,60
CP II 40,40,46.6,0.39,70,9.5,160,410.26,922,926.78,2,59
CP II 40,40,46.6,0.39,80,9.5,165,423.08,917,907.53,2,59
CP II 40,40,46.6,0.39,90,9.5,170,435.9,912,888.29,2,59
CP II 40,40,46.6,0.39,100,9.5,175,448.72,907,869.04,2,59
CP II 40,40,46.6,0.39,110,9.5,180,461.54,902,849.8,2,59
CP II 40,40,46.6,0.39,120,9.5,185,474.36,897,830.55,2,59
CP II 40,40,46.6,0.39,130,9.5,190,487.18,892,811.31,2,59
CP II 40,40,46.6,0.39,140,9.5,195,500,887,792.06,2,59
CP II 40,40,46.6,0.39,70,12.5,148,379.49,935,972.01,2,59
CP II 40,40,46.6,0.39,80,12.5,155,397.44,927,946.02,2,59
CP II 40,40,46.6,0.39,90,12.5,161,412.82,921,922.93,2,59
CP II 40,40,46.6,0.39,100,12.5,167,428.21,916,898.88,2,59
CP II 40,40,46.6,0.39,110,12.5,173,443.59,909,876.74,2,59
CP II 40,40,46.6,0.39,120,12.5,180,461.54,903,848.84,2,59
CP II 40,40,46.6,0.39,130,12.5,186,476.92,895,827.66,2,59
CP II 40,40,46.6,0.39,140,12.5,192,492.31,889,804.57,2,59
CP II 40,40,46.6,0.39,70,19,142,364.1,941,995.1,2,59
CP II 40,40,46.6,0.39,80,19,149,382.05,933,969.12,2,59
CP II 40,40,46.6,0.39,90,19,156,400,927,941.22,2,59
CP II 40,40,46.6,0.39,100,19,163,417.95,919.67,914.59,2,59
CP II 40,40,46.6,0.39,110,19,169,433.33,912.67,892.45,2,59
CP II 40,40,46.6,0.39,120,19,176,451.28,905.67,865.51,2,59
CP II 40,40,46.6,0.39,130,19,183,469.23,898.67,838.57,2,59
CP II 40,40,46.6,0.39,140,19,190,487.18,891.67,811.63,2,59
CP II 40,40,46.6,0.39,70,25,133,341.03,949,1030.7,2,59
CP II 40,40,46.6,0.39,80,25,140,358.97,943,1002.8,2,59
CP II 40,40,46.6,0.39,90,25,148,379.49,935,972.01,2,59
CP II 40,40,46.6,0.39,100,25,155,397.44,928.33,944.75,2,59
CP II 40,40,46.6,0.39,110,25,163,417.95,920,914.27,2,59
CP II 40,40,46.6,0.39,120,25,170,435.9,912,888.29,2,59
CP II 40,40,46.6,0.39,130,25,178,456.41,905,856.54,2,59
CP II 40,40,46.6,0.39,140,25,185,474.36,897,830.55,2,59
CP II 40,40,46.6,0.39,70,9.5,160,410.26,945,904.78,2,58
CP II 40,40,46.6,0.39,80,9.5,165,423.08,939,886.49,2,58
CP II 40,40,46.6,0.39,90,9.5,170,435.9,935,866.29,2,58
CP II 40,40,46.6,0.39,100,9.5,175,448.72,929.67,847.36,2,58
CP II 40,40,46.6,0.39,110,9.5,180,461.54,924.67,828.12,2,58
CP II 40,40,46.6,0.39,120,9.5,185,474.36,919.67,808.87,2,58
CP II 40,40,46.6,0.39,130,9.5,190,487.18,914.67,789.63,2,58
CP II 40,40,46.6,0.39,140,9.5,195,500,909.67,770.38,2,58
CP II 40,40,46.6,0.39,70,12.5,148,379.49,958,950.01,2,58
CP II 40,40,46.6,0.39,80,12.5,155,397.44,949,924.98,2,58
CP II 40,40,46.6,0.39,90,12.5,161,412.82,943,901.89,2,58
CP II 40,40,46.6,0.39,100,12.5,167,428.21,937,878.79,2,58
CP II 40,40,46.6,0.39,110,12.5,173,443.59,931,855.7,2,58
CP II 40,40,46.6,0.39,120,12.5,180,461.54,924,828.76,2,58
CP II 40,40,46.6,0.39,130,12.5,186,476.92,919,804.71,2,58
CP II 40,40,46.6,0.39,140,12.5,192,492.31,912,782.57,2,58
CP II 40,40,46.6,0.39,70,19,142,364.1,964,973.11,2,58
CP II 40,40,46.6,0.39,80,19,149,382.05,957,946.16,2,58
CP II 40,40,46.6,0.39,90,19,156,400,949,920.18,2,58
CP II 40,40,46.6,0.39,100,19,163,417.95,941.67,893.55,2,58
CP II 40,40,46.6,0.39,110,19,169,433.33,936,870.14,2,58
CP II 40,40,46.6,0.39,120,19,176,451.28,929,843.2,2,58
CP II 40,40,46.6,0.39,130,19,183,469.23,921,817.21,2,58
CP II 40,40,46.6,0.39,140,19,190,487.18,914,790.27,2,58
CP II 40,40,46.6,0.39,70,25,133,341.03,972,1008.7,2,58
CP II 40,40,46.6,0.39,80,25,140,358.97,965,981.76,2,58
CP II 40,40,46.6,0.39,90,25,148,379.49,957,950.97,2,58
CP II 40,40,46.6,0.39,100,25,155,397.44,949.67,924.34,2,58
CP II 40,40,46.6,0.39,110,25,163,417.95,942.17,893.07,2,58
CP II 40,40,46.6,0.39,120,25,170,435.9,934.67,866.61,2,58
CP II 40,40,46.6,0.39,130,25,178,456.41,927.17,835.34,2,58
CP II 40,40,46.6,0.39,140,25,185,474.36,919.67,808.87,2,58
CP II 40,40,46.6,0.39,70,9.5,160,410.26,968,882.78,2,57
CP II 40,40,46.6,0.39,80,9.5,165,423.08,962,864.5,2,57
CP II 40,40,46.6,0.39,90,9.5,170,435.9,957,845.25,2,57
CP II 40,40,46.6,0.39,100,9.5,175,448.72,951.33,826.64,2,57
CP II 40,40,46.6,0.39,110,9.5,180,461.54,945.83,807.88,2,57
CP II 40,40,46.6,0.39,120,9.5,185,474.36,940.33,789.11,2,57
CP II 40,40,46.6,0.39,130,9.5,190,487.18,937,768.27,2,57
CP II 40,40,46.6,0.39,140,9.5,195,500,931,749.98,2,57
CP II 40,40,46.6,0.39,70,12.5,148,379.49,980,928.97,2,57
CP II 40,40,46.6,0.39,80,12.5,155,397.44,974,901.07,2,57
CP II 40,40,46.6,0.39,90,12.5,161,412.82,967,878.93,2,57
CP II 40,40,46.6,0.39,100,12.5,167,428.21,960.67,856.16,2,57
CP II 40,40,46.6,0.39,110,12.5,173,443.59,954.17,833.54,2,57
CP II 40,40,46.6,0.39,120,12.5,180,461.54,947.67,806.12,2,57
CP II 40,40,46.6,0.39,130,12.5,186,476.92,941.17,783.51,2,57
CP II 40,40,46.6,0.39,140,12.5,192,492.31,934.67,760.89,2,57
CP II 40,40,46.6,0.39,70,19,142,364.1,987,951.11,2,57
CP II 40,40,46.6,0.39,80,19,149,382.05,980,924.17,2,57
CP II 40,40,46.6,0.39,90,19,156,400,972,898.18,2,57
CP II 40,40,46.6,0.39,100,19,163,417.95,964.67,871.56,2,57
CP II 40,40,46.6,0.39,110,19,169,433.33,957.17,849.9,2,57
CP II 40,40,46.6,0.39,120,19,176,451.28,951,822.16,2,57
CP II 40,40,46.6,0.39,130,19,183,469.23,944,795.21,2,57
CP II 40,40,46.6,0.39,140,19,190,487.18,937,768.27,2,57
CP II 40,40,46.6,0.39,70,25,133,341.03,997,984.79,2,57
CP II 40,40,46.6,0.39,80,25,140,358.97,989,958.81,2,57
CP II 40,40,46.6,0.39,90,25,148,379.49,981,928.02,2,57
CP II 40,40,46.6,0.39,100,25,155,397.44,973,902.03,2,57
CP II 40,40,46.6,0.39,110,25,163,417.95,965,871.24,2,57
CP II 40,40,46.6,0.39,120,25,170,435.9,957,845.25,2,57
CP II 40,40,46.6,0.39,130,25,178,456.41,949,814.46,2,57
CP II 40,40,46.6,0.39,140,25,185,474.36,941,788.47,2,57
CP II 40,40,46.6,0.39,70,9.5,160,410.26,991,860.79,2,56
CP II 40,40,46.6,0.39,80,9.5,165,423.08,984,843.46,2,56
CP II 40,40,46.6,0.39,90,9.5,170,435.9,979,824.21,2,56
CP II 40,40,46.6,0.39,100,9.5,175,448.72,975,804.01,2,56
CP II 40,40,46.6,0.39,110,9.5,180,461.54,969,785.72,2,56
CP II 40,40,46.6,0.39,120,9.5,185,474.36,963,767.43,2,56
CP II 40,40,46.6,0.39,130,9.5,190,487.18,958,748.19,2,56
CP II 40,40,46.6,0.39,140,9.5,195,500,952,729.9,2,56
CP II 40,40,46.6,0.39,70,12.5,148,379.49,1004,906.02,2,56
CP II 40,40,46.6,0.39,80,12.5,155,397.44,995,880.99,2,56
CP II 40,40,46.6,0.39,90,12.5,161,412.82,990,856.94,2,56
CP II 40,40,46.6,0.39,100,12.5,167,428.21,982.33,835.44,2,56
CP II 40,40,46.6,0.39,110,12.5,173,443.59,975.33,813.3,2,56
CP II 40,40,46.6,0.39,120,12.5,180,461.54,968.33,786.36,2,56
CP II 40,40,46.6,0.39,130,12.5,186,476.92,961.33,764.22,2,56
CP II 40,40,46.6,0.39,140,12.5,192,492.31,955,741.45,2,56
CP II 40,40,46.6,0.39,70,19,142,364.1,1010,929.11,2,56
CP II 40,40,46.6,0.39,80,19,149,382.05,1002,903.13,2,56
CP II 40,40,46.6,0.39,90,19,156,400,994,877.14,2,56
CP II 40,40,46.6,0.39,100,19,163,417.95,988,849.24,2,56
CP II 40,40,46.6,0.39,110,19,169,433.33,980,828.06,2,56
CP II 40,40,46.6,0.39,120,19,176,451.28,973,801.12,2,56
CP II 40,40,46.6,0.39,130,19,183,469.23,965,775.13,2,56
CP II 40,40,46.6,0.39,140,19,190,487.18,957,749.14,2,56
CP II 40,40,46.6,0.39,70,25,133,341.03,1020,962.8,2,56
CP II 40,40,46.6,0.39,80,25,140,358.97,1012,936.81,2,56
CP II 40,40,46.6,0.39,90,25,148,379.49,1004,906.02,2,56
CP II 40,40,46.6,0.39,100,25,155,397.44,996,880.03,2,56
CP II 40,40,46.6,0.39,110,25,163,417.95,988,849.24,2,56
CP II 40,40,46.6,0.39,120,25,170,435.9,980,823.25,2,56
CP II 40,40,46.6,0.39,130,25,178,456.41,972,792.46,2,56
CP II 40,40,46.6,0.39,140,25,185,474.36,964,766.48,2,56
CP II 40,40,46.6,0.39,70,9.5,160,410.26,1013,839.75,2,55
CP II 40,40,46.6,0.39,80,9.5,165,423.08,1007,821.46,2,55
CP II 40,40,46.6,0.39,90,9.5,170,435.9,1002,802.21,2,55
CP II 40,40,46.6,0.39,100,9.5,175,448.72,996.33,783.61,2,55
CP II 40,40,46.6,0.39,110,9.5,180,461.54,990.83,764.84,2,55
CP II 40,40,46.6,0.39,120,9.5,185,474.36,985.33,746.07,2,55
CP II 40,40,46.6,0.39,130,9.5,190,487.18,979.83,727.31,2,55
CP II 40,40,46.6,0.39,140,9.5,195,500,974.33,708.54,2,55
CP II 40,40,46.6,0.39,70,12.5,148,379.49,1027,884.02,2,55
CP II 40,40,46.6,0.39,80,12.5,155,397.44,1019,858.04,2,55
CP II 40,40,46.6,0.39,90,12.5,161,412.82,1011,836.85,2,55
CP II 40,40,46.6,0.39,100,12.5,167,428.21,1005,813.76,2,55
CP II 40,40,46.6,0.39,110,12.5,173,443.59,1000,789.71,2,55
CP II 40,40,46.6,0.39,120,12.5,180,461.54,992,763.72,2,55
CP II 40,40,46.6,0.39,130,12.5,186,476.92,985,741.59,2,55
CP II 40,40,46.6,0.39,140,12.5,192,492.31,977,720.41,2,55
CP II 40,40,46.6,0.39,70,19,142,364.1,1033,907.12,2,55
CP II 40,40,46.6,0.39,80,19,149,382.05,1025,881.13,2,55
CP II 40,40,46.6,0.39,90,19,156,400,1017,855.14,2,55
CP II 40,40,46.6,0.39,100,19,163,417.95,1009,829.16,2,55
CP II 40,40,46.6,0.39,110,19,169,433.33,1003,806.06,2,55
CP II 40,40,46.6,0.39,120,19,176,451.28,996,779.12,2,55
CP II 40,40,46.6,0.39,130,19,183,469.23,988,753.13,2,55
CP II 40,40,46.6,0.39,140,19,190,487.18,981,726.19,2,55
CP II 40,40,46.6,0.39,70,25,133,341.03,1042,941.76,2,55
CP II 40,40,46.6,0.39,80,25,140,358.97,1035,914.81,2,55
CP II 40,40,46.6,0.39,90,25,148,379.49,1027,884.02,2,55
CP II 40,40,46.6,0.39,100,25,155,397.44,1019.67,857.4,2,55
CP II 40,40,46.6,0.39,110,25,163,417.95,1010,828.2,2,55
CP II 40,40,46.6,0.39,120,25,170,435.9,1002,802.21,2,55
CP II 40,40,46.6,0.39,130,25,178,456.41,994,771.42,2,55
CP II 40,40,46.6,0.39,140,25,185,474.36,985,746.39,2,55
CP II 40,40,46.6,0.39,70,9.5,160,410.26,1037,816.79,2,54
CP II 40,40,46.6,0.39,80,9.5,165,423.08,1030,799.46,2,54
CP II 40,40,46.6,0.39,90,9.5,170,435.9,1024,781.17,2,54
CP II 40,40,46.6,0.39,100,9.5,175,448.72,1019,761.93,2,54
CP II 40,40,46.6,0.39,110,9.5,180,461.54,1013,743.64,2,54
CP II 40,40,46.6,0.39,120,9.5,185,474.36,1007,725.35,2,54
CP II 40,40,46.6,0.39,130,9.5,190,487.18,1002,706.11,2,54
CP II 40,40,46.6,0.39,140,9.5,195,500,997,686.86,2,54
CP II 40,40,46.6,0.39,70,12.5,148,379.49,1050,862.03,2,54
CP II 40,40,46.6,0.39,80,12.5,155,397.44,1042,836.04,2,54
CP II 40,40,46.6,0.39,90,12.5,161,412.82,1034,814.86,2,54
CP II 40,40,46.6,0.39,100,12.5,167,428.21,1028,791.76,2,54
CP II 40,40,46.6,0.39,110,12.5,173,443.59,1022,768.67,2,54
CP II 40,40,46.6,0.39,120,12.5,180,461.54,1013,743.64,2,54
CP II 40,40,46.6,0.39,130,12.5,186,476.92,1006,721.5,2,54
CP II 40,40,46.6,0.39,140,12.5,192,492.31,999,699.37,2,54
CP II 40,40,46.6,0.39,70,19,142,364.1,1057,884.16,2,54
CP II 40,40,46.6,0.39,80,19,149,382.05,1048,859.13,2,54
CP II 40,40,46.6,0.39,90,19,156,400,1040,833.15,2,54
CP II 40,40,46.6,0.39,100,19,163,417.95,1033,806.2,2,54
CP II 40,40,46.6,0.39,110,19,169,433.33,1025,785.02,2,54
CP II 40,40,46.6,0.39,120,19,176,451.28,1017,759.04,2,54
CP II 40,40,46.6,0.39,130,19,183,469.23,1009,733.05,2,54
CP II 40,40,46.6,0.39,140,19,190,487.18,1002,706.11,2,54
CP II 40,40,46.6,0.39,70,25,133,341.03,1067,917.85,2,54
CP II 40,40,46.6,0.39,80,25,140,358.97,1059,891.86,2,54
CP II 40,40,46.6,0.39,90,25,148,379.49,1049,862.98,2,54
CP II 40,40,46.6,0.39,100,25,155,397.44,1042,836.04,2,54
CP II 40,40,46.6,0.39,110,25,163,417.95,1033,806.2,2,54
CP II 40,40,46.6,0.39,120,25,170,435.9,1024,781.17,2,54
CP II 40,40,46.6,0.39,130,25,178,456.41,1015,751.34,2,54
CP II 40,40,46.6,0.39,140,25,185,474.36,1007,725.35,2,54
CP II 40,40,46.6,0.39,70,9.5,160,410.26,1060,794.8,2,53
CP II 40,40,46.6,0.39,80,9.5,165,423.08,1053,777.47,2,53
CP II 40,40,46.6,0.39,90,9.5,170,435.9,1047,759.18,2,53
CP II 40,40,46.6,0.39,100,9.5,175,448.72,1042,739.93,2,53
CP II 40,40,46.6,0.39,110,9.5,180,461.54,1036,721.64,2,53
CP II 40,40,46.6,0.39,120,9.5,185,474.36,1029,704.31,2,53
CP II 40,40,46.6,0.39,130,9.5,190,487.18,1024,685.07,2,53
CP II 40,40,46.6,0.39,140,9.5,195,500,1018,666.78,2,53
CP II 40,40,46.6,0.39,70,12.5,148,379.49,1073,840.03,2,53
CP II 40,40,46.6,0.39,80,12.5,155,397.44,1064,815,2,53
CP II 40,40,46.6,0.39,90,12.5,161,412.82,1057,792.86,2,53
CP II 40,40,46.6,0.39,100,12.5,167,428.21,1051,769.77,2,53
CP II 40,40,46.6,0.39,110,12.5,173,443.59,1043,748.59,2,53
CP II 40,40,46.6,0.39,120,12.5,180,461.54,1035,722.6,2,53
CP II 40,40,46.6,0.39,130,12.5,186,476.92,1028,700.46,2,53
CP II 40,40,46.6,0.39,140,12.5,192,492.31,1021,678.33,2,53
CP II 40,40,46.6,0.39,70,19,142,364.1,1080,862.17,2,53
CP II 40,40,46.6,0.39,80,19,149,382.05,1072,836.18,2,53
CP II 40,40,46.6,0.39,90,19,156,400,1063,811.15,2,53
CP II 40,40,46.6,0.39,100,19,163,417.95,1054.67,785.48,2,53
CP II 40,40,46.6,0.39,110,19,169,433.33,1048,763.03,2,53
CP II 40,40,46.6,0.39,120,19,176,451.28,1040,737.04,2,53
CP II 40,40,46.6,0.39,130,19,183,469.23,1032,711.05,2,53
CP II 40,40,46.6,0.39,140,19,190,487.18,1024,685.07,2,53
CP II 40,40,46.6,0.39,70,25,133,341.03,1091,894.9,2,53
CP II 40,40,46.6,0.39,80,25,140,358.97,1081,870.82,2,53
CP II 40,40,46.6,0.39,90,25,148,379.49,1073,840.03,2,53
CP II 40,40,46.6,0.39,100,25,155,397.44,1063.67,815.32,2,53
CP II 40,40,46.6,0.39,110,25,163,417.95,1054.67,785.48,2,53
CP II 40,40,46.6,0.39,120,25,170,435.9,1047,759.18,2,53
CP II 40,40,46.6,0.39,130,25,178,456.41,1039,728.39,2,53
CP II 40,40,46.6,0.39,140,25,185,474.36,1029,704.31,2,53
CP II 40,40,46.6,0.39,70,9.5,160,410.26,1082,773.76,2,52
CP II 40,40,46.6,0.39,80,9.5,165,423.08,1075,756.43,2,52
CP II 40,40,46.6,0.39,90,9.5,170,435.9,1069,738.14,2,52
CP II 40,40,46.6,0.39,100,9.5,175,448.72,1064,718.89,2,52
CP II 40,40,46.6,0.39,110,9.5,180,461.54,1058,700.6,2,52
CP II 40,40,46.6,0.39,120,9.5,185,474.36,1052,682.32,2,52
CP II 40,40,46.6,0.39,130,9.5,190,487.18,1046,664.03,2,52
CP II 40,40,46.6,0.39,140,9.5,195,500,1041,644.78,2,52
CP II 40,40,46.6,0.39,70,12.5,148,379.49,1097,817.08,2,52
CP II 40,40,46.6,0.39,80,12.5,155,397.44,1087,793,2,52
CP II 40,40,46.6,0.39,90,12.5,161,412.82,1080,770.87,2,52
CP II 40,40,46.6,0.39,100,12.5,167,428.21,1073,748.73,2,52
CP II 40,40,46.6,0.39,110,12.5,173,443.59,1067,725.63,2,52
CP II 40,40,46.6,0.39,120,12.5,180,461.54,1059,699.65,2,52
CP II 40,40,46.6,0.39,130,12.5,186,476.92,1051,678.47,2,52
CP II 40,40,46.6,0.39,140,12.5,192,492.31,1043,657.29,2,52
CP II 40,40,46.6,0.39,70,19,142,364.1,1103,840.17,2,52
CP II 40,40,46.6,0.39,80,19,149,382.05,1094,815.14,2,52
CP II 40,40,46.6,0.39,90,19,156,400,1086,789.15,2,52
CP II 40,40,46.6,0.39,100,19,163,417.95,1077.33,763.81,2,52
CP II 40,40,46.6,0.39,110,19,169,433.33,1071,741.03,2,52
CP II 40,40,46.6,0.39,120,19,176,451.28,1062,716,2,52
CP II 40,40,46.6,0.39,130,19,183,469.23,1054,690.01,2,52
CP II 40,40,46.6,0.39,140,19,190,487.18,1046,664.03,2,52
CP II 40,40,46.6,0.39,70,25,133,341.03,1113,873.86,2,52
CP II 40,40,46.6,0.39,80,25,140,358.97,1105,847.87,2,52
CP II 40,40,46.6,0.39,90,25,148,379.49,1095,818.99,2,52
CP II 40,40,46.6,0.39,100,25,155,397.44,1087,793,2,52
CP II 40,40,46.6,0.39,110,25,163,417.95,1077.33,763.81,2,52
CP II 40,40,46.6,0.39,120,25,170,435.9,1070,737.18,2,52
CP II 40,40,46.6,0.39,130,25,178,456.41,1061,707.35,2,52
CP II 40,40,46.6,0.39,140,25,185,474.36,1052,682.32,2,52
CP II 40,40,46.6,0.39,70,9.5,160,410.26,1105,751.76,2,51
CP II 40,40,46.6,0.39,80,9.5,165,423.08,1099,733.47,2,51
CP II 40,40,46.6,0.39,90,9.5,170,435.9,1092,716.14,2,51
CP II 40,40,46.6,0.39,100,9.5,175,448.72,1085.67,698.17,2,51
CP II 40,40,46.6,0.39,110,9.5,180,461.54,1080,679.56,2,51
CP II 40,40,46.6,0.39,120,9.5,185,474.36,1075,660.32,2,51
CP II 40,40,46.6,0.39,130,9.5,190,487.18,1068,642.99,2,51
CP II 40,40,46.6,0.39,140,9.5,195,500,1062,624.7,2,51
CP II 40,40,46.6,0.39,70,12.5,148,379.49,1118,796.99,2,51
CP II 40,40,46.6,0.39,80,12.5,155,397.44,1110,771.01,2,51
CP II 40,40,46.6,0.39,90,12.5,161,412.82,1104,747.91,2,51
CP II 40,40,46.6,0.39,100,12.5,167,428.21,1096.67,726.09,2,51
CP II 40,40,46.6,0.39,110,12.5,173,443.59,1089.67,703.96,2,51
CP II 40,40,46.6,0.39,120,12.5,180,461.54,1081,678.61,2,51
CP II 40,40,46.6,0.39,130,12.5,186,476.92,1074,656.47,2,51
CP II 40,40,46.6,0.39,140,12.5,192,492.31,1067,634.33,2,51
CP II 40,40,46.6,0.39,70,19,142,364.1,1127,817.22,2,51
CP II 40,40,46.6,0.39,80,19,149,382.05,1117,793.14,2,51
CP II 40,40,46.6,0.39,90,19,156,400,1109,767.16,2,51
CP II 40,40,46.6,0.39,100,19,163,417.95,1102,740.21,2,51
CP II 40,40,46.6,0.39,110,19,169,433.33,1093,719.99,2,51
CP II 40,40,46.6,0.39,120,19,176,451.28,1085,694,2,51
CP II 40,40,46.6,0.39,130,19,183,469.23,1076,668.97,2,51
CP II 40,40,46.6,0.39,140,19,190,487.18,1068,642.99,2,51
CP II 40,40,46.6,0.39,70,25,133,341.03,1138,849.95,2,51
CP II 40,40,46.6,0.39,80,25,140,358.97,1129,824.92,2,51
CP II 40,40,46.6,0.39,90,25,148,379.49,1120,795.08,2,51
CP II 40,40,46.6,0.39,100,25,155,397.44,1111,770.05,2,51
CP II 40,40,46.6,0.39,110,25,163,417.95,1102,740.21,2,51
CP II 40,40,46.6,0.39,120,25,170,435.9,1093,715.18,2,51
CP II 40,40,46.6,0.39,130,25,178,456.41,1084,685.35,2,51
CP II 40,40,46.6,0.39,140,25,185,474.36,1075,660.32,2,51
CP II 40,40,46.6,0.39,70,9.5,160,410.26,1127,730.72,2,50
CP II 40,40,46.6,0.39,80,9.5,165,423.08,1121,712.43,2,50
CP II 40,40,46.6,0.39,90,9.5,170,435.9,1115,694.14,2,50
CP II 40,40,46.6,0.39,100,9.5,175,448.72,1109,675.86,2,50
CP II 40,40,46.6,0.39,110,9.5,180,461.54,1103,657.57,2,50
CP II 40,40,46.6,0.39,120,9.5,185,474.36,1097,639.28,2,50
CP II 40,40,46.6,0.39,130,9.5,190,487.18,1091,620.99,2,50
CP II 40,40,46.6,0.39,140,9.5,195,500,1085,602.7,2,50
CP II 40,40,46.6,0.39,70,12.5,148,379.49,1143,773.08,2,50
CP II 40,40,46.6,0.39,80,12.5,155,397.44,1134,748.05,2,50
CP II 40,40,46.6,0.39,90,12.5,161,412.82,1127,725.92,2,50
CP II 40,40,46.6,0.39,100,12.5,167,428.21,1119,704.74,2,50
CP II 40,40,46.6,0.39,110,12.5,173,443.59,1111,683.55,2,50
CP II 40,40,46.6,0.39,120,12.5,180,461.54,1104,656.61,2,50
CP II 40,40,46.6,0.39,130,12.5,186,476.92,1095,636.39,2,50
CP II 40,40,46.6,0.39,140,12.5,192,492.31,1089,613.29,2,50
CP II 40,40,46.6,0.39,70,19,142,364.1,1150,795.22,2,50
CP II 40,40,46.6,0.39,80,19,149,382.05,1142,769.24,2,50
CP II 40,40,46.6,0.39,90,19,156,400,1133,744.21,2,50
CP II 40,40,46.6,0.39,100,19,163,417.95,1124.67,718.54,2,50
CP II 40,40,46.6,0.39,110,19,169,433.33,1116.17,697.83,2,50
CP II 40,40,46.6,0.39,120,19,176,451.28,1107.67,672.33,2,50
CP II 40,40,46.6,0.39,130,19,183,469.23,1099.17,646.82,2,50
CP II 40,40,46.6,0.39,140,19,190,487.18,1090.67,621.31,2,50
CP II 40,40,46.6,0.39,70,25,133,341.03,1160,828.91,2,50
CP II 40,40,46.6,0.39,80,25,140,358.97,1152,802.92,2,50
CP II 40,40,46.6,0.39,90,25,148,379.49,1143,773.08,2,50
CP II 40,40,46.6,0.39,100,25,155,397.44,1134.67,747.42,2,50
CP II 40,40,46.6,0.39,110,25,163,417.95,1125,718.22,2,50
CP II 40,40,46.6,0.39,120,25,170,435.9,1115,694.14,2,50
CP II 40,40,46.6,0.39,130,25,178,456.41,1105,665.27,2,50
CP II 40,40,46.6,0.39,140,25,185,474.36,1097,639.28,2,50
CP II 40,40,46.6,0.39,70,9.5,160,410.26,1150,708.73,2,49
CP II 40,40,46.6,0.39,80,9.5,165,423.08,1145,689.48,2,49
CP II 40,40,46.6,0.39,90,9.5,170,435.9,1138,672.15,2,49
CP II 40,40,46.6,0.39,100,9.5,175,448.72,1132.33,653.54,2,49
CP II 40,40,46.6,0.39,110,9.5,180,461.54,1126.33,635.25,2,49
CP II 40,40,46.6,0.39,120,9.5,185,474.36,1118,619.2,2,49
CP II 40,40,46.6,0.39,130,9.5,190,487.18,1112,600.91,2,49
CP II 40,40,46.6,0.39,140,9.5,195,500,1106,582.62,2,49
CP II 40,40,46.6,0.39,70,12.5,148,379.49,1165,752.04,2,49
CP II 40,40,46.6,0.39,80,12.5,155,397.44,1157,726.06,2,49
CP II 40,40,46.6,0.39,90,12.5,161,412.82,1149,704.88,2,49
CP II 40,40,46.6,0.39,100,12.5,167,428.21,1141,683.7,2,49
CP II 40,40,46.6,0.39,110,12.5,173,443.59,1135,660.6,2,49
CP II 40,40,46.6,0.39,120,12.5,180,461.54,1125,636.53,2,49
CP II 40,40,46.6,0.39,130,12.5,186,476.92,1117,615.35,2,49
CP II 40,40,46.6,0.39,140,12.5,192,492.31,1111,592.25,2,49
CP II 40,40,46.6,0.39,70,19,142,364.1,1172,774.18,2,49
CP II 40,40,46.6,0.39,80,19,149,382.05,1165,747.24,2,49
CP II 40,40,46.6,0.39,90,19,156,400,1155,723.17,2,49
CP II 40,40,46.6,0.39,100,19,163,417.95,1147,697.18,2,49
CP II 40,40,46.6,0.39,110,19,169,433.33,1138.5,676.48,2,49
CP II 40,40,46.6,0.39,120,19,176,451.28,1130,650.97,2,49
CP II 40,40,46.6,0.39,130,19,183,469.23,1121.5,625.46,2,49
CP II 40,40,46.6,0.39,140,19,190,487.18,1113,599.95,2,49
CP II 40,40,46.6,0.39,70,25,133,341.03,1184,805.95,2,49
CP II 40,40,46.6,0.39,80,25,140,358.97,1176,779.97,2,49
CP II 40,40,46.6,0.39,90,25,148,379.49,1165,752.04,2,49
CP II 40,40,46.6,0.39,100,25,155,397.44,1156,727.01,2,49
CP II 40,40,46.6,0.39,110,25,163,417.95,1146.5,697.66,2,49
CP II 40,40,46.6,0.39,120,25,170,435.9,1137,673.1,2,49
CP II 40,40,46.6,0.39,130,25,178,456.41,1127.5,643.75,2,49
CP II 40,40,46.6,0.39,140,25,185,474.36,1118,619.2,2,49
CP II 40,40,46.6,0.39,70,9.5,160,410.26,1174,685.77,2,48
CP II 40,40,46.6,0.39,80,9.5,165,423.08,1167,668.44,2,48
CP II 40,40,46.6,0.39,90,9.5,170,435.9,1160,651.11,2,48
CP II 40,40,46.6,0.39,100,9.5,175,448.72,1155,631.86,2,48
CP II 40,40,46.6,0.39,110,9.5,180,461.54,1148,614.53,2,48
CP II 40,40,46.6,0.39,120,9.5,185,474.36,1141,597.2,2,48
CP II 40,40,46.6,0.39,130,9.5,190,487.18,1134,579.87,2,48
CP II 40,40,46.6,0.39,140,9.5,195,500,1129,560.62,2,48
CP II 40,40,46.6,0.39,70,12.5,148,379.49,1189,729.09,2,48
CP II 40,40,46.6,0.39,80,12.5,155,397.44,1181,703.11,2,48
CP II 40,40,46.6,0.39,90,12.5,161,412.82,1171,683.84,2,48
CP II 40,40,46.6,0.39,100,12.5,167,428.21,1164,661.7,2,48
CP II 40,40,46.6,0.39,110,12.5,173,443.59,1156,640.52,2,48
CP II 40,40,46.6,0.39,120,12.5,180,461.54,1147,615.49,2,48
CP II 40,40,46.6,0.39,130,12.5,186,476.92,1139,594.31,2,48
CP II 40,40,46.6,0.39,140,12.5,192,492.31,1132,572.17,2,48
CP II 40,40,46.6,0.39,70,19,142,364.1,1197,750.27,2,48
CP II 40,40,46.6,0.39,80,19,149,382.05,1187,726.2,2,48
CP II 40,40,46.6,0.39,90,19,156,400,1179,700.21,2,48
CP II 40,40,46.6,0.39,100,19,163,417.95,1169.67,675.5,2,48
CP II 40,40,46.6,0.39,110,19,169,433.33,1163,653.04,2,48
CP II 40,40,46.6,0.39,120,19,176,451.28,1154,628.01,2,48
CP II 40,40,46.6,0.39,130,19,183,469.23,1145,602.98,2,48
CP II 40,40,46.6,0.39,140,19,190,487.18,1136,577.95,2,48
CP II 40,40,46.6,0.39,70,25,133,341.03,1207,783.96,2,48
CP II 40,40,46.6,0.39,80,25,140,358.97,1199,757.97,2,48
CP II 40,40,46.6,0.39,90,25,148,379.49,1189,729.09,2,48
CP II 40,40,46.6,0.39,100,25,155,397.44,1180.33,703.74,2,48
CP II 40,40,46.6,0.39,110,25,163,417.95,1169,676.14,2,48
CP II 40,40,46.6,0.39,120,25,170,435.9,1160,651.11,2,48
CP II 40,40,46.6,0.39,130,25,178,456.41,1151,621.27,2,48
CP II 40,40,46.6,0.39,140,25,185,474.36,1142,596.24,2,48
CP II 40,40,46.6,0.39,70,9.5,160,410.26,1196,664.73,2,47
CP II 40,40,46.6,0.39,80,9.5,165,423.08,1190,646.44,2,47
CP II 40,40,46.6,0.39,90,9.5,170,435.9,1184,628.16,2,47
CP II 40,40,46.6,0.39,100,9.5,175,448.72,1176,611.78,2,47
CP II 40,40,46.6,0.39,110,9.5,180,461.54,1170,593.49,2,47
CP II 40,40,46.6,0.39,120,9.5,185,474.36,1164,575.2,2,47
CP II 40,40,46.6,0.39,130,9.5,190,487.18,1158,556.91,2,47
CP II 40,40,46.6,0.39,140,9.5,195,500,1151,539.58,2,47
CP II 40,40,46.6,0.39,70,12.5,148,379.49,1211,708.05,2,47
CP II 40,40,46.6,0.39,80,12.5,155,397.44,1203,682.07,2,47
CP II 40,40,46.6,0.39,90,12.5,161,412.82,1195,660.88,2,47
CP II 40,40,46.6,0.39,100,12.5,167,428.21,1187,639.7,2,47
CP II 40,40,46.6,0.39,110,12.5,173,443.59,1179,618.52,2,47
CP II 40,40,46.6,0.39,120,12.5,180,461.54,1171,592.53,2,47
CP II 40,40,46.6,0.39,130,12.5,186,476.92,1163,571.35,2,47
CP II 40,40,46.6,0.39,140,12.5,192,492.31,1155,550.17,2,47
CP II 40,40,46.6,0.39,70,19,142,364.1,1219,729.23,2,47
CP II 40,40,46.6,0.39,80,19,149,382.05,1211,703.25,2,47
CP II 40,40,46.6,0.39,90,19,156,400,1201,679.17,2,47
CP II 40,40,46.6,0.39,100,19,163,417.95,1192.33,653.82,2,47
CP II 40,40,46.6,0.39,110,19,169,433.33,1185,632,2,47
CP II 40,40,46.6,0.39,120,19,176,451.28,1176,606.97,2,47
CP II 40,40,46.6,0.39,130,19,183,469.23,1165.33,583.54,2,47
CP II 40,40,46.6,0.39,140,19,190,487.18,1156.33,558.51,2,47
CP II 40,40,46.6,0.39,70,25,133,341.03,1231,761,2,47
CP II 40,40,46.6,0.39,80,25,140,358.97,1223,735.02,2,47
CP II 40,40,46.6,0.39,90,25,148,379.49,1213,706.14,2,47
CP II 40,40,46.6,0.39,100,25,155,397.44,1202,683.02,2,47
CP II 40,40,46.6,0.39,110,25,163,417.95,1193,653.19,2,47
CP II 40,40,46.6,0.39,120,25,170,435.9,1184,628.16,2,47
CP II 40,40,46.6,0.39,130,25,178,456.41,1172,601.19,2,47
CP II 40,40,46.6,0.39,140,25,185,474.36,1164,575.2,2,47
CP II 40,40,46.6,0.39,70,9.5,160,410.26,1219,642.74,2,46
CP II 40,40,46.6,0.39,80,9.5,165,423.08,1213,624.45,2,46
CP II 40,40,46.6,0.39,90,9.5,170,435.9,1207,606.16,2,46
CP II 40,40,46.6,0.39,100,9.5,175,448.72,1199,589.78,2,46
CP II 40,40,46.6,0.39,110,9.5,180,461.54,1193,571.49,2,46
CP II 40,40,46.6,0.39,120,9.5,185,474.36,1187,553.21,2,46
CP II 40,40,46.6,0.39,130,9.5,190,487.18,1179,536.83,2,46
CP II 40,40,46.6,0.39,140,9.5,195,500,1173,518.54,2,46
CP II 40,40,46.6,0.39,70,12.5,148,379.49,1235,685.1,2,46
CP II 40,40,46.6,0.39,80,12.5,155,397.44,1227,659.11,2,46
CP II 40,40,46.6,0.39,90,12.5,161,412.82,1219,637.93,2,46
CP II 40,40,46.6,0.39,100,12.5,167,428.21,1211,616.75,2,46
CP II 40,40,46.6,0.39,110,12.5,173,443.59,1203,595.57,2,46
CP II 40,40,46.6,0.39,120,12.5,180,461.54,1193,571.49,2,46
CP II 40,40,46.6,0.39,130,12.5,186,476.92,1185,550.31,2,46
CP II 40,40,46.6,0.39,140,12.5,192,492.31,1177,529.13,2,46
CP II 40,40,46.6,0.39,70,19,142,364.1,1243,706.28,2,46
CP II 40,40,46.6,0.39,80,19,149,382.05,1235,680.29,2,46
CP II 40,40,46.6,0.39,90,19,156,400,1225,656.22,2,46
CP II 40,40,46.6,0.39,100,19,163,417.95,1216.33,630.87,2,46
CP II 40,40,46.6,0.39,110,19,169,433.33,1207.33,610.65,2,46
CP II 40,40,46.6,0.39,120,19,176,451.28,1198.33,585.62,2,46
CP II 40,40,46.6,0.39,130,19,183,469.23,1189.33,560.59,2,46
CP II 40,40,46.6,0.39,140,19,190,487.18,1180.33,535.56,2,46
CP II 40,40,46.6,0.39,70,25,133,341.03,1255,738.05,2,46
CP II 40,40,46.6,0.39,80,25,140,358.97,1247,712.07,2,46
CP II 40,40,46.6,0.39,90,25,148,379.49,1235,685.1,2,46
CP II 40,40,46.6,0.39,100,25,155,397.44,1225.67,660.39,2,46
CP II 40,40,46.6,0.39,110,25,163,417.95,1215.67,631.51,2,46
CP II 40,40,46.6,0.39,120,25,170,435.9,1205.67,607.43,2,46
CP II 40,40,46.6,0.39,130,25,178,456.41,1195.67,578.56,2,46
CP II 40,40,46.6,0.39,140,25,185,474.36,1185.67,554.48,2,46
CP II 40,40,46.6,0.39,70,9.5,160,410.26,1243,619.78,2,45
CP II 40,40,46.6,0.39,80,9.5,165,423.08,1235,603.41,2,45
CP II 40,40,46.6,0.39,90,9.5,170,435.9,1229,585.12,2,45
CP II 40,40,46.6,0.39,100,9.5,175,448.72,1221.67,568.11,2,45
CP II 40,40,46.6,0.39,110,9.5,180,461.54,1214.67,550.77,2,45
CP II 40,40,46.6,0.39,120,9.5,185,474.36,1207.67,533.44,2,45
CP II 40,40,46.6,0.39,130,9.5,190,487.18,1200.67,516.11,2,46
CP II 40,40,46.6,0.39,140,9.5,195,500,1195,497.5,2,45
CP II 40,40,46.6,0.39,70,12.5,148,379.49,1259,662.15,2,45
CP II 40,40,46.6,0.39,80,12.5,155,397.44,1249,638.07,2,45
CP II 40,40,46.6,0.39,90,12.5,161,412.82,1241,616.89,2,45
CP II 40,40,46.6,0.39,100,12.5,167,428.21,1233,595.71,2,45
CP II 40,40,46.6,0.39,110,12.5,173,443.59,1225,574.53,2,45
CP II 40,40,46.6,0.39,120,12.5,180,461.54,1216,549.5,2,45
CP II 40,40,46.6,0.39,130,12.5,186,476.92,1207,529.27,2,45
CP II 40,40,46.6,0.39,140,12.5,192,492.31,1198,509.05,2,46
CP II 40,40,46.6,0.39,70,19,142,364.1,1266,684.28,2,45
CP II 40,40,46.6,0.39,80,19,149,382.05,1257,659.25,2,45
CP II 40,40,46.6,0.39,90,19,156,400,1248,634.22,2,45
CP II 40,40,46.6,0.39,100,19,163,417.95,1239,609.19,2,45
CP II 40,40,46.6,0.39,110,19,169,433.33,1230,588.97,2,45
CP II 40,40,46.6,0.39,120,19,176,451.28,1221,563.94,2,45
CP II 40,40,46.6,0.39,130,19,183,469.23,1212,538.91,2,45
CP II 40,40,46.6,0.39,140,19,190,487.18,1201,515.79,2,46
CP II 40,40,46.6,0.39,70,25,133,341.03,1279,715.1,2,45
CP II 40,40,46.6,0.39,80,25,140,358.97,1269,691.03,2,45
CP II 40,40,46.6,0.39,90,25,148,379.49,1259,662.15,2,45
CP II 40,40,46.6,0.39,100,25,155,397.44,1249,638.07,2,45
CP II 40,40,46.6,0.39,110,25,163,417.95,1239,609.19,2,45
CP II 40,40,46.6,0.39,120,25,170,435.9,1229,585.12,2,45
CP II 40,40,46.6,0.39,130,25,178,456.41,1219,556.24,2,45
CP II 40,40,46.6,0.39,140,25,185,474.36,1209,532.17,2,45